original_column,0,1
184_Ergonomia.txt.txt,18.826084,0.0
105_Marketing_Digital.txt.txt,0.0,0.0
32_Emprendimiento.txt.txt,17.656685,0.0
185_Ingenieria_de_la_Calidad_+_Lab.txt.txt,16.917173,7.383029
24_Aprendizaje_y_Servicio_PASEC.txt.txt,8.716791,11.850628
34_Inteligencia_Artificial.txt.txt,0.0,17.063011
3_Calculo_Diferencial_+_Ej.txt.txt,14.729326,16.512505
11_Ser_y_Cosmos.txt.txt,19.889444,0.0
89_Ensenanza_Integrada_de_CITIAM.txt.txt,0.0,0.0
155_Logica_y_Teoria_de_Conjuntos.txt.txt,0.0,0.0
26_Electronica_Basica_+Lab.txt.txt,0.0,0.0
7_Ingles_Nivel_2.txt.txt,0.0,0.0
65_Alta_Cocina_Mundial.txt.txt,0.0,0.0
110_Creatividad_Empresarial.txt.txt,15.215022,12.331107
101_Analisis_de_Datos.txt.txt,0.0,0.0
63_Servicio_y_Protocolo.txt.txt,0.0,0.0
161_Algebra_Lineal_2.txt.txt,0.0,7.7798476
171_Barra_para_danza_contemporanea.txt.txt,0.0,22.744892
"183_Procesos,_Metodos_y_Estandares.txt.txt",0.0,0.0
129_Coloquios_ART.txt.txt,10.434578,9.2990885
67_Innovacion_Culinaria.txt.txt,0.0,0.0
116_Analisis_Estrategico_ADM.txt.txt,0.0,3.2171748
10_Autoconocimiento.txt.txt,18.65876,0.0
47_Conceptos_y_Tecnicas_1.txt.txt,0.0,0.0
35_Base_de_Datos.txt.txt,0.0,0.0
119_Composicion_Visual_1.txt.txt,19.406475,0.0
79_Coloquios_EDU.txt.txt,5.753673,9.251048
130_Arte_y_Contexto_Social.txt.txt,13.987035,11.265027
178_Sonido.txt.txt,14.394169,8.141949
44_Aplicaciones_Distribuidas.txt.txt,0.0,0.0
62_Pasteleria.txt.txt,0.0,0.0
151_Ecuaciones_Diferenciales.txt.txt,13.661144,12.485253
18_Calculo_Vectorial.txt.txt,17.326302,0.0
125_Nuevos_Medios.txt.txt,21.511805,0.0
100_Principios_de_Seguros.txt.txt,0.0,18.233143
36_Aprendizaje_Automatico.txt.txt,0.0,3.751383
72_Fundamentos_de_la_Educacion.txt.txt,0.0,0.0
56_Carniceria.txt.txt,0.0,0.0
28_Probabilidad_y_Estadistica_+Ej.txt.txt,13.404298,10.526524
58_Introduccion_a_la_Biologia_+Ej.txt.txt,0.0,0.0
102_Principios_de_Finanzas.txt.txt,16.028048,9.9595375
181_Inv._de_Operaciones_1_+Lab.txt.txt,14.676063,10.526712
85_Arte_y_Educacion.txt.txt,0.0,0.0
186_Sistemas_Lean.txt.txt,9.933721,10.319849
25_Cultura_Gastronomica.txt.txt,18.077028,0.0
4_Quimica_General_1_+Lab_Ej.txt.txt,0.0,0.0
138_Enfasis_3.txt.txt,19.559385,0.0
55_Administracion_de_A_&_B.txt.txt,0.0,20.511692
64_Practica_Culinaria_2.txt.txt,0.0,10.96627
42_Seguridad_Informatica.txt.txt,0.0,0.0
135_Gestion_y_Produccion_Cultural.txt.txt,15.2430315,11.866452
162_Algebra_Abstracta_1.txt.txt,11.82216,14.184377
99_Gerencia_de_Costos.txt.txt,7.0488963,5.1638174
17_Fisica_para_Ingenieria_1_+Lab_Ej.txt.txt,0.0,0.0
127_Laboratorio_de_Creacion_2.txt.txt,10.778027,14.606233
176_Lenguaje_Visual_y_Montaje.txt.txt,0.0,0.0
78_Planificacion_y_Evaluacion_2.txt.txt,0.0,24.235054
80_Ensenanza_de_Lenguaje.txt.txt,0.0,0.0
66_Reposteria_y_Chocolateria.txt.txt,0.0,0.0
30_Programacion_Avanzada_de_Apps.txt.txt,22.312574,0.0
53_Conceptos_y_Tecnicas_2_+PRA.txt.txt,0.0,21.17307
54_Practica_Culinaria_1.txt.txt,0.0,19.722176
50_Nutricion_Humana_+Lab.txt.txt,0.0,0.0
182_Control_de_Produccion.txt.txt,14.992112,14.156444
60_Coloquios_Gastr.txt.txt,19.030659,0.0
118_Fundamentos_de_las_Artes.txt.txt,12.883955,11.98014
106_Negociacion.txt.txt,13.545042,13.972716
164_Analisis_Funcional.txt.txt,0.0,0.0
153_Introduccion_a_Probabilidades.txt.txt,0.0,0.0
91_Inclusion_y_Diversidad.txt.txt,0.0,0.0
117_Herramientas_Digitales_1.txt.txt,15.635846,12.405379
150_Variable_Compleja.txt.txt,3.6466134,0.0
83_Ensenanza_de_Matematicas.txt.txt,9.133624,12.920657
165_Algebra_Abstracta_2.txt.txt,12.233308,13.68944
140_Arte_y_Educacion___Curaduria.txt.txt,0.71753126,0.0
1_Escritura_Academica.txt.txt,0.0,0.0
15_Matematicas_Discretas.txt.txt,2.393371,0.0
115_Tributacion_y_Entorno_Legal.txt.txt,14.200292,12.572136
2_Taller_de_Ing._Cs._Computacion.txt.txt,0.0,0.0
93_Practica_4.txt.txt,0.0,11.8151245
12_Ingles_Nivel_3.txt.txt,0.0,0.0
163_Geometria_Diferencial.txt.txt,0.0,0.0
22_Algebra_Lineal_1_+Ej.txt.txt,0.0,19.128145
69_Administracion_de_Eventos.txt.txt,16.978554,0.0
61_Alta_Cocina_Francesa.txt.txt,0.0,24.648115
123_Fundamentos_de_Escultura.txt.txt,15.444761,13.82173
126_Arte_Contemporaneo.txt.txt,17.63665,12.301458
86_Bilingualism.txt.txt,0.0,0.0
180_Diseño_de_Produccion.txt.txt,0.0,0.0
97_Principios_de_Marketing.txt.txt,0.0,18.075123
109_Investigacion_de_Mercados.txt.txt,0.0,0.0
21_Programacion_de_Apps.txt.txt,19.473724,0.0
137_Matematicas_Cotidianas.txt.txt,3.2210686,6.6349177
169_Improvisacion.txt.txt,16.286034,10.8562
14_Programacion_Avanzada_en_C++.txt.txt,14.852654,10.253644
154_Fundamentos_de_Geometria.txt.txt,13.581966,11.540527
13_Ingles_Nivel_4.txt.txt,0.0,19.698736
43_Mineria_de_Datos.txt.txt,0.0,18.60267
149_Teoria_de_Grupos.txt.txt,12.701369,12.600003
142_Produccion_&_Exhibicion.txt.txt,5.4201694,3.067422
152_Calculo_para_Ciencias_2.txt.txt,7.4992332,7.5159025
81_Practica_1.txt.txt,0.0,0.0
57_Alta_Cocina_Ecuatoriana.txt.txt,0.0,0.0
16_Introduccion_a_la_Economia.txt.txt,3.3569582,0.0
75_Planificacion_y_Evaluacion_1.txt.txt,0.0,23.063055
8_Programacion_en_C++_+Ej.txt.txt,10.537137,14.814408
68_Enologia_y_Cocteleria.txt.txt,0.0,0.0
143_Programacion_Para_Diseño_1.txt.txt,14.242957,12.162793
108_Economia_y_Negocios.txt.txt,17.107798,14.169452
98_Estadistica_Empresarial_+Lab.txt.txt,11.997353,13.422561
82_Metodologias_de_Ensenanza.txt.txt,5.5323896,11.776493
160_Ecuaciones_Diferenciales_Parciales.txt.txt,0.0,0.0
48_Principios_de_Administracion.txt.txt,11.998977,10.364419
90_Practica_3.txt.txt,0.0,0.0
52_Contabilidad_Empresarial.txt.txt,2.8469546,12.309741
121_Dibujo_para_Arte_y_Diseno.txt.txt,5.846453,0.041223705
76_Estadistica_para_CCSS.txt.txt,0.0,0.0
45_Proyecto_Integrador_CMP.txt.txt,2.524254,18.044989
131_Taller_de_Investigacion.txt.txt,5.5259223,5.0744486
84_Ensenanza_de_Ciencias_Sociales.txt.txt,0.0,0.0
9_Calculo_Integral_+_Ej.txt.txt,13.1619005,13.828391
23_Fisica_para_Ingenieria_2_+Lab_Ej.txt.txt,0.0,0.0
132_Enfasis_1.txt.txt,9.378429,0.0
107_Operaciones_+Lab.txt.txt,12.850889,15.698199
145_Programacion_Para_Diseño_3.txt.txt,0.0,21.410507
94_Zoologia_+Lab.txt.txt,0.0,0.0
113_Negocios_Internacionales.txt.txt,2.243869,0.0
20_Ingles_Nivel_6.txt.txt,0.0,22.35787
112_Gestion_del_Talento.txt.txt,0.0,0.0
77_Neurociencia_y_Educacion.txt.txt,0.0,0.0
166_Topologia_1.txt.txt,0.0,0.0
95_Fisiologia_+Lab.txt.txt,88.87219,0.0
134_Enfasis_2.txt.txt,19.27505,0.0
148_Calculo_para_Ciencias_1.txt.txt,12.053983,14.873755
31_Organizacion_de_Computadores.txt.txt,0.0,0.0
46_Matematica_Empresarial_+Ej.txt.txt,9.554226,13.829373
147_Modelado_3D_1.txt.txt,0.0,0.0
114_Innovacion_y_Sustentabilidad.txt.txt,6.278121,0.101477325
39_Proyectos__Gerencia_y_Analisis.txt.txt,11.70515,8.733327
27_Estructuras_de_Datos.txt.txt,7.3702364,7.55958
87_Practica_2.txt.txt,0.0,22.841906
174_Proyecto_final_en_Danza.txt.txt,18.946447,0.0
173_Performance.txt.txt,0.0,0.0
96_Evolucion.txt.txt,3.5973322,1.595679
41_Coloquios_ING.txt.txt,17.069555,3.5127175
59_Introduccion_al_Marketing_HSP.txt.txt,0.0,22.69585
111_Proyectos_Empresariales.txt.txt,11.5634775,12.508407
157_Analisis_Numerico.txt.txt,0.0,3.313771
88_Ensenanza_de_Ciencias.txt.txt,0.0,0.0
104_Finanzas_Corporativas.txt.txt,1.6041718,0.47691518
156_Inferencia_Estadistica.txt.txt,16.722336,6.8921213
29_Teoria_de_la_Computacion.txt.txt,0.0,0.0
73_Teorias_del_Aprendizaje.txt.txt,0.0,0.0
168_Analisis_Real.txt.txt,0.0,20.164175
74_Desarrollo__Niño_y_Adolescente.txt.txt,0.0,0.0
92_Proyecto_Integrador_EDU.txt.txt,0.0,19.00867
38_Sistemas_Operativos.txt.txt,0.0,0.0
40_Practica_Pre-Profesional_PASEM.txt.txt,0.0,0.0
70_Gerencia_Financiera_HSP.txt.txt,7.8867817,6.8495426
172_Composicion.txt.txt,17.927334,8.710654
136_Laboratorio_de_Creacion_3.txt.txt,8.793052,6.126999
5_Cosmos.txt.txt,0.0,0.0
122_Fotografia_1.txt.txt,21.295464,0.0
128_Taller_de_Arte_1.txt.txt,13.380602,13.569514
49_Panaderia.txt.txt,0.0,0.0
144_Programacion_Para_Diseño_2.txt.txt,1.5294912,0.0
170_Danza_Moderna_2.txt.txt,21.153488,0.0
159_Combinatoria_y_Grafos.txt.txt,20.909002,0.0
103_Coloquios_adm.txt.txt,15.427595,9.945291
71_Identidad_Culinaria.txt.txt,0.0,0.0
120_Laboratorio_de_Creacion_1.txt.txt,9.695492,15.881168
51_Introduccion_a_la_Hospitalidad.txt.txt,0.0,0.0
175_Lenguaje_del_Cine.txt.txt,0.0,18.101715
19_Ingles_Nivel_5.txt.txt,0.82954973,16.861593
177_Cinematografia.txt.txt,19.4212,5.2425327
133_Taller_de_Arte_2.txt.txt,8.869962,9.401766
6_Ingles_Nivel_1.txt.txt,0.0,9.974525
179_Storytelling.txt.txt,0.0,0.0
37_Redes_+Lab.txt.txt,0.0,0.0
146_Juegos_y_Narrativa.txt.txt,0.0,0.0
167_Topologia_2.txt.txt,15.055831,13.753079
139_Taller_de_Arte_3.txt.txt,13.798091,13.442818
33_Diseño_de_Sistemas.txt.txt,0.0,19.243639
141_Temas_en_Comunicacion_y_Arte.txt.txt,15.121678,12.187904
124_Teoria_Critica_1__Arte_&_Media.txt.txt,8.155818,0.7098424
158_Teoria_de_Numeros.txt.txt,0.0,0.0
