original_column,0,1
184_Ergonomia.txt.txt,17.204498,0.0
105_Marketing_Digital.txt.txt,0.0,0.0
32_Emprendimiento.txt.txt,8.945869,5.9208913
185_Ingenieria_de_la_Calidad_+_Lab.txt.txt,12.60963,10.076441
24_Aprendizaje_y_Servicio_PASEC.txt.txt,0.0,0.0
34_Inteligencia_Artificial.txt.txt,5.653504,6.7820454
3_Calculo_Diferencial_+_Ej.txt.txt,13.493508,11.346307
11_Ser_y_Cosmos.txt.txt,0.0,0.0
89_Ensenanza_Integrada_de_CITIAM.txt.txt,8.392182,4.792934
155_Logica_y_Teoria_de_Conjuntos.txt.txt,0.0,0.0
26_Electronica_Basica_+Lab.txt.txt,0.0,0.0
7_Ingles_Nivel_2.txt.txt,0.0,0.0
65_Alta_Cocina_Mundial.txt.txt,7.7178683,8.672954
110_Creatividad_Empresarial.txt.txt,17.660946,0.0
101_Analisis_de_Datos.txt.txt,0.0,1.025192
63_Servicio_y_Protocolo.txt.txt,0.0,0.0
161_Algebra_Lineal_2.txt.txt,1.4203284,3.737019
171_Barra_para_danza_contemporanea.txt.txt,0.0,0.0
"183_Procesos,_Metodos_y_Estandares.txt.txt",0.0,0.0
129_Coloquios_ART.txt.txt,10.439059,4.9057417
67_Innovacion_Culinaria.txt.txt,0.0,0.0
116_Analisis_Estrategico_ADM.txt.txt,1.1947117,0.0
10_Autoconocimiento.txt.txt,12.147748,10.989979
47_Conceptos_y_Tecnicas_1.txt.txt,17.561722,0.0
35_Base_de_Datos.txt.txt,0.0,0.0
119_Composicion_Visual_1.txt.txt,0.0,0.0
79_Coloquios_EDU.txt.txt,0.0,0.0
130_Arte_y_Contexto_Social.txt.txt,13.213186,13.016148
178_Sonido.txt.txt,0.0,0.0
44_Aplicaciones_Distribuidas.txt.txt,0.0,0.0
62_Pasteleria.txt.txt,0.0,0.0
151_Ecuaciones_Diferenciales.txt.txt,0.0,0.0
18_Calculo_Vectorial.txt.txt,0.0,17.905642
125_Nuevos_Medios.txt.txt,10.179393,14.525705
100_Principios_de_Seguros.txt.txt,18.085777,0.0
36_Aprendizaje_Automatico.txt.txt,0.0,1.3827871
72_Fundamentos_de_la_Educacion.txt.txt,11.502617,4.501849
56_Carniceria.txt.txt,0.0,0.0
28_Probabilidad_y_Estadistica_+Ej.txt.txt,11.122095,8.943523
58_Introduccion_a_la_Biologia_+Ej.txt.txt,0.0,4.5294337
102_Principios_de_Finanzas.txt.txt,13.270634,8.218983
181_Inv._de_Operaciones_1_+Lab.txt.txt,8.952529,13.453884
85_Arte_y_Educacion.txt.txt,0.0,0.0
186_Sistemas_Lean.txt.txt,0.0,17.1828
25_Cultura_Gastronomica.txt.txt,0.0,16.350195
4_Quimica_General_1_+Lab_Ej.txt.txt,0.0,0.0
138_Enfasis_3.txt.txt,0.0,0.0
55_Administracion_de_A_&_B.txt.txt,14.386674,0.0
64_Practica_Culinaria_2.txt.txt,5.6996126,0.0
42_Seguridad_Informatica.txt.txt,0.0,17.09588
135_Gestion_y_Produccion_Cultural.txt.txt,10.478286,12.991907
162_Algebra_Abstracta_1.txt.txt,13.275701,8.735911
99_Gerencia_de_Costos.txt.txt,5.049437,7.6162086
17_Fisica_para_Ingenieria_1_+Lab_Ej.txt.txt,0.0,0.0
127_Laboratorio_de_Creacion_2.txt.txt,13.142121,11.701085
176_Lenguaje_Visual_y_Montaje.txt.txt,18.342064,0.0
78_Planificacion_y_Evaluacion_2.txt.txt,21.440258,0.0
80_Ensenanza_de_Lenguaje.txt.txt,0.0,0.0
66_Reposteria_y_Chocolateria.txt.txt,0.0,0.0
30_Programacion_Avanzada_de_Apps.txt.txt,0.0,23.391535
53_Conceptos_y_Tecnicas_2_+PRA.txt.txt,14.276816,5.3622184
54_Practica_Culinaria_1.txt.txt,17.482838,0.0
50_Nutricion_Humana_+Lab.txt.txt,0.0,0.0
182_Control_de_Produccion.txt.txt,13.868091,12.330368
60_Coloquios_Gastr.txt.txt,15.850006,0.0
118_Fundamentos_de_las_Artes.txt.txt,12.744796,11.879288
106_Negociacion.txt.txt,12.113276,12.695408
164_Analisis_Funcional.txt.txt,0.0,0.0
153_Introduccion_a_Probabilidades.txt.txt,0.0,0.0
91_Inclusion_y_Diversidad.txt.txt,0.0,0.0
117_Herramientas_Digitales_1.txt.txt,9.50571,15.486597
150_Variable_Compleja.txt.txt,0.0,8.408725
83_Ensenanza_de_Matematicas.txt.txt,14.626327,0.0
165_Algebra_Abstracta_2.txt.txt,11.626427,10.6478615
140_Arte_y_Educacion___Curaduria.txt.txt,0.0,0.3031621
1_Escritura_Academica.txt.txt,0.0,0.0
15_Matematicas_Discretas.txt.txt,0.0,0.24125308
115_Tributacion_y_Entorno_Legal.txt.txt,13.669552,8.415295
2_Taller_de_Ing._Cs._Computacion.txt.txt,0.0,13.671709
93_Practica_4.txt.txt,19.74279,0.0
12_Ingles_Nivel_3.txt.txt,19.05775,0.0
163_Geometria_Diferencial.txt.txt,0.0,0.0
22_Algebra_Lineal_1_+Ej.txt.txt,10.519804,10.063778
69_Administracion_de_Eventos.txt.txt,6.4276266,6.7365947
61_Alta_Cocina_Francesa.txt.txt,0.0,0.0
123_Fundamentos_de_Escultura.txt.txt,13.543031,13.311559
126_Arte_Contemporaneo.txt.txt,12.634153,12.067288
86_Bilingualism.txt.txt,0.0,0.0
180_Diseño_de_Produccion.txt.txt,0.0,0.0
97_Principios_de_Marketing.txt.txt,11.633087,11.282727
109_Investigacion_de_Mercados.txt.txt,11.838499,11.798908
21_Programacion_de_Apps.txt.txt,0.0,25.157135
137_Matematicas_Cotidianas.txt.txt,5.322839,4.811275
169_Improvisacion.txt.txt,0.0,18.309631
14_Programacion_Avanzada_en_C++.txt.txt,11.238255,9.084219
154_Fundamentos_de_Geometria.txt.txt,0.0,15.145534
13_Ingles_Nivel_4.txt.txt,20.42891,0.0
43_Mineria_de_Datos.txt.txt,0.0,14.228082
149_Teoria_de_Grupos.txt.txt,12.695304,10.050377
142_Produccion_&_Exhibicion.txt.txt,4.6177807,0.14771688
152_Calculo_para_Ciencias_2.txt.txt,5.3570704,7.5965633
81_Practica_1.txt.txt,0.0,0.0
57_Alta_Cocina_Ecuatoriana.txt.txt,0.0,0.0
16_Introduccion_a_la_Economia.txt.txt,1.8986077,1.6125374
75_Planificacion_y_Evaluacion_1.txt.txt,22.495834,0.0
8_Programacion_en_C++_+Ej.txt.txt,15.607446,10.171464
68_Enologia_y_Cocteleria.txt.txt,0.0,0.0
143_Programacion_Para_Diseño_1.txt.txt,12.2705145,12.325029
108_Economia_y_Negocios.txt.txt,13.31594,12.397991
98_Estadistica_Empresarial_+Lab.txt.txt,10.942801,12.449819
82_Metodologias_de_Ensenanza.txt.txt,16.928246,0.0
160_Ecuaciones_Diferenciales_Parciales.txt.txt,0.0,0.0
48_Principios_de_Administracion.txt.txt,8.365159,10.4674425
90_Practica_3.txt.txt,0.86864376,0.0
52_Contabilidad_Empresarial.txt.txt,20.180443,0.0
121_Dibujo_para_Arte_y_Diseno.txt.txt,2.4084136,4.5176983
76_Estadistica_para_CCSS.txt.txt,1.2660177,0.0
45_Proyecto_Integrador_CMP.txt.txt,17.598373,0.0
131_Taller_de_Investigacion.txt.txt,7.3719482,7.6508126
84_Ensenanza_de_Ciencias_Sociales.txt.txt,0.0,0.0
9_Calculo_Integral_+_Ej.txt.txt,9.739444,13.0599165
23_Fisica_para_Ingenieria_2_+Lab_Ej.txt.txt,0.0,0.0
132_Enfasis_1.txt.txt,0.0,0.0
107_Operaciones_+Lab.txt.txt,12.797297,12.783473
145_Programacion_Para_Diseño_3.txt.txt,0.0,22.873486
94_Zoologia_+Lab.txt.txt,0.0,55.08993
113_Negocios_Internacionales.txt.txt,0.0,0.0
20_Ingles_Nivel_6.txt.txt,23.6433,0.0
112_Gestion_del_Talento.txt.txt,0.0,0.0
77_Neurociencia_y_Educacion.txt.txt,0.0,0.0
166_Topologia_1.txt.txt,0.0,0.0
95_Fisiologia_+Lab.txt.txt,0.0,0.0
134_Enfasis_2.txt.txt,0.0,0.0
148_Calculo_para_Ciencias_1.txt.txt,11.602211,12.2141485
31_Organizacion_de_Computadores.txt.txt,0.0,0.0
46_Matematica_Empresarial_+Ej.txt.txt,11.459081,11.30223
147_Modelado_3D_1.txt.txt,0.0,0.0
114_Innovacion_y_Sustentabilidad.txt.txt,0.0,0.21209371
39_Proyectos__Gerencia_y_Analisis.txt.txt,0.0,16.716932
27_Estructuras_de_Datos.txt.txt,0.0,0.0
87_Practica_2.txt.txt,18.965912,0.0
174_Proyecto_final_en_Danza.txt.txt,10.746582,8.657905
173_Performance.txt.txt,20.641716,0.0
96_Evolucion.txt.txt,0.0,52.79553
41_Coloquios_ING.txt.txt,13.138348,6.210211
59_Introduccion_al_Marketing_HSP.txt.txt,18.477554,0.0
111_Proyectos_Empresariales.txt.txt,10.48152,12.769294
157_Analisis_Numerico.txt.txt,0.0,0.0
88_Ensenanza_de_Ciencias.txt.txt,0.0,0.0
104_Finanzas_Corporativas.txt.txt,1.4147923,0.0
156_Inferencia_Estadistica.txt.txt,17.69041,0.0
29_Teoria_de_la_Computacion.txt.txt,0.0,0.0
73_Teorias_del_Aprendizaje.txt.txt,0.0,0.0
168_Analisis_Real.txt.txt,0.0,17.418741
74_Desarrollo__Niño_y_Adolescente.txt.txt,8.935544,0.0
92_Proyecto_Integrador_EDU.txt.txt,17.132042,0.0
38_Sistemas_Operativos.txt.txt,0.0,0.0
40_Practica_Pre-Profesional_PASEM.txt.txt,0.0,0.0
70_Gerencia_Financiera_HSP.txt.txt,0.0,13.875405
172_Composicion.txt.txt,0.0,17.815907
136_Laboratorio_de_Creacion_3.txt.txt,8.297225,5.3132257
5_Cosmos.txt.txt,0.0,0.0
122_Fotografia_1.txt.txt,0.0,21.030474
128_Taller_de_Arte_1.txt.txt,13.028116,13.3805685
49_Panaderia.txt.txt,0.0,0.0
144_Programacion_Para_Diseño_2.txt.txt,0.0,0.0
170_Danza_Moderna_2.txt.txt,11.641884,10.615605
159_Combinatoria_y_Grafos.txt.txt,0.0,0.0
103_Coloquios_adm.txt.txt,12.119355,10.298158
71_Identidad_Culinaria.txt.txt,0.0,0.0
120_Laboratorio_de_Creacion_1.txt.txt,12.066765,11.579941
51_Introduccion_a_la_Hospitalidad.txt.txt,0.0,0.0
175_Lenguaje_del_Cine.txt.txt,17.90001,0.0
19_Ingles_Nivel_5.txt.txt,18.218262,0.0
177_Cinematografia.txt.txt,0.0,18.141415
133_Taller_de_Arte_2.txt.txt,9.148364,8.415481
6_Ingles_Nivel_1.txt.txt,6.359233,0.0
179_Storytelling.txt.txt,0.0,0.0
37_Redes_+Lab.txt.txt,0.0,21.793177
146_Juegos_y_Narrativa.txt.txt,0.0,0.0
167_Topologia_2.txt.txt,0.0,0.0
139_Taller_de_Arte_3.txt.txt,13.662204,10.734888
33_Diseño_de_Sistemas.txt.txt,0.0,17.889458
141_Temas_en_Comunicacion_y_Arte.txt.txt,12.510916,11.386799
124_Teoria_Critica_1__Arte_&_Media.txt.txt,5.7894573,4.9301643
158_Teoria_de_Numeros.txt.txt,0.0,0.0
