original_column,0,1,2
184_Ergonomia.txt.txt,0.0,0.0,0.0
105_Marketing_Digital.txt.txt,0.0,0.0,0.0
32_Emprendimiento.txt.txt,15.756068,8.009429,0.0
185_Ingenieria_de_la_Calidad_+_Lab.txt.txt,17.13475,11.267666,0.0
24_Aprendizaje_y_Servicio_PASEC.txt.txt,9.930757,17.05512,0.0
34_Inteligencia_Artificial.txt.txt,20.396046,0.0,0.0
3_Calculo_Diferencial_+_Ej.txt.txt,0.84117496,14.198484,14.839211
11_Ser_y_Cosmos.txt.txt,21.513561,0.0,0.0
89_Ensenanza_Integrada_de_CITIAM.txt.txt,0.0,0.0,25.426826
155_Logica_y_Teoria_de_Conjuntos.txt.txt,0.0,0.0,0.0
26_Electronica_Basica_+Lab.txt.txt,0.0,8.174946,8.214782
7_Ingles_Nivel_2.txt.txt,0.0,14.820204,14.626158
65_Alta_Cocina_Mundial.txt.txt,11.993368,6.4663877,0.8923089
110_Creatividad_Empresarial.txt.txt,0.0,21.845009,0.0
101_Analisis_de_Datos.txt.txt,0.23753095,0.0,0.0
63_Servicio_y_Protocolo.txt.txt,6.8713675,0.0,0.0
161_Algebra_Lineal_2.txt.txt,0.0,0.0,0.0
171_Barra_para_danza_contemporanea.txt.txt,29.552032,0.0,0.0
"183_Procesos,_Metodos_y_Estandares.txt.txt",0.0,0.0,0.0
129_Coloquios_ART.txt.txt,5.6800804,16.947367,7.976524
67_Innovacion_Culinaria.txt.txt,0.0,0.0,0.0
116_Analisis_Estrategico_ADM.txt.txt,5.0699244,0.0,0.0
10_Autoconocimiento.txt.txt,0.0,23.88493,0.0
47_Conceptos_y_Tecnicas_1.txt.txt,18.160162,0.0,8.343166
35_Base_de_Datos.txt.txt,0.0,0.0,0.0
119_Composicion_Visual_1.txt.txt,14.376868,8.000105,12.068295
79_Coloquios_EDU.txt.txt,0.0,33.418175,0.0
130_Arte_y_Contexto_Social.txt.txt,13.610347,9.485928,12.571922
178_Sonido.txt.txt,0.0,11.797577,14.315419
44_Aplicaciones_Distribuidas.txt.txt,0.0,0.0,0.0
62_Pasteleria.txt.txt,0.0,0.0,0.0
151_Ecuaciones_Diferenciales.txt.txt,19.561348,0.0,0.0
18_Calculo_Vectorial.txt.txt,0.0,14.847885,15.386758
125_Nuevos_Medios.txt.txt,0.0,11.162336,19.242992
100_Principios_de_Seguros.txt.txt,0.0,0.0,21.20213
36_Aprendizaje_Automatico.txt.txt,0.0,0.0,0.0
72_Fundamentos_de_la_Educacion.txt.txt,0.0,0.0,0.0
56_Carniceria.txt.txt,0.0,0.0,0.0
28_Probabilidad_y_Estadistica_+Ej.txt.txt,11.85858,0.0,20.276117
58_Introduccion_a_la_Biologia_+Ej.txt.txt,0.0,9.590987,20.771118
102_Principios_de_Finanzas.txt.txt,8.524741,13.045608,8.442234
181_Inv._de_Operaciones_1_+Lab.txt.txt,13.499073,7.642969,11.327325
85_Arte_y_Educacion.txt.txt,0.0,0.0,0.0
186_Sistemas_Lean.txt.txt,11.33351,7.8731904,5.9840302
25_Cultura_Gastronomica.txt.txt,0.0,0.0,22.17346
4_Quimica_General_1_+Lab_Ej.txt.txt,0.0,0.0,0.0
138_Enfasis_3.txt.txt,14.360801,3.756994,15.782907
55_Administracion_de_A_&_B.txt.txt,22.687113,0.0,0.0
64_Practica_Culinaria_2.txt.txt,4.1894617,0.0,0.0
42_Seguridad_Informatica.txt.txt,10.612796,0.0,22.497042
135_Gestion_y_Produccion_Cultural.txt.txt,14.588423,9.0376625,9.717094
162_Algebra_Abstracta_1.txt.txt,9.437219,6.8465676,14.791615
99_Gerencia_de_Costos.txt.txt,11.056548,4.264083,0.35126686
17_Fisica_para_Ingenieria_1_+Lab_Ej.txt.txt,11.14334,12.902687,12.504396
127_Laboratorio_de_Creacion_2.txt.txt,9.962002,14.285712,10.949412
176_Lenguaje_Visual_y_Montaje.txt.txt,0.0,24.606983,0.0
78_Planificacion_y_Evaluacion_2.txt.txt,0.0,0.0,0.0
80_Ensenanza_de_Lenguaje.txt.txt,0.0,0.0,0.0
66_Reposteria_y_Chocolateria.txt.txt,0.0,0.0,0.0
30_Programacion_Avanzada_de_Apps.txt.txt,10.577994,14.989816,0.0
53_Conceptos_y_Tecnicas_2_+PRA.txt.txt,8.79926,8.956518,9.185126
54_Practica_Culinaria_1.txt.txt,20.773546,0.0,0.0
50_Nutricion_Humana_+Lab.txt.txt,0.0,0.0,0.0
182_Control_de_Produccion.txt.txt,15.343663,10.19934,5.704845
60_Coloquios_Gastr.txt.txt,0.0,26.825644,0.0
118_Fundamentos_de_las_Artes.txt.txt,11.272361,10.934239,11.959633
106_Negociacion.txt.txt,18.118605,10.597159,0.0
164_Analisis_Funcional.txt.txt,0.0,0.0,0.0
153_Introduccion_a_Probabilidades.txt.txt,0.0,0.0,0.0
91_Inclusion_y_Diversidad.txt.txt,0.0,0.0,0.0
117_Herramientas_Digitales_1.txt.txt,8.704269,12.890072,15.748824
150_Variable_Compleja.txt.txt,0.20063746,4.9583116,6.5806704
83_Ensenanza_de_Matematicas.txt.txt,5.619322,12.665657,8.634008
165_Algebra_Abstracta_2.txt.txt,0.0,10.282248,18.380808
140_Arte_y_Educacion___Curaduria.txt.txt,1.4165295,0.0,0.0
1_Escritura_Academica.txt.txt,0.0,0.0,0.0
15_Matematicas_Discretas.txt.txt,0.34071532,0.0,1.4640105
115_Tributacion_y_Entorno_Legal.txt.txt,0.0,0.0,25.454361
2_Taller_de_Ing._Cs._Computacion.txt.txt,0.0,19.734686,3.5873518
93_Practica_4.txt.txt,0.0,17.77351,9.393431
12_Ingles_Nivel_3.txt.txt,0.0,0.0,0.0
163_Geometria_Diferencial.txt.txt,0.0,0.0,0.0
22_Algebra_Lineal_1_+Ej.txt.txt,0.0,0.0,0.0
69_Administracion_de_Eventos.txt.txt,30.143078,0.0,0.0
61_Alta_Cocina_Francesa.txt.txt,31.111004,0.0,0.0
123_Fundamentos_de_Escultura.txt.txt,13.695506,11.373324,12.562419
126_Arte_Contemporaneo.txt.txt,13.531563,8.664026,14.549444
86_Bilingualism.txt.txt,0.0,0.0,0.0
180_Diseño_de_Produccion.txt.txt,0.0,0.0,0.0
97_Principios_de_Marketing.txt.txt,22.833141,0.0,0.0
109_Investigacion_de_Mercados.txt.txt,24.640484,0.0,0.0
21_Programacion_de_Apps.txt.txt,9.902077,11.998433,0.0
137_Matematicas_Cotidianas.txt.txt,5.093314,3.0600586,3.8550167
169_Improvisacion.txt.txt,10.877917,11.809147,13.553117
14_Programacion_Avanzada_en_C++.txt.txt,10.460477,11.726713,12.858662
154_Fundamentos_de_Geometria.txt.txt,0.0,0.0,0.0
13_Ingles_Nivel_4.txt.txt,0.0,24.91671,8.379681
43_Mineria_de_Datos.txt.txt,0.0,0.0,0.0
149_Teoria_de_Grupos.txt.txt,0.0,0.0,22.050522
142_Produccion_&_Exhibicion.txt.txt,2.9014127,3.791041,4.3866754
152_Calculo_para_Ciencias_2.txt.txt,3.7598748,4.9422398,9.130582
81_Practica_1.txt.txt,0.0,0.0,0.0
57_Alta_Cocina_Ecuatoriana.txt.txt,0.0,0.0,0.0
16_Introduccion_a_la_Economia.txt.txt,1.9015787,0.40357655,0.0
75_Planificacion_y_Evaluacion_1.txt.txt,14.219134,0.0,0.0
8_Programacion_en_C++_+Ej.txt.txt,8.266238,13.792646,13.239796
68_Enologia_y_Cocteleria.txt.txt,0.0,0.0,0.0
143_Programacion_Para_Diseño_1.txt.txt,12.981305,8.21205,13.46864
108_Economia_y_Negocios.txt.txt,0.0,18.740799,0.0
98_Estadistica_Empresarial_+Lab.txt.txt,18.38575,8.324416,3.5143747
82_Metodologias_de_Ensenanza.txt.txt,0.0,9.916133,11.224996
160_Ecuaciones_Diferenciales_Parciales.txt.txt,0.0,0.0,0.0
48_Principios_de_Administracion.txt.txt,23.517857,0.0,0.0
90_Practica_3.txt.txt,0.0,0.34993178,0.0
52_Contabilidad_Empresarial.txt.txt,0.0,0.0,0.0
121_Dibujo_para_Arte_y_Diseno.txt.txt,3.222729,1.666157,5.2928596
76_Estadistica_para_CCSS.txt.txt,2.8851166,0.0,2.93397
45_Proyecto_Integrador_CMP.txt.txt,3.5483441,11.248785,6.3032556
131_Taller_de_Investigacion.txt.txt,8.117997,6.3562765,2.2776053
84_Ensenanza_de_Ciencias_Sociales.txt.txt,0.0,0.0,0.0
9_Calculo_Integral_+_Ej.txt.txt,9.846162,11.884342,12.593616
23_Fisica_para_Ingenieria_2_+Lab_Ej.txt.txt,0.0,0.0,0.0
132_Enfasis_1.txt.txt,7.433242,1.2372168,9.650069
107_Operaciones_+Lab.txt.txt,14.751345,13.292239,7.348774
145_Programacion_Para_Diseño_3.txt.txt,0.0,0.0,24.455324
94_Zoologia_+Lab.txt.txt,50.22212,0.0,0.0
113_Negocios_Internacionales.txt.txt,1.1513743,0.31733483,0.0
20_Ingles_Nivel_6.txt.txt,8.426529,20.820694,0.0
112_Gestion_del_Talento.txt.txt,0.0,0.0,0.0
77_Neurociencia_y_Educacion.txt.txt,0.0,0.0,0.0
166_Topologia_1.txt.txt,0.0,0.0,0.0
95_Fisiologia_+Lab.txt.txt,0.0,0.0,89.3314
134_Enfasis_2.txt.txt,13.9614935,4.1589656,15.238217
148_Calculo_para_Ciencias_1.txt.txt,7.168062,11.726682,16.234137
31_Organizacion_de_Computadores.txt.txt,12.115781,5.821576,0.0
46_Matematica_Empresarial_+Ej.txt.txt,15.347702,10.701422,0.0
147_Modelado_3D_1.txt.txt,0.0,0.0,0.0
114_Innovacion_y_Sustentabilidad.txt.txt,2.5017793,3.4963782,1.7289724
39_Proyectos__Gerencia_y_Analisis.txt.txt,0.0,0.0,0.0
27_Estructuras_de_Datos.txt.txt,0.0,0.0,23.20098
87_Practica_2.txt.txt,0.0,26.807241,0.0
174_Proyecto_final_en_Danza.txt.txt,0.0,18.163843,9.339402
173_Performance.txt.txt,0.0,34.061466,0.0
96_Evolucion.txt.txt,0.0,7.198285,0.0
41_Coloquios_ING.txt.txt,0.0,26.674278,0.0
59_Introduccion_al_Marketing_HSP.txt.txt,23.084026,0.0,0.0
111_Proyectos_Empresariales.txt.txt,12.255661,13.130631,10.649231
157_Analisis_Numerico.txt.txt,4.6043034,0.0,0.6035333
88_Ensenanza_de_Ciencias.txt.txt,0.0,11.929609,12.438086
104_Finanzas_Corporativas.txt.txt,0.0,0.0,0.0
156_Inferencia_Estadistica.txt.txt,12.423644,0.0,22.512005
29_Teoria_de_la_Computacion.txt.txt,0.0,0.0,0.0
73_Teorias_del_Aprendizaje.txt.txt,0.0,0.0,0.0
168_Analisis_Real.txt.txt,22.336315,0.0,0.0
74_Desarrollo__Niño_y_Adolescente.txt.txt,0.0,29.081224,0.0
92_Proyecto_Integrador_EDU.txt.txt,0.0,22.5821,7.2203445
38_Sistemas_Operativos.txt.txt,0.0,0.0,0.0
40_Practica_Pre-Profesional_PASEM.txt.txt,0.0,0.0,0.0
70_Gerencia_Financiera_HSP.txt.txt,0.0,0.0,0.0
172_Composicion.txt.txt,13.207658,7.182983,13.803445
136_Laboratorio_de_Creacion_3.txt.txt,4.840523,8.174851,5.534148
5_Cosmos.txt.txt,0.0,0.0,0.0
122_Fotografia_1.txt.txt,0.0,0.0,20.609451
128_Taller_de_Arte_1.txt.txt,13.576473,7.827917,14.430375
49_Panaderia.txt.txt,0.0,0.0,0.0
144_Programacion_Para_Diseño_2.txt.txt,0.0,0.0,0.0
170_Danza_Moderna_2.txt.txt,9.141012,10.825241,13.152119
159_Combinatoria_y_Grafos.txt.txt,12.336505,9.863742,14.861487
103_Coloquios_adm.txt.txt,7.565893,15.40612,8.413711
71_Identidad_Culinaria.txt.txt,0.0,0.0,0.0
120_Laboratorio_de_Creacion_1.txt.txt,12.302906,13.124873,11.560555
51_Introduccion_a_la_Hospitalidad.txt.txt,0.0,0.0,0.0
175_Lenguaje_del_Cine.txt.txt,0.0,22.69627,0.0
19_Ingles_Nivel_5.txt.txt,8.443155,28.81672,0.0
177_Cinematografia.txt.txt,10.536522,0.0,20.972445
133_Taller_de_Arte_2.txt.txt,5.9768248,10.767688,6.6944766
6_Ingles_Nivel_1.txt.txt,0.0,11.197692,3.1855614
179_Storytelling.txt.txt,0.0,0.0,0.0
37_Redes_+Lab.txt.txt,11.601672,0.0,7.682854
146_Juegos_y_Narrativa.txt.txt,0.0,0.0,0.0
167_Topologia_2.txt.txt,0.0,14.002071,16.834414
139_Taller_de_Arte_3.txt.txt,9.798701,13.344101,11.366515
33_Diseño_de_Sistemas.txt.txt,0.0,10.304062,13.438696
141_Temas_en_Comunicacion_y_Arte.txt.txt,12.191051,12.788302,12.831006
124_Teoria_Critica_1__Arte_&_Media.txt.txt,4.7095766,5.1171894,5.661372
158_Teoria_de_Numeros.txt.txt,0.0,0.0,0.0
