original_column,0,1,2,3,4,5,6,7,8,9,10,11,12,13,14,15,16,17,18,19
184_Ergonomia.txt.txt,-7.869571919576186,-13.40070564752654,-6.245656125458136,-4.44916169852652,-3.6318232442334626,-3.1942464130428148,8.681107160559998,4.831145769985806,2.294408500425768,4.216443019642382,-2.01495055170992,-0.4210056733103271,-1.0499844729523164,-2.961156768114735,-4.76329592736115,2.5070568266022146,-1.0907925679388202,-7.338759845023658,4.41581826443956,-0.9896928324089813
105_Marketing_Digital.txt.txt,8.359763473307284,-7.176077890741956,-1.5027539081267685,10.897201273532714,12.681288520560711,8.293175756883699,-11.251022718954523,6.6157373817667295,-6.620687888984695,0.439762742956116,8.980127237447565,0.41009794341434436,0.10048516420161702,-7.045084443725292,4.397177391176536,2.7162487350028277,3.5205224324950963,-5.848576895419813,2.523597425184875,-5.889362837752872
32_Emprendimiento.txt.txt,-3.1512609792510853,-5.841463668632651,-9.191040048913948,4.086515587123288,11.585304077055014,2.1431447060312525,-4.419976902841755,4.950544476529238,-12.248994578842565,12.354383179828817,-7.847416800807283,-8.568577384254107,-6.777382483547659,11.384415227473072,-10.063571845426136,3.328852648041555,-1.9330329286265096,-13.592711061465097,1.1350313548262854,-13.183550833671662
185_Ingenieria_de_la_Calidad_+_Lab.txt.txt,0.014344034689703083,0.35647820302248223,0.13330409362467843,0.19630842432505233,1.3653040141961486,0.8626826761306488,-0.1709781477148708,-0.047296775614211264,0.4190135205238313,-0.010689235485924715,-0.2214103801995563,-0.5554909801324466,-0.273184197882571,0.20362436352813787,0.9092552619005381,-0.24394754655652903,0.3088155405684103,-0.05733624360287468,-1.1022288511954554,-0.339189022317736
24_Aprendizaje_y_Servicio_PASEC.txt.txt,-9.197227210566863,8.177537947359987,8.550823907701483,2.607526228008088,-6.119929746313218,0.30402293836976635,-2.9242039147321077,-3.2543069989572913,-0.7648252554310705,-3.1044287570654756,4.416326912713736,1.2220373248037746,-3.7376504087428732,3.856997820825007,2.39630277051815,4.290304462087415,-2.585569221259997,0.04916325213015617,-1.1113450351722043,-2.700783033064883
34_Inteligencia_Artificial.txt.txt,10.392437687670894,-4.294161714184959,-10.75840857229028,1.0376057962528253,-5.292645563636387,-4.760547768154899,-5.370263886794442,-12.856370029897034,-3.2620056931993693,-12.737207160144056,-10.822714670837334,-11.58372825042787,-11.166147552775179,-3.4992697990930064,-21.992444285964513,-7.826365959365375,15.595562526580792,10.27043135176029,-12.819273046467108,0.8937606242363205
3_Calculo_Diferencial_+_Ej.txt.txt,44.087702619609864,-10.486181792655476,-2.2554860351765518,-14.860364665872419,-10.735885253993223,2.7139824381373594,-7.254985743860948,-4.127785651656555,-1.1509876765265572,3.6290443929228813,-3.9330989840271275,3.0923751312618806,29.174865815119478,30.154777439848516,13.288985343086772,6.21552977315939,-1.2496966512428989,4.482010484861581,8.640520250993658,-2.1456010584838987
11_Ser_y_Cosmos.txt.txt,-7.316363426994645,4.726707724287528,-1.3818180098000459,-5.544490310687022,-6.169771786144877,1.2860678945983068,3.888099997617218,-7.9307853127477115,-6.190403815092504,-3.6668644212003354,5.609573623644888,4.8928597518859895,-5.37473863445611,-0.45604846095231244,3.644435449906453,7.669367803943337,-2.006528561799017,-0.5078960169927051,-1.1830093524909149,-3.906880000226882
89_Ensenanza_Integrada_de_CITIAM.txt.txt,2.69070852715482,10.388474979477243,-12.411080682105506,-1.687192369321686,7.412626319162862,-14.610288170383079,-7.991840769919779,-4.418543700345391,-10.046387515787574,2.119014163911422,1.3796450004564245,-1.9536492302908748,1.5814692993504191,-23.637593736298037,11.214250840201634,6.155183487777434,-3.5082862338003302,-15.317261357802643,10.920258090631373,-11.40483299955781
155_Logica_y_Teoria_de_Conjuntos.txt.txt,16.432846047561906,-1.3312649336626305,1.2518864440731978,3.3743608631742963,-5.393176377038091,-11.084307287043474,0.1372796649640113,-2.9043807267002704,4.540723609418395,-2.585232877193976,-3.9954348683391787,-3.1570916206802884,6.776324391041291,5.067425861102314,-5.5806912939734525,-4.1359246695354965,-6.111925865875016,-2.916144371272457,2.2944651569734846,3.8515822366841173
26_Electronica_Basica_+Lab.txt.txt,-3.628873804590436,-7.5449940258779,-2.4856840502293323,-15.92829996445892,-4.412280668305521,-7.335825729071979,-0.2246386629359404,-4.517102688647834,9.503565457275753,-3.2221769255414756,2.38042379609008,-5.8326675947358995,-12.650094220059898,1.1767304807297427,-13.288939077019084,2.989917250725368,-3.6197096190783657,-11.593504881331684,6.437173075343045,-2.483522439043082
7_Ingles_Nivel_2.txt.txt,-2.002277148670507,1.3454116412702082,-8.494615530106119,3.6541079512608716,-6.919070695711735,1.5508112714004776,5.99029036252439,-0.350020951373107,-6.0678816675273,-5.794462877046773,-5.209910731061597,-0.15594615358602565,-0.6401497759711502,-6.871751486533423,3.4742041073446,-0.9264097637407146,-0.766227685896576,-0.79743711733312,-2.021345801623887,-4.3847494799405755
65_Alta_Cocina_Mundial.txt.txt,-6.598148210846849,-10.30989336587243,-4.902821288964075,-3.0365026454070794,-2.5798490952348723,-2.718557444429641,7.00921961503897,3.6321455084613654,2.709651579938034,3.7311458252305174,-2.194985717333461,-0.4050649435287168,-1.0036113587746314,-2.6903081550387413,-2.8498980811289476,1.5807339348680374,0.28632787330968507,-4.946361502048555,2.054552329213703,-0.5262649076179315
110_Creatividad_Empresarial.txt.txt,-7.847415200062589,8.600975171475131,-11.517116011508147,-4.428504465905153,3.7998081750493258,-0.8028373559284595,-3.789840838097703,-3.6490829457905596,-2.154564547737766,5.353918382421137,5.4232486912040585,-4.877718103521276,1.8541562402179361,0.34343248312446134,-4.8135651322918225,4.812328520813637,-5.442708586184564,-3.336680791065304,0.0823545675064398,-6.614703293134612
101_Analisis_de_Datos.txt.txt,4.64698900455249,-2.6308365387873085,-5.7130970151457765,-11.30031994407852,-3.025301151358696,-4.4659763653248294,-1.5550743152750388,0.7128351963767284,-16.29571963044054,4.47446096622957,-3.0089256990211832,-1.349833919579706,0.2432153895791381,6.2999679605833725,-3.758041478717366,0.9789056023369382,2.9245950063222863,-2.6188061604354065,-0.8890414255281444,-7.6906540545920175
63_Servicio_y_Protocolo.txt.txt,2.8633627231602112,-7.186580837612039,5.436237373245837,9.915735116367623,15.371286196206983,-6.5424670016479824,5.118660666114532,0.23976266480585676,-6.720633805035765,-1.583081323348026,7.1476508230471865,7.799034471791387,-4.848139938757423,3.5194929509572095,-0.12832485946730712,-6.152613485811745,-3.7795928671590104,4.276430475760512,-2.225630434881229,-10.469604414005714
161_Algebra_Lineal_2.txt.txt,14.056876702956137,3.945745687037141,4.387019287411003,7.38445607768188,-5.18033770291968,-3.6114703852134906,-3.0743468679751405,8.457107956042785,2.0757693036692886,8.670980912495077,3.6084951468702626,5.044945782310659,-5.8292235797623,-8.373610576377331,-8.167554211973327,-6.9214339219597285,2.8185332061720505,-5.376100958585349,-17.057152768013776,4.679957504886381
171_Barra_para_danza_contemporanea.txt.txt,-0.057423519810678725,-2.109926055859585,-2.111327609106754,-6.5420080546263595,10.71514835304788,1.8280516833146112,6.359125177544596,-3.448506624784715,4.645952173486948,-8.990689603511596,-9.044195159009776,-12.631303741972554,3.8627694461822055,-9.448289338703688,-10.792911061920353,3.538644730998486,-2.477484257755375,1.0319245182759516,4.190841021489811,3.729702062164396
"183_Procesos,_Metodos_y_Estandares.txt.txt",-4.01604554552636,-3.8553249479494576,-13.33852339469914,1.5603833533204636,-5.929030868301862,1.773761112956604,4.627212985740423,6.772307211671009,3.752008822861764,-1.1119292087349317,-0.6896323609163065,2.4348176550924805,-0.19059572143041556,4.476398247222299,-2.17527732446025,0.3639289273803432,-2.7841523200456892,-2.2161069028760965,-1.9021691114729355,0.0007181261385980243
129_Coloquios_ART.txt.txt,-0.18199780630387966,1.3261732237851152,0.35319446821696276,0.4010819742437183,1.0393991673691143,0.5861013198768436,-0.9151930782368377,-0.5027132418736298,-0.32536341655935336,0.30464956023012196,-0.6573778769462685,-1.0034841608460745,-0.6163244940244632,-0.04080276577838383,1.4658892747940202,0.8081716403679854,1.552034268783101,0.001999106617366153,-0.3283357374016103,0.6472000615996405
67_Innovacion_Culinaria.txt.txt,-10.82427858415568,9.754775710318977,-21.676801779748704,0.08657378090659365,1.8643323349406744,-2.508950780285484,-21.56024935286097,-2.1534638848879784,3.728444132875759,18.309468078800087,8.441200054158397,-13.48192518589278,1.8881519238516526,4.7843186791468755,-3.7898638786632333,-3.186871800217285,-7.851019297509773,-1.2298220127901864,-3.3173997956833814,3.6710583349981016
116_Analisis_Estrategico_ADM.txt.txt,-1.4906880972418757,-8.58078338346733,0.11498573774131952,2.6307085364807774,7.9199132394946625,0.6267237413805071,3.7221996765060585,0.6068517640030584,-10.767522706794777,-2.2909409640167917,3.849079435457129,0.6822753778907195,2.388945533333058,-2.5299642807288407,-2.6444938307638055,1.6484651413104345,2.080260849344412,-2.7254316904162006,1.0312357419970863,-7.600506982622748
10_Autoconocimiento.txt.txt,-1.3685385584901837,9.801589831986307,-0.826005170874308,0.0568635517664792,-7.787675070335113,-5.261729328046244,1.2408759378027503,0.17919573521663174,-2.876155284359344,1.8423278727153776,6.492606227055622,3.3827410198829044,-4.242255588020318,-1.2803215211987433,1.3217086755443719,-4.669347831485711,-5.517505130446824,6.828196540619183,-1.7339765460573109,-2.5326557739938993
47_Conceptos_y_Tecnicas_1.txt.txt,3.026133233118674,-10.92196842389451,-9.593132645261115,-6.642674567453982,0.8308790858502205,-1.9850004229683935,0.38751498461063966,11.283858384928289,5.947876137056116,0.3843022587616542,-5.011705241075573,12.885346093769504,0.2676652170458701,5.1755027196273495,6.187024164016899,-3.6084840650206056,-0.5454227186023428,2.846702144437843,-3.6332718595073197,1.7814176695939932
35_Base_de_Datos.txt.txt,1.3065996826489477,-9.041907382378845,-1.029753751734827,-4.4500729929810365,-3.622160402836275,-0.5636862921005609,5.827433373299968,-2.811796677376656,-4.697281255977992,-1.2993941138582512,-1.9427688681866593,1.070231415756882,12.360520809706374,1.3845430313984746,3.1994640161820653,2.6623799308201987,0.8252515304501509,1.9640200426075034,3.8270750260431923,-1.6556152467194356
119_Composicion_Visual_1.txt.txt,-6.026885080021213,-13.774612057634915,-8.806019674810013,14.95170879486914,-27.701869446167454,-32.60960044295337,-13.881205405125005,-8.158335698912687,4.255622131416921,-11.838722867079623,25.273208598511502,12.028872731255571,13.134378722885598,-6.571413373885946,0.5068420829899917,-2.3152169309896324,2.4086661239199487,-5.31260981275245,-2.372432481230289,-5.766180302421215
79_Coloquios_EDU.txt.txt,-4.6224902375648425,12.711308024631823,-7.433776711864409,5.251810622100683,1.1058590235508687,0.7558844770583554,-12.542721679162254,-9.13428893098044,-7.30923495990008,-2.7009126064722615,-3.0554310019493096,2.218836344766384,-4.943074908124258,-1.0984940088926065,6.53814297134704,2.9292097312328473,12.9141228968052,-1.9482779760993036,6.5965490229691595,9.354222319474085
130_Arte_y_Contexto_Social.txt.txt,-0.13406396667868237,0.9791438972775183,0.3171805368523055,0.3781863923779107,1.1786513875968738,1.1691334251175463,-0.04726761472459304,-0.32881371403809095,0.11262798376218411,0.20577285342813775,-0.11523534583055375,-0.7819833599744621,-0.06233318412101298,-0.004062253464356773,0.7287601475083701,0.7191016045433798,0.041731216265872895,-0.04570553304243116,-0.7603975688568835,0.7359456412606526
178_Sonido.txt.txt,-0.5117985213123456,-4.705797660960892,1.350069161052453,-14.276706159783902,-4.008908657712669,-3.276331900604052,2.251060928401272,-6.135253695180004,-9.507012664334171,2.174509576020937,7.389053287489926,1.4114038678970853,9.162710239694812,-1.6875494729867198,4.6736685230353165,0.8617726573876671,0.18895688331247865,5.096692618969269,4.3012733798984595,2.279376698700748
44_Aplicaciones_Distribuidas.txt.txt,0.476372071983709,6.784123904917466,10.665597430184851,1.1092820884392234,-8.203315847131922,7.078104533787229,-6.413388451961394,-4.624335400897293,11.4298002852702,-6.911911595824164,8.352850526251977,-3.0426212951016205,-5.250397532339385,-0.8315082271586915,-7.761172482716135,1.1624513337862925,-4.311445585084069,-5.87995228746309,-0.8771502955444865,-1.3643990669308534
62_Pasteleria.txt.txt,-6.21644417987507,4.526508197661121,0.04784137922399371,15.400049214990268,-9.889107034453867,2.1071107889305267,-1.09854115397728,7.9154293997739575,4.412702899549581,-8.12833192180465,-1.0345099648198481,2.3847825426810156,0.8709485626697986,8.211598220186339,0.06638128167426877,-3.3281596894531624,-5.610434249637117,7.22274356252812,-3.845159712072538,-0.21425389060820046
151_Ecuaciones_Diferenciales.txt.txt,11.36957383610337,7.69399842691421,-8.999094874141779,-4.105956258385343,-8.755186975424952,1.9909906833681907,-4.719435652604237,-4.095526704404907,-7.473415682399929,4.782314644026987,-3.0374297360551306,3.925540361527091,0.8310444295112901,10.097517007764418,3.806326325227184,4.782695637924412,7.388633894327698,4.397276623316599,-2.376562719841721,-0.28880003562418166
18_Calculo_Vectorial.txt.txt,37.97934468519325,0.21027453281434522,14.283354316809904,4.612706294141032,-5.536442861386482,38.22665295361757,-9.100420459629898,11.114679951208972,12.02591900173869,10.272479634333978,15.235583465779193,1.8352796315747786,-0.36043833366010347,-19.78086427199738,-5.40914930344675,2.9893412987863557,6.467884863691509,-8.137109313341885,-2.4109058980847977,-4.102826787994406
125_Nuevos_Medios.txt.txt,-4.620639713635641,8.669240592550137,-1.8020267379930626,-1.5649080750843551,-3.2886199993396574,-5.50393432360743,2.088189409919779,-4.84250841252352,-7.3727525876607825,5.9085323002531895,7.396937278517929,0.09608481620947261,-3.4739103750790026,-3.7232144100648883,3.4876318375256425,1.4794586229851634,-6.160444332510778,-3.294854517469283,5.127733276979197,-13.836393524105848
100_Principios_de_Seguros.txt.txt,-5.283703145004678,-4.110663141188097,8.04510275471683,5.121682011155084,-5.43698022845818,-0.9130758851605076,-3.5483410017247814,-3.71010895397853,6.044230301874639,-11.771867706156959,-3.3764080170770394,-8.626923532358603,1.2150003401333245,1.7887199974671648,-6.194037852193184,-0.9669695543024145,-0.4940592738826901,-7.245213406856605,-0.42505427211605146,-1.4965391981094647
36_Aprendizaje_Automatico.txt.txt,3.5175397176751524,3.4620009801705143,-10.031657451709595,-7.9875939452021445,-6.147313420907053,-1.1046356404996132,-1.6337157194862622,-13.167291561435038,-6.278990561133863,-11.353990791515198,-2.967232306759207,-8.611362549704069,-13.294653942761908,-0.2909836394066429,-20.594818440953635,-6.398177037701253,5.666732734071501,7.18741205747073,-9.969632564062385,-2.8622149102395675
72_Fundamentos_de_la_Educacion.txt.txt,-5.992907740600267,2.9651943932863736,2.6760269504848893,14.729983442998837,-1.3845219439426963,3.738993134327177,-0.40548987322209185,-10.323296532444761,2.1885960359331946,0.44804001403851856,-0.625551082120112,8.242994207888088,1.6628741939728269,4.293392653993391,-0.30106077887087457,-6.8784370206016545,1.7901069231146265,-2.7176594270236896,5.763208428141609,11.594112415992903
56_Carniceria.txt.txt,-9.857958860007075,2.5877226394871777,-8.119511468827993,-0.5740665979061917,-11.457359602871286,0.8133842065970176,-8.6496702784785,2.872227165012495,0.4770771563036856,-4.017610727294288,-4.317787579035078,-3.0844162893468896,-7.799552555192089,4.624823602179858,3.4203410280730235,2.3847443067318843,-0.3919255172889314,-14.2683893052979,-2.619426739894975,-5.3946801410590535
28_Probabilidad_y_Estadistica_+Ej.txt.txt,14.069456220682566,-11.236057236810108,-1.7874367017791528,-0.4559804356703654,3.7081862069646006,0.7934131135660233,0.6546434215392207,-11.05283023983334,6.50516325865845,-13.275248832402205,-9.629114937650408,-11.801783285153324,-7.436813642323142,-1.8918787836873743,31.407622910944298,-10.730931476746257,-15.819021544921679,-10.318697744013722,-9.234356286159885,3.987534511421377
58_Introduccion_a_la_Biologia_+Ej.txt.txt,8.876818760767256,-16.478733986234197,-4.4761252021896265,2.202102351966863,5.089916517719685,-12.344594816096844,5.943941171648453,-17.52139957573742,22.989936632269483,13.551750097629988,-2.669020909725975,-0.3897897935147423,-1.8410981924047343,4.14223384215781,7.276294281722606,20.661766252530253,13.137918652046627,2.593561676168097,-10.884518795559552,1.4260101863091936
102_Principios_de_Finanzas.txt.txt,0.27382445520264315,0.3689333119867243,0.0667137679397251,-0.17184992961856896,1.1813155658184593,0.8013324828030158,-0.24711024440447255,-0.0008795651574506955,0.3478933632708275,-0.024273237534785472,-0.2534677632209192,-0.6065638776666169,0.16623657984838902,0.1311626420472998,0.6720829640446946,0.20528586165548146,0.5443837176171973,0.40619948088376545,-1.0752553421720912,0.461641141327182
181_Inv._de_Operaciones_1_+Lab.txt.txt,-0.8031835682456119,0.28344478122091105,-0.3192098702060763,-0.5450169481274633,1.5266490121005216,-0.7379618317809364,0.2246736860138769,-1.702093070986475,0.9699891917655649,-3.1770031037590747,1.0250148833092156,1.803762369690098,-1.0847110014402659,0.670734456888195,0.03420069815114353,1.1836575691061249,1.2734540540144599,-1.0660336676578102,-2.0264596226634324,-2.0649657512137467
85_Arte_y_Educacion.txt.txt,-5.891523554029093,12.709917866059161,-17.850301049081487,4.5431448591381765,5.646940404418693,-1.8981619585659328,-11.761286824302601,-0.44207332132946414,5.32631965288109,2.9737110287178816,1.9870602580451657,8.130446996108775,-1.6435252611213085,-2.1713577545808898,0.3373067571403552,4.760815321078474,-1.2388026621636643,-10.214760927237146,12.267505402377628,17.281286552882506
186_Sistemas_Lean.txt.txt,-4.296418995681137,-15.836573159033165,-4.948115117870175,-1.2917453687265752,-1.1344297104279657,3.206870616462329,-3.705116323156524,8.161247925826345,8.795905396534566,-2.113555076502347,3.730871726922167,1.6491503123130669,5.840102514370397,12.813886755817697,7.3512963195537795,2.230071101303693,-1.6458856889089277,-1.4435278261191296,0.7089491829682881,-0.2441239319879335
25_Cultura_Gastronomica.txt.txt,-8.763343925213327,3.014361446081218,4.777125446150489,-3.2052327203050255,-2.862115456860916,2.9888962015768654,5.882293220539473,-5.511718053289867,-13.318960076991273,-4.594068420460603,3.120834725275232,0.6058860779108326,-5.2756674337808755,5.873623224224148,-0.48883222827541745,21.933195280173695,-12.155177894736427,2.922056349309757,-8.615253058362534,17.69836943210239
4_Quimica_General_1_+Lab_Ej.txt.txt,7.701614679032914,-7.357556711574187,5.167680548037623,5.196991001685705,6.504920742488912,-6.6653740561789805,2.9919311340539907,-10.103477863565761,12.309319314573353,-10.990789542780904,0.5577883389153462,-6.2039583161949015,-9.082728578055457,-2.0610349516244977,8.765907510811351,-9.811491597657248,-10.412498720535817,-0.06852576647801766,-1.2667298786236822,1.6967360990501026
138_Enfasis_3.txt.txt,-0.5338036542020177,1.384743871865977,0.3266672902192634,-0.003974903820545818,0.5065054771666103,0.29869897210999,-0.43309500336593,-0.7225567532951253,-0.3601843143154472,0.8824646860843467,-1.6087234993879291,-1.4543893235931211,0.33272812011133274,-1.0366493003186872,0.7700152213413949,-0.02859703643727645,0.5171477846690371,-1.1540360174552708,-0.7159348613363604,-0.27805778518542834
55_Administracion_de_A_&_B.txt.txt,0.3219024896339019,-8.187116800211095,-1.3328382442794808,3.1511555227490726,11.116789977357547,-3.6745698848321147,2.9246178866525616,5.272184902089656,-12.688419546377373,-4.560094014885514,-0.5332079483271389,12.309852657816817,-1.2195433442572072,2.3904087189848693,-4.930347670309489,-7.078503427834533,-2.4654791954632276,1.005180303467081,-9.33398622211746,-9.137643637605667
64_Practica_Culinaria_2.txt.txt,-7.764503756791574,-0.8987406168439658,10.18248262331914,-11.42691054352165,0.9799402334145441,-5.639268386801334,0.8785449023710424,2.2073589362207824,2.225384550545452,2.783851167701022,-8.491441108549548,19.688532023990973,-2.44966488495106,-5.4279976767657985,-1.2553314072541863,-13.700929871283607,3.333691798348655,-1.8391964592836436,-8.708806235237626,-4.298299869938631
42_Seguridad_Informatica.txt.txt,-2.547240131637511,-12.535977371937149,7.082151502902359,2.030848519181626,-0.8022696599584288,13.940055446914252,-7.927545431482315,-3.426501658330858,-2.355496704920115,-3.263799910199843,8.98122430672232,2.497153093877361,9.352607468893163,-9.875749788634586,-3.533998462721499,-0.6157755128177715,14.693309036975387,-16.94440452084165,4.629545872046736,8.258759063970002
135_Gestion_y_Produccion_Cultural.txt.txt,0.007361751526614221,0.37770124858834786,0.28864597206096293,0.16801792044989633,1.637081805180697,1.1549730675311511,0.06785612833200151,-0.12587534145545629,0.12361672169865,0.20513092368731822,0.19756996237296892,-0.2697017822374237,0.30235832351362324,-0.10675690494635519,0.573116321575718,-0.06794482337588453,0.6489357247172413,0.12754429133083448,-0.5601555383213678,0.8602428416460293
162_Algebra_Abstracta_1.txt.txt,11.89073200084834,34.26555564085181,45.53271927193904,27.919762784841005,-3.316649940030621,-23.108219790212043,10.049458991588914,16.05662259940038,13.97039114099538,4.320990560588385,1.2066890209026135,1.5583897734523264,-3.813069014320461,4.720116759407315,-4.592658532929859,-5.241597373581353,-8.31433991574874,2.6694296516153004,4.754419132160983,0.16951440177839405
99_Gerencia_de_Costos.txt.txt,0.06546485255410125,0.2517091826716601,0.023982081071837538,-0.2660119067419927,1.549217313634551,0.7904081609817014,-0.08951229984876133,0.0174900123505118,0.23854094553891184,0.4799705905085746,-0.34099924295428335,-0.5619428447476094,-0.361615836704425,0.1535463887243957,0.35306868232211847,-0.20988648711145255,0.5456375803293518,-0.394048616179918,-0.8549605043402141,0.10300422277093237
17_Fisica_para_Ingenieria_1_+Lab_Ej.txt.txt,10.726816784054144,-0.1074031345530695,-9.243369389856987,5.260412772231719,-5.3438850529938815,8.52306639546096,-0.04697915985779077,-4.15354192135877,-0.9684012216064511,3.059989328786553,0.007348232035670068,3.7227367445688238,6.812280653119663,1.3595964088342285,1.3043941933746108,-0.06790217986121384,1.5277831036625926,0.5675081970329078,-0.6492312955735673,-2.529183186837968
127_Laboratorio_de_Creacion_2.txt.txt,-0.2458121172864413,0.6661576200845954,0.4508381995536525,-0.13399360303994445,1.4266299245886709,0.8560976381143105,-0.6518157632655333,0.0023898283072103497,0.7984227198573389,0.47089377164915047,-0.42886231376444256,-0.7684602184050716,-0.4991280651238494,0.07594518667768736,0.6852460394147373,0.00506498813449792,0.642768005462982,0.6357847473930432,-0.445396916802838,-0.25132063555522904
176_Lenguaje_Visual_y_Montaje.txt.txt,-2.614103754826265,-2.7683103002653677,6.392820303784457,2.6609577579395562,-1.9648069804052177,-5.058217189452931,8.22088554673778,1.6097494210832581,-0.6328026011462894,-1.2334881394370423,-0.48563131504190593,-0.01169003029784461,2.3704792024991588,-5.246172190111277,-2.686509371992267,-1.730856455898715,-1.608936250955593,1.8048316126186392,2.388590415774117,-1.311917381103418
78_Planificacion_y_Evaluacion_2.txt.txt,1.3518662174236,-2.8626932827334195,-17.086301010455525,-2.904522969972634,14.669431816078827,0.54402658278341,0.07675617778800392,24.80147462163407,1.7239831458275783,-7.16824262433826,-4.952635485435948,-4.206993733459891,-7.473961274510597,-6.557978840893101,1.6075473056030125,11.534713738097631,10.60791134548125,20.875756104443948,-8.029538291643417,5.514580784451654
80_Ensenanza_de_Lenguaje.txt.txt,3.054398037444785,7.993581050946704,-8.572382338218425,11.390110381578044,6.882231442099418,-6.3684922549576,-0.4516740968590243,0.4294140903314884,5.172313693452598,0.19968698468311735,7.3521892005649825,1.6678406176254261,0.5305404031400714,-3.8734534349326384,6.601549379329558,-5.961009462887734,-6.833607985189329,12.394203037556537,-1.6184272164870248,-0.40590640459639066
66_Reposteria_y_Chocolateria.txt.txt,-10.342965477862453,-1.8029720783075964,0.5386455216913969,12.096033746779614,-4.047256069808094,2.9474872578897124,0.022749444414825005,9.30271581076642,14.309262885434364,-5.159497067187178,5.4840881901974,3.319487367685899,-5.844328733040448,11.530460211928794,3.913181505531095,-1.8165533784626529,-7.164234459041823,7.353101444581004,-1.6520936655576992,-1.7114364979667427
30_Programacion_Avanzada_de_Apps.txt.txt,9.886516646814625,-4.059894844431374,4.402712961450764,-16.54695923836351,2.856017419739688,11.593134299303987,0.2495408680975381,-4.547916034763361,6.243511918181593,-5.926858960487076,7.4747855283934665,-0.45636719020050276,-7.1012919935143515,0.6049347371855394,2.0531665973423863,6.614790697796056,-1.705601069279896,5.298598690433341,4.532373591183518,-5.519702855041407
53_Conceptos_y_Tecnicas_2_+PRA.txt.txt,-7.467076243200975,-2.3064367412903892,-2.2492357932661444,0.8811436843620216,5.669636993963968,0.6454419624312607,0.813907985220441,-2.624955140054929,-1.8411838574036918,1.1665332596731373,-0.30455580194092596,2.7909208907499625,1.4166050844087268,0.9659442632019086,-1.7718357217462368,-1.078600133034564,8.413081683586846,6.844464173344214,3.591896717501246,-5.473948011563666
54_Practica_Culinaria_1.txt.txt,-11.762167398566227,-6.225826614147179,3.3738857503918736,-21.86009292640711,14.620983446478435,2.893334234967649,-6.401054600662306,5.723428765599184,9.44812634864887,3.1424735585654835,-21.878121700554242,35.46036916629321,-3.888840166992584,-1.7028562619660197,1.2356453390041828,-16.172007285985494,-0.6719024740967691,2.5650646833092083,-10.883216616160691,0.8049147517962199
50_Nutricion_Humana_+Lab.txt.txt,2.498457695630043,1.2891162150798525,9.694293224869613,-8.210564671125553,-5.633398682040957,-8.93699385046244,3.10131396831674,-0.7465675903638992,-3.0752015215808304,1.9081142405751756,3.1268598111058767,4.3617153421218156,6.029660012579764,4.968201938098802,3.363159144918034,2.7968486710731044,-2.836637808536703,1.198833934655435,7.7543846874824816,-3.9386820377429053
182_Control_de_Produccion.txt.txt,-0.03634716877005303,0.2890139594681366,-0.07000967953918996,-0.21130434986632707,1.3796016368138624,0.9229018081077204,-0.39241137516244573,0.3497452822455967,0.7192609127118259,0.07244858307786445,-0.04129841290983533,-0.19549433740851527,-0.11291155867556156,0.17645194218322993,0.304807953493932,-0.3403091088463177,0.2752923919110781,-0.16862427558876442,-0.9189588855495837,0.07663912996718525
60_Coloquios_Gastr.txt.txt,-8.3162215063085,1.1304852488289339,19.111371061330093,4.936002133216893,5.389183874360057,-3.341427911959348,-2.367922957958453,-0.369780766283641,-17.64377812388638,-4.509394670013477,4.74567549403138,-2.650774699419005,-7.081976213862021,10.70603214818226,-0.6712692743776558,20.415752323680923,-10.079972859622075,-2.0803007673302205,-10.55465498603513,10.213966930912212
118_Fundamentos_de_las_Artes.txt.txt,0.43999226394799235,0.4457369485910282,-0.17876885410730878,-0.13874328171071879,1.2091287711602128,0.5956009813294258,-0.23219549303382342,0.33963410155140794,1.1222971610737933,0.7530697091103243,-0.12487744581038328,-0.31025247744535833,-0.15722621194633069,0.20782944991604607,0.9120028845968238,0.22765292837626633,0.7732812698506324,0.1417042610853125,-0.8660254192298908,0.33582506030218184
106_Negociacion.txt.txt,-4.767539980006589,-8.924720046875256,-4.700049124976977,-5.047524237442993,3.2310705054679296,3.1702510141462343,9.161308983651354,6.612066506326181,-1.7533858329130314,7.366688505888901,-9.185394200602131,-4.899923597754934,-6.095596106967824,2.6612533069438284,-6.380125622948496,3.6625136485083702,0.15408076977812685,-6.783331165312141,2.442903705195041,-3.092992253859276
164_Analisis_Funcional.txt.txt,19.453189298671084,6.776680565586739,9.931474923168716,-7.1504587239375095,-5.96482314784419,3.706622400485952,-2.176505486099058,13.78569662902017,-0.7248932095337915,9.6028125070656,0.5422956482495604,2.771930072509759,-4.447962103763,-2.400747376036281,-3.2681643743450493,-0.04530649736116546,-1.6046313709766022,-8.238498717286626,-10.938401103419288,6.939898044218283
153_Introduccion_a_Probabilidades.txt.txt,18.02110202841465,-8.10732160549198,-1.779551386642273,-6.151893093590554,2.228942165190684,16.62753470889694,1.7566939358611735,10.369945536763598,0.7850408384651468,-2.27029406041569,-5.912947663726413,-5.671711466169476,-0.023192963313395272,-4.0625853656562265,19.662854462381468,0.7239472888774982,-4.393903992457718,0.5495029362172527,-3.1309989947545662,5.764562368235872
91_Inclusion_y_Diversidad.txt.txt,-9.264240034426287,1.5896283922297019,8.386740880771313,7.549190027131109,5.368314735925704,-6.122749784038368,-3.5821913040005775,5.504374971691071,3.707251254355371,-6.537438318799283,0.3129985787949399,-6.648585377823564,17.2579328495777,-10.087316375434316,-4.072467389134794,2.4789552516199755,-1.4791820620207166,-0.016724747495336395,3.390489048910051,1.3170473777001408
117_Herramientas_Digitales_1.txt.txt,-0.07012707231514105,0.3292949986960871,-0.18983204074184717,-0.4705946007822751,1.0294606552462688,0.8931466152196725,0.04568072707638633,0.2610155280641536,0.6112277046428012,0.8490404428304881,0.39282346940087354,-0.7838813990047381,-0.5345972220274493,-0.34814242639239484,0.6482329518927495,0.18200952308750462,0.14371336272020882,0.16273974429320376,-0.6141945003234875,-0.11569281491956225
150_Variable_Compleja.txt.txt,21.152030115596272,3.664174217102839,9.687825721902916,-9.963380173559115,-3.181932456792678,16.037413939498503,-3.5582549315711436,12.577608136993616,-0.45932964659897885,8.496198912782658,-3.9583737670414894,-9.354582470184067,0.7008657743313806,-4.458391363778173,2.307624992198493,5.549433429199209,-1.13772340292738,-1.6870628060839388,6.4504098379349735,4.030036697328295
83_Ensenanza_de_Matematicas.txt.txt,-5.077815210657927,36.67359896416479,-21.09739777957331,-0.09206407230641268,37.83647924691013,-13.49052795864373,-10.039382649109754,8.492813402716504,11.059822610168903,-6.611405494875561,2.9006542891373783,-9.22899911702657,21.108811345991366,-15.045272035645128,-3.614238159464141,9.731545069898067,-2.249556709100329,1.164770083926335,3.587815705835531,2.203263187687626
165_Algebra_Abstracta_2.txt.txt,2.368596659051584,14.293586315346122,2.748737319325047,9.359471410379095,-9.86178818510489,-4.692780392619098,-12.268351430102316,2.320875916849617,-1.7958994139267241,4.05303149142283,2.073691858409394,5.7785704566283185,-9.686158209310683,2.547207098920403,-5.037902076415057,-5.118067271060166,7.8785968952827385,4.250149356577467,-17.04120029500532,1.1335094478694505
140_Arte_y_Educacion___Curaduria.txt.txt,-5.673990842493324,-0.07715600862700565,-7.930502067987214,4.962198917150343,4.481304106531486,8.969375904189507,4.891750113788188,-12.721204862219567,-3.9841853260256785,-3.3412757636106756,0.07279114427644884,27.35486343291009,-2.8123905783993797,-1.1926205779657286,-2.614602693897278,-10.119194876299902,10.231630341527913,-10.881771771811618,13.02203987161893,33.00705681218537
1_Escritura_Academica.txt.txt,-9.528438566753097,-10.888472771854001,8.772275926146357,8.226184613718736,-0.06996815088617801,-5.2393422001199585,-3.160367892806639,16.054667681196868,14.993803021555031,-2.288969485039704,3.4728070576612504,-2.0764846540933144,-10.566590243710033,6.101307534397164,10.497800796586489,-1.3165092579542679,7.876441492651072,7.346486773038464,15.821677367112224,-1.2065454992499571
15_Matematicas_Discretas.txt.txt,14.552168562142104,3.558739755777785,6.272227397435134,-6.7986051401510865,-10.193814047774964,-8.831984860837544,-3.0644813580220314,5.464256207263867,-0.5159915333945266,1.717051076096507,6.908310392497818,5.831290931295353,5.642496344361989,1.3051942462007773,-0.5796112834859342,-0.797853559737634,-2.403860765660034,-0.6246788822231133,-0.028936842749731094,-1.3794791059377538
115_Tributacion_y_Entorno_Legal.txt.txt,-11.046775406132255,-3.1785969317326295,-0.5695542894364464,6.49421234467414,-6.460117127435701,7.485820531556196,-0.9111400097311068,-5.917695428631788,0.7569026496601595,-9.440642419398676,-1.0729284796874645,-2.5339278512482295,5.590845056780173,2.6245217675700956,-1.26338935293854,0.7915287747615228,0.2817296721739355,-1.413881726717038,-2.5154124493380565,-2.392854364591786
2_Taller_de_Ing._Cs._Computacion.txt.txt,5.157988241203784,8.063873373148255,-4.0425761497356225,-12.109775929036655,11.658877926368653,16.173492549066093,0.7103767434325058,-3.9174776373265927,14.966555382234183,-12.3270968233733,11.691299351026721,-3.6654755121514033,-10.188219111287944,-10.342417087277743,-3.7553054912470953,9.247201390165408,-5.363967094154188,6.835619196165009,0.652752348661121,-1.6627231799666953
93_Practica_4.txt.txt,-4.1875339392102795,3.9271921636730216,6.594556416423285,-15.349086054136349,9.499451702479675,-0.8369510285409452,-19.455954398118585,-9.016925512130854,9.715962593206822,-8.36409074262523,-14.9688302749062,0.277447251679589,20.441611808736077,-0.5451083779741529,-5.515977726728211,3.575061605147073,-5.356543237140799,6.162313122396266,0.9818282250061858,-4.56927787717205
12_Ingles_Nivel_3.txt.txt,0.6228641921073923,-1.6781664353878658,8.221274523977844,5.841770358466113,-6.026952900784382,-7.159741967812464,-4.989172125152925,2.6370139980107483,2.140547060738802,-12.595882955646557,-7.176842713546888,-9.618856879703094,-4.032811543438598,-2.395637107094054,-8.383655460086043,-5.116348646330061,8.126483115586959,3.2055928231473816,10.64720429648156,-0.030038314255171096
163_Geometria_Diferencial.txt.txt,8.783574828430153,-1.998736350891652,8.159990389299413,7.217118821888799,-8.849976603405874,5.180045739996336,-6.874538591730137,10.100449523763055,0.8015645487531272,0.45411996341167193,-1.2351471954546573,-1.9004804602984728,13.847782784534585,0.05015669212379229,0.6400024202676797,0.12227788627728839,3.7028650474684452,-3.3802485413454044,0.2262122075372476,-0.10481384423660853
22_Algebra_Lineal_1_+Ej.txt.txt,24.551859110951334,0.5355760731552388,5.352568107172337,-1.7710042557375962,0.06587961299169164,-2.8455743373728395,-8.617794930446552,2.2396106677926935,7.59754535550841,0.12463299193041977,9.007001316530983,3.2286352199972015,-7.16118108008838,2.3380891879774435,-3.724823998370346,-5.067693796980233,-0.6468471456697156,-5.81318176691305,-10.399089290032913,2.732604623341588
69_Administracion_de_Eventos.txt.txt,1.994595279452704,-7.340354306257348,4.641389652680859,6.567431677497032,15.63993783516434,15.955918683931845,-3.0565273096327017,-9.31415931132119,-9.183011358572836,4.233722360540665,2.9855130691462035,5.973715059714116,0.7897123108070758,0.9838628166458607,-5.605033526318219,-4.571095097797709,10.700241775378373,-13.124154090212109,7.452611418595253,14.334545130409857
61_Alta_Cocina_Francesa.txt.txt,-11.805245207124374,-10.416635428354963,6.343019366984835,-5.319145496814927,0.8704870131540219,1.7271349827433609,-4.355857366842478,0.8625256863689529,-0.27799669317987574,-2.1315777195919043,-13.222642559013948,17.06253570340235,4.9803225717774335,-6.785711603919567,-0.060080545367572964,-13.926770166130325,5.377865617004431,-1.001482957929498,-10.960153669513831,-2.4219990618179263
123_Fundamentos_de_Escultura.txt.txt,-22.95298322157441,-20.78606205548952,-27.668539223916056,-6.65363784244994,-4.392617978519652,-6.149340900830468,-1.7408538804708729,23.81775240959112,27.61108198211153,22.090738393799242,-1.9971880601734566,-3.0680556130327865,-16.351398100316146,17.20612857892218,-6.143776769713286,4.223226232577409,-3.9688542051725517,-13.805742303271229,4.744745392840389,0.8418353148746642
126_Arte_Contemporaneo.txt.txt,-0.5048623012256451,0.488113322139368,0.10150996626203632,0.06695067149281797,1.418532763899674,0.5781716138561416,-0.21038824143964283,-0.13415624517587346,0.4257360684519254,0.9465868953993442,0.3178352508464619,-1.2863469571960697,-0.1883575094321497,0.13193244197462836,0.7046290294064339,0.06174930971913621,0.50292918234077,0.22215307871824191,-0.6626650818862059,0.5588819495286038
86_Bilingualism.txt.txt,-1.12837937320427,9.555296994513405,-4.258676273558939,19.134720933690392,10.980759505415419,-3.4432387464517387,-7.010767933673288,0.7877302978431184,-4.2408681293373025,-2.3620969236738536,0.5828865149233217,-1.3770156563745055,7.722859327737867,5.362067468914416,-5.71155834251093,-0.595099214950293,-2.9107690345545776,0.5844651710983304,-0.07483798658357105,-4.804815226360109
180_Diseño_de_Produccion.txt.txt,-3.0531006254855653,-11.037215030528321,-0.7925453148860284,-5.872075861688313,0.9203330360412173,-4.001644933018582,6.6157219178578375,0.3249171067831667,-1.4781652203436209,-5.119717889687703,11.030505862548209,0.5374877270672045,-2.874331530739012,-11.341232649267226,3.137339558451683,-3.7015214570109207,-2.512831035232645,9.330164355087867,0.31486212412610404,6.113011534261037
97_Principios_de_Marketing.txt.txt,1.3125818304026338,-41.01281219979444,-12.735599650296429,45.63082015017097,4.262179282387758,12.288538120650392,23.468079258645623,7.254858866903868,5.323542995575504,-7.663783506605112,-16.147404864997956,-8.46371878954968,17.743917298987032,-5.016792356705576,-4.256251253632003,-5.745305835282933,-0.13124050102716017,5.059981675968347,-0.8677011858727935,3.753567068867149
109_Investigacion_de_Mercados.txt.txt,-1.382969398733089,-10.423238259208734,-11.01618580314542,-0.72252198475454,4.909525155180136,-3.0948027758873207,3.8641027112466726,10.742340184834179,-13.069857116529638,7.386773234813425,-6.8690603062367614,-3.811214627707849,-5.323973079729825,8.712065901844923,-11.955755221821533,3.57610216997527,1.063205301995005,-12.497821321184608,0.20703120276415615,-11.856692429515567
21_Programacion_de_Apps.txt.txt,-3.9575220458025697,2.7882081438934763,-2.5156475331513426,-10.236917716989415,-4.570992506729081,5.17315425642858,4.483295156080142,-8.028759742103247,-0.7657908774122311,-4.191378425343975,8.149033808554895,5.320842191274153,-5.798394252261172,-0.6325824453494294,2.0466981743905843,6.369688660055663,-2.1529000923592156,4.416142012918212,2.1870916088887884,-7.190385377018286
137_Matematicas_Cotidianas.txt.txt,33.9683332284543,3.5210000445975016,-21.84881611817508,-20.49819580492562,2.860060547532552,-16.127269015096406,46.61398498656392,-2.2202604588674975,-4.877474308018027,3.640926683277532,2.6501784868448577,10.672764010187366,-7.994087878338658,-13.163709912162028,-4.545599774199317,-0.11053875655670321,-6.392649690466781,4.743793544512119,4.207149976733347,-2.8415908880738234
169_Improvisacion.txt.txt,-11.0492971879853,-13.469220306670502,-1.9005130095876879,-0.1442115641890036,0.8225482863200021,0.9175676607650222,-8.261497544274738,3.72596072943734,4.497911735891053,9.285199073553144,11.007904601604414,-10.11794171881397,-2.0989418537234146,0.5069093586979394,7.029392899373314,-10.821274107638137,-3.7159589116112643,9.554674108502818,-3.092774983222542,4.19226809484386
14_Programacion_Avanzada_en_C++.txt.txt,0.08409350552912406,0.9925201851893273,-0.04786461299763736,-0.29399575633641983,1.129163461798067,0.8628687272422582,-0.11902591527787748,-0.5026736518273838,0.525641702347913,0.18249893893783556,-0.13927848587889774,-0.8810322671573552,0.02961323724169827,-0.042924393833166444,0.9316182695890561,0.15638501182703007,0.8011990347908466,0.45843735874937175,-0.777055464163941,-0.27504882973900985
154_Fundamentos_de_Geometria.txt.txt,1.5006398477633325,16.75919875894489,-2.7542577041952674,0.30349915393400545,-4.052212137552866,-9.460252707261896,0.7194930081398921,7.770562445583165,0.09238209054276635,-3.3592689858645906,4.419213244567046,4.629504515558684,0.04130092953458083,-6.237060009848164,-4.130386007684786,2.0770174995656516,-6.489138411095783,0.2965787703772794,-6.747377615232298,2.778378059441707
13_Ingles_Nivel_4.txt.txt,-7.62330569621061,-3.3279191057660333,10.742421279054186,6.886257886767027,-3.998188013315571,-4.386193171088542,-3.862157624127214,7.065532024730526,1.8709107065891533,-4.440348727008028,-5.120920377870876,-6.162137575887989,-9.021985498059363,0.9888908602439065,9.790709738374204,-2.304754474337975,20.572404599728557,12.713186636261016,24.01460932496425,-4.766102884958688
43_Mineria_de_Datos.txt.txt,0.6085737372491272,-2.19508056715946,-1.3247927641701507,-9.85775785481716,10.066434865396106,1.0899327009644453,-1.2206363399258155,-10.215448903352936,-18.785877907859884,10.915529875745005,0.15342504939981252,-10.141797762104783,-9.580084816785948,3.9690270864777735,-10.007042280536519,-8.360317228027755,1.6513463806615054,5.26456800710075,-5.25722373241015,-5.838981532455796
149_Teoria_de_Grupos.txt.txt,5.9436210895039485,9.549194239418322,4.621438088124631,-0.5846889480217281,-9.497804537488868,-13.520136166936307,-1.470084661184309,10.048056028063678,-3.2714549323926545,2.240986170385535,4.774087383983516,7.793407566848561,-5.199398917772153,-6.2032200824988415,-7.033843207675078,-3.6386605678124986,0.16938826753633685,-1.0783487730288952,-14.324009574793232,3.1486524422567275
142_Produccion_&_Exhibicion.txt.txt,-27.47097767742388,-6.152598506647253,9.77201190824395,-25.356247865499586,-22.58792416439641,7.230569106648536,17.234718532806117,31.630979574847913,-3.974258114200748,-22.98663679906756,3.9865799254944476,0.6516648843428912,5.327323727742547,-6.03084969937066,-3.1860432503281615,8.354024792945053,-0.34226219061058233,3.460251827752434,-1.5101465549606168,1.3443556033432063
152_Calculo_para_Ciencias_2.txt.txt,1.018575107319034,0.8513377542134557,-0.020914990964227716,0.11831278118991279,0.9558219938687216,1.6245215543045326,-0.6472171885776886,0.12286956592477856,0.5698038622771893,0.6301307546153334,-0.1428491715720053,-0.9062297322304915,-0.12192492611962709,-0.7037965500363307,0.9936785054127095,-0.12100372965991107,0.8907246968425111,-0.009554878271122925,-1.2481924463648406,-0.09526306848251356
81_Practica_1.txt.txt,-8.66455172375711,1.421211962339299,14.102030276587234,-8.208365451094366,1.2205851055583272,-3.941837574626231,-10.221057158901424,-0.8050146167113793,3.160592001619512,-1.9308478400183138,-7.964330869227118,9.810719927127415,5.42171652564248,-1.023995319169379,-1.2016561945162618,-3.651699322861086,-1.771147474139473,1.475422459865211,-2.2791802856750105,-2.9588832145353123
57_Alta_Cocina_Ecuatoriana.txt.txt,-13.354248930487742,-6.06192319730782,3.399238389215879,-13.510170653916893,-0.6114718763147704,-2.0438833537579693,-8.622063495220502,4.441247572696683,5.437732913495834,5.859302066518528,-7.103312856139904,15.273854648872653,-5.959907791974599,0.6785485000782903,-0.7629176295278383,-7.98704307020444,3.037737079385918,-7.17126380831985,-6.52959337443411,-3.1455173995243544
16_Introduccion_a_la_Economia.txt.txt,-0.8214094337856849,-6.974572229312594,-0.4769243651910446,-0.8773977037803277,-1.8761555910856837,-2.2630584203258435,8.039210188128264,-1.7135797929076688,-4.583332930174326,-3.25147864357854,-1.631586248158614,-0.805007294285626,6.029784359370429,-5.868753018805002,-2.305787000813451,0.02668137256079579,1.3583921308109812,-1.2760893707446443,-0.14697891731376467,0.2651774359309692
75_Planificacion_y_Evaluacion_1.txt.txt,2.322759973276784,-4.331632559503132,-13.00021354405512,1.7171806013413655,19.751002590207296,-4.919964227561536,0.33741330379931683,17.91219996535127,-7.497300358762821,-13.555354719150408,3.9942743587256673,-0.5185130683806992,0.6864835636904365,-8.433956682576188,0.42987670627753594,9.189791354312359,4.899599681425795,16.49384794839903,-6.228362502029698,-0.5141763512885923
8_Programacion_en_C++_+Ej.txt.txt,30.410210006756234,-8.79322071602992,3.8225307573264757,-9.50307664739011,0.20266360450074938,-4.423253007845107,-7.715137047294126,-23.309966083674233,26.76258930942058,-27.647782944695386,-3.3438062947996525,-20.653182370199,-9.712612610960491,3.41991425404061,-22.930231452369988,-3.533898924224884,-4.7199915826639325,-4.30967119287284,2.355580212715521,3.3995835745404315
68_Enologia_y_Cocteleria.txt.txt,-3.5094300992176475,-4.737239964881443,10.2425424475864,4.066817613295912,-4.125476398081574,-9.203873508810124,13.763547599539182,3.194554092145552,-2.8837264053893805,-2.6575791893042293,-1.672032001033189,1.529422128430604,4.5861772275591,-10.983528503679802,-5.755097519676345,-4.005594124582566,-5.102896654526283,2.5586936303519097,7.1779119152145645,-2.989124881901032
143_Programacion_Para_Diseño_1.txt.txt,0.26815311886369275,0.49691396132349847,-0.2616515701567118,-0.1970342390063544,1.3370994482495775,0.7845651034041317,-0.3394943049766578,-0.13683963490386417,0.580987476959839,0.20963703052334343,0.3356106015309636,-0.7654503390955032,-0.4253350083749949,-0.15106736624722383,0.6087848661991189,-0.0008283788180659982,0.3226734053053918,0.485069628949989,-0.555117407282798,-0.4304011290399276
108_Economia_y_Negocios.txt.txt,5.957933835229919,-2.550180936848232,1.1404060912785976,1.8073001716231842,-5.3651185157867225,-5.703852031927329,5.396122673233968,4.486528386428761,-3.685599832295822,-1.9221652322259657,-4.288663743185183,0.6206184596353951,9.324106511395192,0.4567412412611468,-0.39439027565055734,-0.3947008221943317,-0.03456913339510097,1.4320749693082526,1.666741932442993,0.8750610464173041
98_Estadistica_Empresarial_+Lab.txt.txt,0.39746338494565103,0.4249213058490118,-0.1676206689517783,-0.2960150985057205,1.60411819662975,0.8572419582465511,0.049870377182244074,-0.3661001685110762,-0.308406357186159,0.3556140103357315,-0.6431526138724684,-1.1104356407127036,-0.5852779455323526,0.04564106151443595,1.0906802558542537,-0.4297917043338788,0.145867378656872,-0.7537603463555153,-1.239101900852461,-0.29524920118389436
82_Metodologias_de_Ensenanza.txt.txt,1.6178310565378007,2.9013415335748283,-7.765319915851022,7.003589343913184,5.318493272136346,-12.097684915762763,0.48477379717542135,7.696940272224913,6.80138367487698,6.703759426250416,-4.368608027750462,-3.285126867250254,2.7036775793907926,-4.527105925206333,-4.863449884350634,0.20152906536014129,-2.2280002068189666,-4.262093234518263,3.262061193888091,2.4093302661655307
160_Ecuaciones_Diferenciales_Parciales.txt.txt,18.309091511586487,7.500656795847855,6.628790898931597,-10.457031035943677,-7.511169356716897,8.332815749713586,-0.5795876392428356,12.295628302109398,-5.2674164556737875,10.7075251850253,-5.435568551016139,-1.0140403606534447,1.487047070966501,1.9876298791561384,2.9461924080196633,8.229645671480565,0.42933627469189756,-2.0190190292004178,3.0283932637449706,4.282376972723327
48_Principios_de_Administracion.txt.txt,9.335825496919172,-9.885951299145377,0.7607662042486064,-3.3498223708732753,13.490442464201886,4.113854317796313,-5.394558632294727,-15.421379710187844,-3.693813931726177,-4.877508809839269,12.404661401314543,10.543017421315767,0.023492729863714434,7.173538413257692,-2.407700019562059,-3.8315738755666082,11.115266466942705,-14.670748485211972,10.289696886829692,13.950352685613451
90_Practica_3.txt.txt,-12.121079846497576,7.354687600848946,7.063283332444243,-17.88307855737563,18.085367803258112,4.888415221853055,-17.411760865377843,-2.57351571166688,6.543380331903468,-1.122999763410304,-24.354536199045945,7.415196109303904,13.975199144729032,-6.210407301947171,-2.59520726893159,0.6402916245703604,-5.654849478757319,9.438376880095696,-2.8532963584556987,-3.624258843917875
52_Contabilidad_Empresarial.txt.txt,20.615805635403127,-11.329152178204144,-6.496740523664537,2.480981759113025,10.77671538576194,-4.924629998352371,-4.985374169248406,-5.979012966405906,-1.7904394080659158,-9.959877397779104,5.23291166166204,0.03190261502338669,-1.340931143019708,12.47922934687165,-2.936914898501622,-5.170021996118919,-1.20712645377521,-1.9255993223889676,-4.381590686865124,-2.698323924375354
121_Dibujo_para_Arte_y_Diseno.txt.txt,-0.0710296488113617,0.5248342005155526,-0.1733908780147133,-0.21747364025963548,1.1407028081219366,0.9788863889204994,-0.2636392988475364,0.08539877958569791,0.3388045334569051,0.6699587040581564,0.20828126624155305,-0.8341340730706682,-0.14744717214293646,0.016607930063977788,0.5864473666365139,0.2252725579961987,0.44265026351699804,-0.12078904898488958,-0.702347963920383,-0.07739951364847704
76_Estadistica_para_CCSS.txt.txt,4.110953894468011,1.9280163680245115,-8.75297793025161,5.179326939233165,0.14262288357235817,5.317619328226328,4.988343232945591,-7.6601056126058245,-7.236427225536721,-4.967158491736556,-20.463711095950547,-10.109314521632358,-11.064599576420031,-5.937504379873121,26.454660484139826,-10.291844518524622,-11.533694686010334,-12.60027055440504,-10.05259004442785,-1.0195884047473052
45_Proyecto_Integrador_CMP.txt.txt,-0.25089969041250737,0.9137691046026971,0.8142631947829636,-0.7343711769874667,1.675780802833262,0.9633906715776942,-0.3971963943425749,0.21362454886285281,0.8207672492308681,-0.7413994042905191,-0.25280163221839724,-0.502420531184618,-0.2992725846210643,-0.1673538633597947,-0.16064940758780039,0.42414135539858316,0.3093328815588895,0.8165825514422959,-0.5364012700809896,-0.21571730561014643
131_Taller_de_Investigacion.txt.txt,-0.3541534873029463,0.47827135044339636,0.6471982307130315,0.16558849042804774,1.3804226852749653,1.118164266455842,-0.08915205745573446,0.1950676185586538,0.7185012397876005,0.012006874542629005,-0.16882983247157365,-0.7109828227136662,-0.44490084541487973,-0.0436483194050744,0.7576014600338404,0.4715261378188219,0.7419774008177172,0.403588974016878,-0.34821969585748563,-0.09827074555517958
84_Ensenanza_de_Ciencias_Sociales.txt.txt,2.6328115173167137,10.40828391960234,-14.071571583828764,12.242300998434201,12.904426252406616,-7.251007208852978,-6.651024939989898,2.7934283864701537,3.1550734172976123,-1.673864590333998,8.78174392091304,4.291595604379809,2.759821296050011,-15.315111848326056,9.725263251397688,6.920706410150465,-4.164122774745626,-7.821779253944792,12.410485598723964,1.1401167094946107
9_Calculo_Integral_+_Ej.txt.txt,1.6863611282313908,0.4116116578154429,0.13554412844803282,-0.5767697919168834,1.0597736553446984,1.5744071766371488,-0.6873509395984123,-0.18391186833010253,0.8285219438325291,0.3409784066748309,-0.1332172339544231,-0.654040920490963,0.43416010673309885,0.48675372531722105,0.949488686150775,0.1480122553172425,0.6337809086482263,0.16854462335003714,-1.1367359639480163,0.09879473563313394
23_Fisica_para_Ingenieria_2_+Lab_Ej.txt.txt,6.356104766830083,-0.8296315100010869,4.141638636664731,5.540530130755547,-5.531600709568886,0.5822015062198477,3.985716926430378,9.645983216260278,-0.895445130027237,-0.04169280292143235,0.16799851942815566,0.5553236512361915,2.0983557249933353,-11.714997700696948,-5.662309733710967,-1.979444388957633,1.1824498262865715,-1.0922715880017317,-0.3857216775426919,-0.6211815071900905
132_Enfasis_1.txt.txt,-4.716445750071214,3.8363947833216785,2.4637598123572246,4.288750808499572,-5.910026988369564,-6.092305547599375,3.3199780815261164,-3.5789876714488473,-10.514887289245197,-5.245490150509519,-14.368632906537957,-9.128079917058097,-7.71981848850439,-14.699541634624849,19.730031499991078,-0.9750894458111906,-0.20512111844568762,-15.371901987151523,0.38522677210170836,-9.644065726271194
107_Operaciones_+Lab.txt.txt,1.047637477988993,-2.8610358771315143,2.4098237822847546,-0.4390588220653252,-3.0603737539165343,2.393219852184898,1.5293160679803535,-1.624233741046205,-1.3106751351811305,1.6218876698432114,-0.7084826655476479,1.65900131665887,-3.797738759340534,2.633630741536699,1.2312938494022398,-2.01577327184118,1.014130510465694,0.059765432789508174,-1.78898984856007,-0.38385926345420407
145_Programacion_Para_Diseño_3.txt.txt,1.9259763061576438,6.014690534378291,1.942030738148079,-10.051382678938054,-2.130481276449981,19.039309004488295,4.52360485886373,0.6877546639859581,-1.6523054329607123,6.316961914696673,1.8182856733118293,-0.32776003047282126,-6.627349801893612,-6.449652491161857,0.11842379372474421,6.387114067983051,-0.7610917275000558,0.4922957486733807,2.5977188796112527,-2.172859129739567
94_Zoologia_+Lab.txt.txt,7.972547427237285,8.781858999949662,7.886685006484424,17.78046796862776,3.656342443296499,27.243033422763485,19.60628447806462,-8.153024427734717,9.651560935616486,24.830170454415022,-7.778527484843211,4.134229992126461,-14.004003670476498,-12.334982579624475,-11.392501703549668,-9.166837782882956,-18.084015452050757,11.057053634406856,16.851585412396506,-17.97935353859723
113_Negocios_Internacionales.txt.txt,-3.989762373597006,-1.9833044332434842,-13.339645443787543,2.2305269110100636,-6.7790440216360865,1.1569551327508898,5.540206327852877,4.727935958899202,1.215074529905098,0.08706556755685317,-2.8538247357644564,1.9144578755938357,-2.4978707832675346,2.138171895520759,-2.67540891854915,1.6655681277349295,-1.7195439648454098,-1.4597500576561542,-1.7385334782302182,0.5924965179663234
20_Ingles_Nivel_6.txt.txt,-4.356373535804095,3.866371750679054,11.874535012295535,-1.4299427576227046,-5.54362698739668,-9.162710812918862,-1.21181238265311,0.8594185513524057,-4.746255077087985,-5.133896938662042,-4.822734022155556,-5.303817807639663,-13.892881153827325,-3.9150829240281486,3.756662688113686,-2.0268794619385715,20.207005586413057,10.445171886511321,24.222902142303088,-6.925053582053503
112_Gestion_del_Talento.txt.txt,4.3515476623910505,3.8766574074264075,1.3510286582177256,5.551545607672295,1.7112698613545902,5.469061123951781,10.00112145893998,-7.344254805038389,0.796020260259284,6.98583511956109,-7.988449255872793,1.0892527587910752,4.418147602774425,11.712486470234941,3.1684096078088406,-0.7225325334548048,-6.013177075608321,7.349986245575096,6.475084604993312,-0.7259784430390418
77_Neurociencia_y_Educacion.txt.txt,2.103606158061414,6.0298706812151845,-7.007850122767415,14.478347836844227,-3.5917434953339327,-1.350961951468118,7.08377095115851,-6.432163007816152,-2.4422055998454706,-0.323691450796395,-3.8299334666796847,13.614395605208962,-1.8223572879581165,0.19740784847383566,-3.955690020038654,-10.204429991808196,-0.35383314234287366,-0.7739377201867782,6.134056213192399,16.065757302142288
166_Topologia_1.txt.txt,15.539535731614588,-2.8230905205258114,0.6298957726037003,5.202409059855302,-3.516907934998544,-9.924968943092512,-0.3920794300566797,-5.8186852100389626,4.122010698986808,-3.828223648902364,-7.896294151698448,-5.341536072400659,6.993564892107623,6.005245623239086,-6.926815137877977,-5.068660823933497,-3.0701723939608545,-0.21072288291969277,4.993900123559604,2.6859088499003874
95_Fisiologia_+Lab.txt.txt,-11.51356720427097,45.18870156412158,6.070961021215338,-19.098523250643247,23.195770640279306,2.6675448132724497,45.17293468927614,9.207892119720885,13.330899814696712,-4.958943758063241,14.619459099065633,-24.635535792215837,19.208452920199242,23.84661483354304,11.028921735589782,-24.932994657163892,33.30083355202266,-18.42005955954202,-16.33647602912907,1.1301888459323406
134_Enfasis_2.txt.txt,-14.235491919524387,18.51088587147986,3.0669059790518483,-1.082222611834803,-26.350434429773845,-4.405134785393726,6.119821819855071,-12.654688048849444,-16.185896261492495,15.302125680092708,-23.367781471750963,-12.090325078176205,17.787809475274244,-4.196786895547309,-22.72559324337102,0.5529693679080729,3.2483712235691984,-14.582539860846557,4.085343212536229,-0.2354029066093905
148_Calculo_para_Ciencias_1.txt.txt,1.3904968399003914,0.7721383516094436,0.19318696778501818,-0.23058767952523093,0.9609937600998032,1.1671720705901278,-0.7492135446060936,-0.14861563236309935,0.9206455030957684,0.5777116442502634,-0.3130903052061447,-0.530029935643527,0.8834061780642776,0.44597420937906845,1.0179588535792483,-0.0350590042367951,0.4006703422142022,-0.1682802847930057,-0.6501541549274797,0.010338693384874906
31_Organizacion_de_Computadores.txt.txt,-7.26828196328964,-2.703094645275244,-7.797514770357394,2.056063487905509,-6.98717058247628,5.787936206366828,12.739220218348615,-7.48286653338155,-4.329932581498473,-6.8968555889014755,1.4925395071885492,5.701554992547636,4.0776856061223645,-3.6241822823102057,-0.2666050112939176,1.954074831030478,-3.664404802083321,5.823914264641583,-0.1435191823653491,-4.8029051395335784
46_Matematica_Empresarial_+Ej.txt.txt,1.3360088476187577,0.599504469762089,-0.13987012345181482,-0.2213288403951629,1.4695468679735644,0.4513501388929852,-0.17053687203328047,-0.4556564234847239,0.4971485330899965,0.2795026973080762,-0.2040063878695434,-0.5982804152091502,-0.34205520473449047,0.22782739535777036,0.3859872219373347,-0.040986155922028686,0.644150401702845,-0.3843703032205259,-0.8134819084466568,0.32801785231895947
147_Modelado_3D_1.txt.txt,-1.3702999365405812,-5.518222360874587,-3.1675297141126593,-12.107014792276606,-4.610342810161921,-3.994315759030273,0.8090960062484835,1.0140560245350991,1.4146177633136616,6.00366732106328,1.7461089750489789,2.3963524806941376,1.9341545497548491,6.979710500096507,2.6026137810772365,5.23888176056689,-0.0492443215709021,-4.199355665315402,4.730883589074811,-2.6233334451728907
114_Innovacion_y_Sustentabilidad.txt.txt,-16.360957831563695,43.0228834958249,-31.935410463876096,20.554090073351084,-16.463691587809606,26.29261254370295,11.397868000405975,-13.94232995346708,9.314515290395027,-6.966093932065208,6.789980593510027,11.201681287662925,-4.842113086008165,15.385101228300641,2.265539876831694,1.8051505539202777,-7.570478172168556,8.38191339571114,-3.220008537709764,-3.7709571144163903
39_Proyectos__Gerencia_y_Analisis.txt.txt,4.696053359581052,-0.1589704463770611,10.229562817773518,-2.794934116352868,12.984643517755593,7.790609498243627,4.485177761358503,4.2650916073058225,-3.7003924488787865,0.8874733056077798,9.20870142130438,10.833939212108646,-11.49000261241893,-0.8646480627735947,-0.5665069833342951,-1.1498605401409325,2.213573875774704,-1.7362892189821972,4.968656424371388,6.02603832204221
27_Estructuras_de_Datos.txt.txt,9.131079632909286,-7.161307882491281,2.6948967424476176,-16.603793059423168,-2.1698638785199336,-5.377923355017193,-3.0718606140981204,-6.38642702109052,5.035785056572016,-11.771932289381864,11.134792755140726,2.9203767133517258,0.5897553373206139,6.497577536006955,4.247600321895746,3.270029580285172,-3.384360121839858,3.76315723011652,4.146397417422323,-3.0535496833476903
87_Practica_2.txt.txt,-10.2347074603586,16.62533531045883,7.467694286050415,-7.6598559701464985,18.134071070920324,4.74869483129016,-16.238994022574584,-7.6053252970689025,11.014698499729,2.4884207684916495,-23.24551363840179,9.87973576547428,11.343095283490543,-0.26789608205313137,-2.4561808999721335,-1.5107996776794272,-9.117406162376714,11.01519751768543,-2.008593688052355,-4.153826488515872
174_Proyecto_final_en_Danza.txt.txt,-11.203581244266811,-10.214429411565463,-1.948684486939173,-0.8211867267976931,-2.5708940573877603,1.521541603204247,-3.689300657501933,2.931722927118534,1.872710941592969,7.468562025667921,1.7505080045520824,-10.179927759465135,2.7537307607001473,-0.6990844306216913,-2.9002990745960773,-5.069898258417887,-1.1229217921837205,0.7391099243243502,-1.3565624483470187,4.673202226569857
173_Performance.txt.txt,-13.826990369674665,-5.123072690607494,-4.00512746987361,5.079697663442042,-7.088491165382482,9.337187798664752,-3.0428589634026424,-6.804390318459174,-3.9435788160956053,3.00207103663125,6.413822762521326,-9.541245532301472,9.059399449285662,-0.33232059810352876,2.543150389763789,-9.03414919294847,-1.6585554513570078,11.335871350726869,-6.010460121810115,8.682711764637116
96_Evolucion.txt.txt,4.843991806188912,-10.414702239446735,8.377072268245225,16.180249652791765,3.8692492816535675,-26.435258093837827,18.27462564203488,-27.42587144259437,20.572662383665946,31.821738992971245,-9.721314047441004,4.044656913906865,0.9404317652064085,-11.270314435630606,9.870628240256767,34.667890560576964,25.829146948173708,5.726663288554867,-22.79671597209165,1.8401068786909762
41_Coloquios_ING.txt.txt,-9.824922466222022,5.955819222083698,14.299512953063797,2.507943922510144,-3.9833336280504477,-3.018134367457257,-3.570438294868395,-4.384666831899153,-10.268895688189817,-4.868173385603073,0.627737566968893,-2.894800175342033,-7.327321297266234,0.7742417583962146,7.541140152034436,11.71326255502218,-1.1366593193725845,-6.034193431407001,-2.867026161176805,0.6498823504742284
59_Introduccion_al_Marketing_HSP.txt.txt,9.049327220383619,-10.191549669870831,4.435197275283073,14.285422731725752,42.852368976193816,-0.9315983561245429,-0.8632631303821483,4.046682697539342,-27.269248818624146,-1.7558194451778282,11.242938843354596,4.181921759403136,-3.1861135290208242,18.60261532942595,-9.807666237560165,1.7161980804273393,-0.485086746376178,-4.456488210398823,-0.6076974322129123,-13.736837696201787
111_Proyectos_Empresariales.txt.txt,0.0003462233250076175,0.5313468158456164,0.25254176215827695,-0.07372443885921026,1.439038777492429,1.1914120136086097,-0.2473173139115663,-0.21357026253184122,0.4252026290532996,0.10829261057403405,-0.0673099074667859,-0.4281051482575234,-0.2049506667988985,0.21752619305475285,0.3035496610753979,-0.07878570701651683,0.6912354866875658,0.2276066685035958,-0.7636702231919524,0.574823750404524
157_Analisis_Numerico.txt.txt,7.821143220701911,10.991565309884177,-2.33882895612295,2.9011788292473804,-11.861533121823737,5.504591640649993,-14.478198571443977,5.06157541820484,-3.864278675737737,-3.5337580009215843,-4.640899399388312,-1.0694866731014818,-9.105871167453937,6.025801048506626,-1.3485318750590638,3.225899670599978,23.621357386716138,17.3428885179975,-10.366003832032614,-0.7862352762025517
88_Ensenanza_de_Ciencias.txt.txt,-9.895207276844616,1.530496273892795,-4.943826707968439,-4.29866268408764,5.9227294571668425,-5.009386704593045,-10.24470462908555,4.429589851087539,5.595258121479919,1.8833798493086358,5.256183623940025,-2.928704573289544,4.187487619240507,-6.4238401636406595,1.6653886561540003,8.901481282366937,-0.16411463479272026,-9.260748799033074,7.58258667637943,0.958462449641129
104_Finanzas_Corporativas.txt.txt,-2.311566719370773,0.7824206125557173,-9.382390406449204,3.083628757073932,-5.822631762317968,2.4207756381683723,7.9049832739315775,-3.091646934405235,-6.302724323419838,-5.723900284048657,-0.8668560537789592,10.840786479432644,0.26009169405072474,-4.112008814661421,-2.129312661240992,-3.2448040582538873,2.6197755227643698,-1.415672079340096,3.0045176316362343,13.368445361473409
156_Inferencia_Estadistica.txt.txt,0.13873669375399325,3.3305924242406686,5.211446809825614,2.0682466613739887,-5.880234621449327,-6.269678857795953,-5.082354234302399,0.355966168039897,-5.808960073034144,-7.989515455832328,-13.727368871191507,-9.601492414497775,-9.314749003998616,-7.323385077239233,27.002342519657525,-9.15873620119939,-9.688672413952823,-17.22413474691872,-10.145673493294,-0.7141842729654911
29_Teoria_de_la_Computacion.txt.txt,3.5616519896633743,8.369200771977836,2.4013345708986407,0.20653564667910082,-4.920194448991851,-3.9842713603119284,1.9580346529316206,-11.789372394200663,0.18497911136465284,5.760077001321228,3.7793926808723888,6.983269627157374,3.1298827401569853,12.208704888491429,4.725995958689281,0.2699474536688673,-5.778869289369249,3.8812972303767053,6.751813474006591,-7.410339498119444
73_Teorias_del_Aprendizaje.txt.txt,-1.1650486302634924,20.350482427369382,-7.474241717839077,-1.4176644580611806,4.707787749467324,-1.3267561713657545,1.477995550293154,6.390943457614503,0.9433809923376665,0.11055237104650395,-3.597666788278657,2.9646968677503684,-3.134788047291343,-3.3745050212415797,-3.1010405788833846,6.74704110448949,-6.670251782380451,0.5685070706535873,8.072473955022451,11.298464361654576
168_Analisis_Real.txt.txt,15.28036898099022,-0.8040811034003696,4.518912783537659,1.6830893566364626,-0.36404119324500533,9.627474440379045,-0.8588081692655858,6.5554877289418405,-2.8053878751735843,18.749121195754597,-5.6944704750921735,-12.137282970306067,6.383703343262526,-2.5265135100578426,0.4673522866846825,-7.0166061041575025,-2.542547867160239,6.079728892144977,3.6056344674010696,8.617217318257016
74_Desarrollo__Niño_y_Adolescente.txt.txt,-8.423650307783102,-5.039417409818278,-0.5686103476877525,12.145339985082689,-14.16753642360388,32.34273460589395,-5.323986104115656,-4.330576084919839,4.672758762728317,-8.05924819008119,13.996305408792841,4.406608430866575,16.49708199967835,-17.553773327849253,-2.1848981529640485,10.083524386894902,10.736977158923308,-9.044640185069921,-18.48645001713044,-23.679594109773692
92_Proyecto_Integrador_EDU.txt.txt,3.0508813564645125,3.157435098725943,-1.8446993147973298,-12.35390870372998,-1.6793910750915135,7.765786525193007,4.578707087222163,-10.90372783083191,1.7225062281910883,-5.952681115179366,-3.3893725224582645,-3.476938718042594,-0.5111269672775198,9.05409149419845,-3.9213038116268386,3.7155167111931307,-4.526136702449508,3.6667690577843755,4.349401963453084,-1.295954933606876
38_Sistemas_Operativos.txt.txt,-8.559802894529613,-5.7069778477072735,5.585169403543076,4.611254276310831,-2.909934667820408,-2.9485875487425224,-0.591626834271154,6.680542545278952,6.156310615451765,3.0134322780597804,-1.6247228319804858,-2.663901521837389,0.6020805349913497,3.121784353474032,-2.781208746908289,-0.2797081869470806,-0.6826477129205981,-4.190841768652037,2.293259726580445,0.1549824838984959
40_Practica_Pre-Profesional_PASEM.txt.txt,-9.063183426114373,4.9094886503026025,8.775341869003256,7.247106366778343,-1.2368346480187358,8.692282048191824,4.041995416660632,-0.2576231798910188,-1.2321929526567639,-2.5403608228851504,-6.160747902893192,-4.132511430526041,-2.201779932493451,4.628523911601653,0.9093004701399755,3.9340565038975948,-3.295686787154377,2.652459887226841,-0.06279180672333846,0.9785940633536846
70_Gerencia_Financiera_HSP.txt.txt,-2.1328438764336575,1.926581185320439,7.017426863561523,-4.127118686541632,-3.4466489343290623,-7.22385025186745,6.488804690189876,-1.1577920068531078,-4.130226893809852,-1.0234530670137891,3.95595290439573,5.983889629989438,-1.787300614250574,-5.210202546268011,-1.616356332797201,-0.6307517580075991,-0.31484447427096557,-1.8017696360891755,3.4496792710480473,5.143688443576225
172_Composicion.txt.txt,-15.229043103896068,-12.89371490613721,-4.939942725582907,-4.183292464933063,-3.253078958068373,2.2889776426672133,-11.128607492755368,-2.7366629905333686,-5.730141032214758,25.97371544648868,14.302162386354306,-25.613329918425215,5.724882841429916,-4.209198498440384,0.335720912645981,-20.996538939688485,-6.1482947231404195,16.141364362368112,-5.751102671112662,13.59974992297546
136_Laboratorio_de_Creacion_3.txt.txt,-0.4595881640334408,0.3944446857032928,0.2788589181749303,-0.2866612812643519,1.2366372226461393,0.8225246142833951,-0.4510432630606533,0.1345383958821646,0.6576412336524899,0.8169525448057942,-0.30389534046825917,-0.8015749291157035,-0.46685617013415853,0.3642734950638261,0.3870856116323191,0.39419063601675486,0.3019515680910922,-0.10833365082926814,-1.069601441480085,0.05201502233210106
5_Cosmos.txt.txt,8.705173802372641,-2.7687074843547443,1.9114512737864122,2.983660711442112,-9.183488226951981,-9.684829403431614,5.695818292996203,8.9996901485524,-7.490864855030474,-2.808959908221208,-7.833667484798976,2.5267356332022777,14.994968530225375,4.191781879113893,1.126035506974077,-0.8354844125188656,-2.45489589331043,4.71152612677379,6.630492842048423,1.8185962742755375
122_Fotografia_1.txt.txt,-6.663437934463907,-4.3326167607945685,0.7556343379019373,-12.486582280922633,-3.243377219791765,-3.1835345401357364,1.1858257263806498,-5.398203610662008,-9.011612948951722,8.632178817168214,12.14800279767185,-6.790966804908035,1.4511661848625463,-10.594065172966566,1.1923816858145861,-7.40739174128759,-1.468673205287011,8.622978265056306,-1.0687629408109256,5.983965888826607
128_Taller_de_Arte_1.txt.txt,-37.90145550061344,-18.88348422908563,33.789710101845984,-10.5112133392604,14.569691997706403,9.051548112684163,15.936908982279363,-25.52133531146129,13.028186216580739,5.387738084910851,12.550862530906663,0.009649408337646775,2.6859508041619984,1.2323076069673726,3.5976980888658314,3.8396465736690066,-2.131495520586853,-0.043587535800337446,6.610655657353655,-6.3745095883798895
49_Panaderia.txt.txt,-14.544627141064687,-5.914884838779164,-7.742789369386838,4.728528249918338,-7.268578189569386,7.4255247638810635,-0.7468314980676548,0.758749429135289,6.6925281177754234,0.41569787294829347,-0.59697304775707,-0.06565940411359654,0.081707063655276,8.727728081001887,-1.2910632073192387,2.801586804398434,-1.280197480312019,-4.195344902999938,-0.10635900855665707,-1.9913985861424581
144_Programacion_Para_Diseño_2.txt.txt,2.3105148468755985,6.2684761188798435,-8.792025012053728,-6.379222403675489,-9.122777332740867,-0.10964837026831206,2.35308519538391,-3.778721452411104,-6.57872588856596,-1.332378170871879,3.336626921389292,4.140513607188998,4.359321361526169,4.400519489310916,4.243884566382521,3.8385470543832043,-1.983546178688543,2.2622684050372026,0.6917793577916288,-7.782724862865367
170_Danza_Moderna_2.txt.txt,-6.661312835739952,-0.784547126679502,1.1115494370076535,-1.051956387414583,-0.9131814752139721,-5.324674171689394,-12.235867904608574,-8.221726167506304,-4.268365633301331,15.183614588778468,13.44204503608718,-7.676376012792831,-0.39585056003621005,-2.293959446515264,8.106845401602977,-14.204887220058914,-6.653739734415944,11.693912054763526,-1.9017028169167112,-2.626117782730443
159_Combinatoria_y_Grafos.txt.txt,9.154098987609641,3.9813864122059472,2.8817716019420136,-2.595030749785914,-4.684529048586761,-11.2442399958706,-5.503952122155608,-2.0707692517418947,-4.338978658882678,9.088172963419298,3.7028002032329828,2.4691236764427593,4.268557731525172,4.5369425631125875,4.39762308266634,-5.3928722490701,-3.3646187798642626,3.4105248541722983,2.2085682479733477,-2.330654716594426
103_Coloquios_adm.txt.txt,-0.20526579246229565,0.7281682239375459,0.7978822492577944,0.4036216402024531,1.4203509560170766,0.6473318654662474,-0.513530179900771,-0.3094518662583955,-0.42012247531293534,0.2539610358901254,-0.2788558462270008,-0.9335073211922943,-0.7305001597235738,0.46800224602327867,1.1380727547953036,1.0182259321706655,0.702128576730051,-0.15302631639753408,-1.2232718350301028,0.49114853062029873
71_Identidad_Culinaria.txt.txt,-10.70891780607773,-1.3986326874741835,21.78181675282822,5.439952686389581,2.915134654864075,5.370946688771346,4.451300950124864,3.6263866842547725,-15.462960699138165,-3.2251731976295863,-9.23833807606367,-10.158920606778304,-5.575619538668503,8.7440963016938,-3.185101142213488,26.76820267238345,-16.53020371714441,4.08277694422606,-9.513251337766873,29.04261507929199
120_Laboratorio_de_Creacion_1.txt.txt,0.07420198452295428,0.5072367832905329,0.14219984050378526,-0.15961687643968428,1.6801733222354487,0.7026257764901138,-0.40694513876261657,-0.12573905966342586,0.4703759590373876,0.5720609509563582,-0.21506445739183547,-0.5814927514415748,-0.43105877861645225,0.1359532019707028,0.46709013644057007,0.08377819882886194,0.6427705544245277,-0.10256721664409366,-0.7945666670231761,-0.1117795012431412
51_Introduccion_a_la_Hospitalidad.txt.txt,-1.5911911307643165,-7.744375491561133,12.432153835206462,15.07829919656937,16.78757850288709,-4.694297793141752,-4.84698148825742,0.7110745851143087,-10.519541804782225,-3.4900151648707882,8.392525714301687,5.102443781151005,-5.288584118903765,11.781620264891625,1.8411171776828477,1.440338650710942,-5.2613460845449085,1.1292880853830138,-8.975759896001831,-5.7037364148952845
175_Lenguaje_del_Cine.txt.txt,1.9932559604795177,-0.9076912158559873,0.018697934978805716,-6.74402972181236,-5.564809741111678,-11.860160081221672,0.97855577480222,4.857506563767734,7.0551202185923945,-3.8293556430415383,2.8116938333978396,-3.336061418209095,-10.630320672265894,-2.4500948960311013,-9.47503553997912,-1.9940050692936804,-4.544314754494105,-2.346652883131328,2.9489023857684202,3.9445956969996963
19_Ingles_Nivel_5.txt.txt,-4.107792905468516,11.955637978103141,-1.5595442035841176,3.706578122749494,-4.326868661800125,4.604643540386368,-13.611141644574527,-5.212102124331702,-11.128445426717226,-1.5908568345428529,-14.580936968515408,-7.16087418139069,-19.93111856436242,1.82605487293082,13.794989813883348,0.20686258026924503,28.320548824206185,10.664185170990478,15.797830327858799,-4.575090617240531
177_Cinematografia.txt.txt,-7.301568559600213,-6.794885553243501,1.1195966044990546,-14.589355767623342,-3.245192110980678,-4.247063128890627,3.195340999536862,-6.84095619341068,-11.734852671313623,7.346722082243559,16.120469965496646,-5.965766819209219,4.504611947634315,-13.88769233835115,3.074408406554837,-8.271544515550152,-1.8342751501863326,12.523978597141618,0.10975566614532067,10.101288898651328
133_Taller_de_Arte_2.txt.txt,-0.7217531088310865,0.6848352825817404,0.5043979698240569,-0.35567500793156775,1.4065699532855431,1.2376064067634394,-0.4999257783265632,-0.3364228758777234,0.5810041109741506,0.3967957148783158,0.19154837126809376,-0.7442305671666918,-0.04484703772100354,-0.35895072875302336,0.6160603235485508,0.06074478032126124,0.48889626961056093,0.7211518252746968,-0.6186343814124974,-0.40565584456740583
6_Ingles_Nivel_1.txt.txt,3.4959962361478882,-10.06802106432778,-7.843992295103057,-1.5640292733908139,-1.849100186168523,-3.0689164061914527,0.7015159420976692,10.687792465114335,3.408994587509734,-1.3590487450779922,-0.08659866135792926,1.6468399465204127,-0.8227741114492798,5.44103656343299,8.363213462573722,0.7739533466399162,6.504562808275623,6.131669269248875,9.135190298793058,0.880170999649534
179_Storytelling.txt.txt,-6.3397981843973135,-5.860236409064643,13.308528357855327,10.595176659635605,5.671651730750147,-3.2691768426056904,-1.0213306474766328,3.973580169382959,-8.70092736421403,-3.770474748293524,2.036792578011112,-2.0802123868982463,4.988268212030614,5.013800128220994,-6.257470224262882,-1.6254281962780588,-0.35000408329717597,-2.36670656234937,1.8034288936311489,-8.277232549622237
37_Redes_+Lab.txt.txt,4.415344256203667,-1.1931379581172714,-14.17672290164085,1.1498081023411701,-11.587354407969434,3.825637728136331,6.1861571855232045,-0.5459865593719453,-7.937866864067374,-6.844242849671347,-4.5918450763774885,5.951956589075938,13.405945947533661,8.067607133816109,3.3585065936927196,2.203827411968782,-2.4175497707761937,7.59778233252058,0.8047278909120157,-1.6289614859406958
146_Juegos_y_Narrativa.txt.txt,-12.259974030474801,5.511982645198038,3.361531478128802,0.9809789637378556,-8.293733023714744,-1.0253737259439062,-3.9035048695889545,3.0796031087423414,8.842905388952609,4.141992079289413,4.896362870986576,2.566651128407819,-7.263299693551369,11.346503990828463,-1.0082859928141725,2.8766287459464848,-4.357879751615046,-4.810150270577537,2.8464713957946666,-3.295628147657666
167_Topologia_2.txt.txt,10.970291678012833,8.835811821938856,-0.44514503055173676,2.55325656695228,-6.223403129382479,1.7248380347243402,-1.9248418886068122,-1.5530391796448397,1.6743947901529848,6.10647346912379,3.7452979862170523,5.969829197067078,1.6538562786482576,3.614210062522762,1.4882591402601375,0.4488493569773161,-0.6844829011730348,0.047231610778958884,0.9064313345666128,-3.299271612724211
139_Taller_de_Arte_3.txt.txt,-0.4407813085072614,0.5234484551225399,0.4168221120522829,-0.5315691642572874,1.4307617312185164,1.088167350809026,-0.2548286340519557,0.04154908928099061,0.6030746888614938,0.14155920800349794,-0.19796859145562662,-0.7885776946612968,-0.08749759193266612,-0.12413597575834183,0.3857524319232654,0.1354414714988893,0.4408768347085446,0.47189823155698823,-0.5622151826286486,-0.03552338626877097
33_Diseño_de_Sistemas.txt.txt,-6.017834495243106,-9.171245341053885,-4.074127992543743,-2.6096107394897645,-2.071696996686104,-1.8726406476469037,6.062486379914757,3.270151899456821,2.345357344274149,2.7842182357421326,-1.3158284724686835,-1.044385970757568,-0.9126496245155726,-1.9581550075127605,-3.0433471175677385,1.114713927345744,-0.1962282516560159,-3.2464379843074664,2.1932897360611068,-1.0849205177880559
141_Temas_en_Comunicacion_y_Arte.txt.txt,-0.1839479740840192,0.9386915601503192,0.18435444229610556,0.22432115704177238,1.0630088319135624,0.6949848400015447,-0.48344977871399925,-0.2508926126747713,0.23450503360981753,0.3367251645533661,-0.012959898159738208,-1.0182297713878594,-0.4810489908522246,-0.09269778863128178,0.8989452803010766,0.25279050748673426,0.8598384078456164,0.36609238488648493,-0.28658781534193695,0.2834050137007876
124_Teoria_Critica_1__Arte_&_Media.txt.txt,-0.07069608752976056,0.953638562053435,0.2178719468128316,0.2860661799087543,1.1869925294686459,0.6660551639656612,-0.3490034917508654,-0.07161942240723088,0.24959708521025975,0.422284092142671,0.023926312157170525,-0.7658459587526294,-0.056150543505383614,-0.2263222287253848,0.8378164170202914,0.4712623490664677,0.45370976678337116,-0.030054154538990685,-0.565684104586533,0.507282787553304
158_Teoria_de_Numeros.txt.txt,9.893967027507207,3.484625793871208,10.127242020036524,-2.8505488558125274,-8.698197868240433,4.53186509045744,-10.871913401729364,10.294746477931016,-0.5605806065117087,4.3539262381661885,1.495812216611691,-1.6078815135708806,6.508435155604386,0.39823620274563065,2.416282379774441,3.9736334229460986,2.8811139310951077,-3.8213198966289963,2.1404778358689316,0.7540219494703811
