original_column,0,1,2,3,4,5,6,7,8,9,10,11,12,13,14,15,16,17,18,19,20,21,22,23,24,25,26,27,28,29,30,31,32,33,34,35,36,37,38,39,40,41,42,43,44,45,46,47,48,49,50,51,52,53,54,55,56,57,58,59
184_Ergonomia.txt.txt,0.0,0.0,0.0,9.984439,0.0,0.0,0.0,0.6747398,0.0,0.0,0.0,3.8434703,9.311422,0.0,0.0,0.0,0.0,0.0,9.043939,0.0,0.0,0.036905725,0.0,7.7845287,6.302077,0.864993,0.0,0.0,0.0,0.0,0.0,3.8372338,0.0,2.274637,0.0,0.0,5.7874866,0.0,13.900633,0.0,0.0,0.0,0.0,0.0,0.0,7.008033,0.0,0.0,0.0,0.0,0.0,0.0,0.0,0.0,0.0,0.0,0.0,0.0,0.0,0.0
105_Marketing_Digital.txt.txt,0.0,0.0,0.62065756,1.2204516,2.029651,0.6828784,3.5180907,0.0,1.3262749,1.8985622,0.0,0.0,2.8743703,0.0,0.0,0.0,0.0,0.0,0.0,0.10503264,2.4595509,1.2144623,0.0,0.0,0.0,0.0,0.0,0.28960866,0.0,0.0,0.0,0.0,0.0,2.6680744,0.0,0.0,0.0,0.0,0.0,0.72283715,2.1604025,2.003586,1.7235323,0.0,0.0,0.0,0.0,0.23561981,0.0,0.0,0.2709479,0.0,0.0,0.59337044,0.0,1.7031398,0.5843727,0.0,1.9335611,1.809516
32_Emprendimiento.txt.txt,0.0,0.0,7.395937,0.0,0.0,9.171637,0.0,0.0,11.472058,0.49654657,0.0,2.8327723,0.0,0.0,0.0,0.0,1.8372539,0.0,0.0,0.0,0.0,0.0,0.0,0.0,0.0,0.0,11.270721,0.0,0.0,0.0,0.0,0.0,0.0,6.9779253,0.0,1.2771308,0.0,0.0,0.0,0.0,0.0,0.0,0.0,6.5495577,4.8123345,0.0,5.585848,0.0,0.0,0.0,0.0,0.0,7.562501,0.0,9.402817,0.0,0.0,0.0,0.0,0.0
185_Ingenieria_de_la_Calidad_+_Lab.txt.txt,0.0,9.795577,0.019727133,0.0,0.0,0.31311917,0.0,0.0,0.0,0.0,0.0,2.9145787,0.0,3.7677188,0.0,0.0,3.3013473,0.0,0.0,0.0,0.0,2.1058898,0.0,0.0,5.052177,3.9891505,0.0,0.0,0.0,0.0,0.0,0.0,0.0,7.4168763,7.5840607,7.2737374,0.0,0.0,0.0,2.9883862,0.0,0.0,0.0,0.0,0.0,0.0,12.749106,0.0,0.0,6.61902,0.0,0.0,0.0,0.0,0.0,0.0,0.58050054,0.0,0.6183972,0.0
24_Aprendizaje_y_Servicio_PASEC.txt.txt,0.0,1.0607061,0.0,0.0,7.1070104,0.0,9.700894,0.0,0.0,0.0,10.395234,0.0,0.0,0.0,9.687392,0.0,0.0,0.0,0.0,0.0,0.0,0.0,0.0,0.0,0.0,4.5809164,0.0,0.0,0.0,7.803307,0.0,0.0,0.0,0.0,0.0,0.0,8.400448,0.0,0.85986495,0.0,0.0,0.0,0.0,0.0,0.03203635,0.0,0.0,0.0,0.0,3.0126755,0.0,0.0,0.0,0.0,15.360514,0.0,0.0,5.062239,0.0,0.0
34_Inteligencia_Artificial.txt.txt,0.0,0.0,0.0,0.0,0.0,0.0,0.0,0.0,0.0,0.0,0.0,0.0,2.2517514,6.639637,0.0,0.0,0.0,0.0,10.592396,5.060842,0.0,0.0,0.0,0.0,0.0,0.0,4.8346415,0.0,7.222412,2.0656638,0.0,0.0,0.0,0.0,0.0,0.0,0.0,0.0,0.0,8.7206,0.0,5.596069,0.0,0.0,0.0,0.0,1.214632,0.0,0.0,7.913941,0.0,0.0,0.0,15.73086,0.0,0.0,0.0,0.0,0.0,8.367696
3_Calculo_Diferencial_+_Ej.txt.txt,0.0,0.0,1.6475631,0.0,0.0,0.0,0.0,6.243286,0.0,0.0,0.0,0.0,0.0,0.0,0.0,0.0,0.0,1.4508842,0.0,0.0,0.0,1.9324614,4.2104883,5.9996557,0.0,0.0,0.0,0.0,0.0,4.7141824,0.0,0.0,0.0,3.1277483,0.0,0.0,4.8318,0.0,0.0,1.6231424,0.0,7.771726,0.0,1.0940224,0.0,0.0,0.0,0.0,10.848895,6.0886683,0.0,7.9617205,0.0,0.0,0.0,1.3732538,4.8059254,0.0,6.110797,0.0
11_Ser_y_Cosmos.txt.txt,0.0,0.0,0.0,7.160298,0.0,8.469665,0.0,0.81108844,0.0,0.0,0.0,0.0,0.0,0.0,0.0,0.0,0.0,0.0,8.166811,7.338162,6.8297424,0.0,5.6901226,0.0,0.0,0.0,0.0,0.0,0.0,7.022251,0.5393618,0.0,0.0,0.0,0.0,8.1458435,10.204127,0.0,0.0,0.0,4.174856,0.0,0.0,0.0,2.5178175,0.0,0.0,0.0,0.0,0.0,0.0,0.0,0.0,0.0,3.5045733,0.0,0.0,0.0,0.0,0.0
89_Ensenanza_Integrada_de_CITIAM.txt.txt,0.0,0.0,0.0,0.0,11.198028,0.0,0.0,6.7324286,0.0,0.0,0.0,0.0,0.0,8.397696,0.0,0.0,0.0,0.0,0.0,0.0,0.0,9.529353,0.0,0.29555026,0.0,0.0,9.181495,10.007141,4.2243924,0.0,0.0,0.0,0.0,0.0,0.0,1.1314853,0.0,0.0,0.0,0.0,0.0,13.534704,0.0,0.0,5.9474297,0.0,0.0,6.6135163,0.0,0.0,0.0,0.0,0.0,0.0,0.0,0.0,0.0,0.0,0.0,0.0
155_Logica_y_Teoria_de_Conjuntos.txt.txt,2.0818913,0.39317015,0.0,0.26853302,0.0,0.7373641,0.0,0.0,0.3301386,0.0,0.0,0.0,0.3884838,1.3273463,0.74306315,0.0,0.88047403,0.0,0.0,1.5242478,0.0,0.0,0.046497356,0.7935257,0.0,2.0047197,0.0,0.0,0.87632984,0.0,0.99297947,0.74689406,0.0,0.0,0.0,0.0,2.379375,0.87803394,0.0,0.0,0.0,0.7376786,1.8485463,0.0,0.0,1.6601504,0.0,2.2791948,1.9166499,0.0,0.0,0.0,2.803613,0.0,0.0,0.0,1.0327449,0.58986306,0.0,2.0610795
26_Electronica_Basica_+Lab.txt.txt,0.0,0.0,7.759521,0.0,0.0,0.0,0.0,0.0,0.0,0.0,0.0,0.0,0.0,14.9922,0.18986118,0.0,0.0,6.718866,0.0,0.0,0.0,0.0,0.0,0.0,0.0,0.0,0.0,1.7591078,0.0,0.0,0.0,0.0,0.0,0.0,0.0,1.0241814,0.0,0.0,5.5338774,0.0,0.0,0.0,0.0,0.0,0.0,12.444743,0.0,0.0,0.0,12.096434,0.0,0.0,0.0,0.0,8.751255,0.0,0.0,0.0,10.379765,0.0
7_Ingles_Nivel_2.txt.txt,0.0,0.0,0.0,0.0,0.0,0.0,0.0,8.323859,0.0,11.729255,9.538048,0.0,3.1429322,0.0,0.0,0.0,0.0,0.0,0.0,0.0,6.041424,0.0,0.0,10.580979,0.0,0.0,0.0,0.0,5.667385,0.020487133,0.0,0.0,1.2672347,5.0742884,3.9667583,0.0,0.0,0.0,0.0,0.26098087,0.0,0.0,0.0,0.8522125,0.0,0.0,0.0,0.0,0.0,0.5031966,0.0,0.0,1.8736702,0.0,0.0,5.410537,0.0,0.0,4.1431518,0.0
65_Alta_Cocina_Mundial.txt.txt,0.0,0.0,0.0,0.0,0.0,0.0,10.097398,0.0,0.0,4.175597,0.0,0.0,0.0,0.0,0.43505213,0.0,0.0,0.0,6.9581447,0.0,0.0,0.0,0.0,0.0,7.23825,0.0,0.0,0.0,0.0,0.0,0.0,0.0,0.0,0.0,0.0,0.0,0.0,0.0,0.0,4.7590504,9.387284,0.0,0.0,11.593848,0.0,0.0,0.0,0.0,0.0,3.409722,0.0,0.0,0.0,0.0,6.698228,0.0,1.0901325,0.0,5.645842,10.363055
110_Creatividad_Empresarial.txt.txt,0.63065773,0.0,0.0,2.8710284,0.0,0.0,0.0,10.6776085,4.4990544,0.0,0.0,3.3512528,3.6959975,0.0,0.0,0.0,0.39362264,2.540748,0.0,0.0,0.0,0.0,0.0,0.0,0.0,0.0,0.0,7.0061307,0.0,3.2735643,0.0,0.0,4.4007564,3.5975785,0.0,6.0528812,0.0,0.0,7.7268734,0.0,2.2595596,0.0,0.0,2.2078104,0.0,0.0,2.3983495,0.0,0.0,4.552841,0.0,0.0,0.0,2.7927475,4.6787634,0.0,0.0,0.0,0.0,0.0
101_Analisis_de_Datos.txt.txt,0.0,2.674355,0.0,1.2935772,0.0,0.0,0.0,0.0,0.08089302,0.0,0.9799161,0.0,0.45606694,1.1226752,0.0,0.97308093,0.9713186,0.20342085,0.0,0.009692175,0.38907623,0.0,0.068330064,0.0,0.0,1.0755556,1.3769962,0.0,0.0,0.40144342,0.6428178,0.94264024,3.1805985,0.0,1.9191837,0.0,1.5372664,0.0,2.6827579,0.0,2.628342,0.0,0.27236137,2.2165477,0.0,3.8529434,0.0,0.661031,1.5279522,0.1061809,0.0,0.0,2.0828786,0.0,1.939813,0.0,4.5197697,0.0,0.0,0.0
63_Servicio_y_Protocolo.txt.txt,0.0,0.0,0.7572353,0.0,0.4485578,0.40223855,0.0,0.0,0.8171035,0.0,0.0,0.0,0.0,0.0,0.0,0.0,0.0,0.0,2.6018908,0.8764635,0.0,0.0,0.0,0.0,1.3694236,0.0,6.1602683,0.0,0.0,0.0,0.0,0.0,0.0,4.669632,0.0,1.7443614,0.74092644,0.04704687,1.1042978,0.0,0.0,0.0,0.0,0.0,0.0,0.0,3.5223308,0.0,0.0,0.0,0.6567401,0.0,0.0,0.0,0.0,2.3315928,0.0,0.0,3.0313478,1.4360274
161_Algebra_Lineal_2.txt.txt,0.0,0.0,2.0905955,0.024864161,2.0369227,0.0,0.6099078,0.0,2.6227763,0.0,0.0,0.7031008,0.5003153,1.2091488,0.07437875,0.0,0.0,0.0,0.0,0.0,0.87359345,2.7116785,1.1945176,4.2621727,0.0,0.0,0.83878285,0.8851391,0.15763134,0.89453745,0.9160967,0.0,0.0,0.0,0.0,0.0,0.49561554,0.0,0.0,1.9074566,0.03813439,1.50221,2.8597143,0.0,1.4167904,0.0,0.0,3.5456297,1.5672119,2.0654838,0.55401355,1.0140923,0.0,0.0,0.0,0.0,0.47545356,1.100764,0.0,1.8408215
171_Barra_para_danza_contemporanea.txt.txt,0.0,0.057247296,0.0,3.4040024,0.0,0.0,0.0,0.0,0.0,8.03628,10.943913,0.0,0.0,0.0,0.0,0.0,1.8945442,0.0,0.0,6.3153543,0.0,0.0,0.0,0.0,0.0,9.297852,0.0,0.0,0.0,2.4737058,7.4549446,0.0,10.968046,0.0,0.0,0.0,0.0,4.8074603,0.0,0.0,0.0,0.0,0.0,0.0,0.0,0.0,0.0,0.0,0.0,5.9773645,0.0,0.0,0.0,0.0,0.0,0.0,0.0,0.0,5.4190288,6.7269235
"183_Procesos,_Metodos_y_Estandares.txt.txt",0.0,0.0,0.0,0.0,0.0,0.0,0.0,0.0,0.0,0.0,0.0,2.2404587,1.2938187,0.0,0.0,0.0,0.0,0.0,0.0,1.7772855,0.0,0.6063516,0.0,0.0,0.0,0.9550664,0.0,0.0,1.2428288,0.0,0.0,0.0,2.481354,3.2092054,0.0,0.22311462,0.0,0.16434637,0.51140517,0.79576164,0.0,0.0,0.0,0.0,0.0,2.1954668,4.756666,0.35816935,0.10124543,0.0,0.0,0.6965261,0.33875236,2.696788,0.0,0.0,1.1169944,0.0,0.0,0.0
129_Coloquios_ART.txt.txt,1.0497174,0.0,0.0,1.7430762,1.4549718,0.9956023,0.0,0.0,0.62256956,0.0,0.9245282,0.0,0.0,0.0,3.807411,0.0,0.75029826,0.0,0.0,0.21565478,2.395162,0.0,1.472256,3.3737917,0.0,0.08641512,0.0,1.620764,1.4612142,0.0,1.9236034,0.31026822,1.2982713,0.0,0.24959204,4.4647923,0.7954178,1.5222163,0.0,0.0,1.8592533,0.056641545,1.056663,3.2153997,4.6640425,1.132321,1.1907101,0.0,3.3323205,0.56024903,1.6813084,2.901008,0.21665357,1.1983017,0.0,0.13050714,0.0,1.856333,0.6920828,2.3066907
67_Innovacion_Culinaria.txt.txt,0.0,0.0,0.0,0.0,0.09384917,0.0,0.0,0.0,0.50136834,0.0,2.5021586,0.0,3.342225,0.0,0.0,0.0,1.7425842,0.0,0.0,0.0,0.0,0.0,0.0,0.0,0.0,0.0,0.0,0.0,0.0,0.15930301,0.0,3.342596,0.0,3.563816,0.0,0.0,0.0,0.98178583,0.0,0.0,1.2434283,1.4579701,0.0,0.8924865,1.240277,0.0,0.0,0.0,0.0,0.6031717,0.0,0.0,3.118566,1.6472387,0.0,0.0,0.0,0.0,0.0,0.0
116_Analisis_Estrategico_ADM.txt.txt,0.0,0.5144368,0.059057795,0.0,0.33781284,1.5197725,2.2907975,0.42855483,0.0,0.5936159,0.7557479,1.7555538,0.8462901,0.0,0.0,0.5734244,0.0,0.0,0.0,1.5668317,0.0,2.019688,0.0,1.8628749,1.6909263,0.110096104,3.029981,1.2490706,0.0,0.0,0.0,0.11471612,2.2774193,1.8132675,0.22723621,0.0,0.0,0.39957327,0.0,1.1030031,1.4599022,0.6740668,0.0,0.0,1.6967887,0.0,0.0,1.059595,0.0,1.0435869,1.354059,0.0,2.302005,0.85692596,3.6796424,0.56090033,1.8086648,0.0,0.060391117,1.6051015
10_Autoconocimiento.txt.txt,0.0,0.0,0.0,0.0,7.2350655,3.3305316,0.0,0.0,0.0,2.8795612,0.0,0.0,0.0,0.0,0.0,0.0,0.0,0.0,0.0,0.0,3.375545,0.0,0.0,0.0,7.7709303,0.0,0.0,0.0,0.0,0.0,0.0,0.0,6.806132,0.0,0.0,3.1574209,10.289883,0.0,0.0,0.0,0.0,0.0,0.0,0.0,0.0,8.906272,0.0,0.0,0.0,2.5717728,0.0,2.2644725,0.0,0.0,5.5911965,0.0,8.225661,6.111669,0.0,0.0
47_Conceptos_y_Tecnicas_1.txt.txt,0.0,0.0,0.0,0.0,0.0,0.6850316,0.0,2.4606454,0.0,0.0,5.088391,0.0,0.0,0.0,0.0,0.0,0.0,0.0,0.0,0.0,0.0,0.0,0.0,0.0,9.83466,0.0,0.0,0.0,1.6630496,0.0,0.0,0.0,0.0,9.816395,8.687639,0.0,0.0,0.0,0.0,2.0297241,0.0,0.0,0.0,0.0,10.590411,7.563285,0.0,0.0,7.217663,0.0,0.0,2.3469203,0.0,0.0,0.0,0.0,0.38384858,0.0,2.3950028,8.468587
35_Base_de_Datos.txt.txt,0.75487936,0.0,0.0,0.0,0.0,0.0,0.0,0.6811076,0.0,2.181592,0.0,0.0,0.0,0.0,0.0,0.0,0.0,0.11541753,2.235887,0.0,1.4632586,2.214161,0.0,0.0,0.33067054,0.70904255,0.0,0.0,0.0,0.0,0.6217779,0.0,0.0,0.87941736,1.7749559,0.0,0.0,0.0,1.4686012,0.0,0.0,0.0,0.0,0.0,0.0,0.0,0.0,0.0,0.5642685,4.3900533,1.2259828,3.1981497,0.0,0.12492266,0.0,0.0,4.5272636,0.63038427,3.6684017,0.0
119_Composicion_Visual_1.txt.txt,4.613094,0.0,0.0,7.9677486,0.0,0.0,0.0,0.0,0.0,0.0,0.0,0.0,6.304064,0.0,0.0,4.764514,0.41336444,0.0,0.0,0.6083404,3.6607013,0.0,0.0,0.0,0.0,4.355343,0.0,1.4142789,0.0,0.0,0.34429836,5.513101,0.0,0.0,0.0,2.7726934,0.0,0.0,0.0,1.4675611,0.0,5.922541,0.0,0.0,6.0035486,4.1223454,2.8206522,0.0,0.0,2.1966164,0.0,0.0,0.0,0.0,0.0,2.0203207,0.0,0.0,0.0,5.7124567
79_Coloquios_EDU.txt.txt,0.0,0.0,0.0,0.0,4.993448,2.2231884,0.0,0.0,0.0,0.0,0.0,0.0,0.0,0.0,11.709857,0.0,0.0,0.0,0.0,2.507369,0.0,0.0,0.0,4.8486085,0.0,0.0,0.0,2.3586898,0.0,0.0,0.0,0.0,0.0,0.0,0.0,7.9667325,1.4077959,0.0,0.0,0.0,0.0,0.0,0.0,1.5308877,13.681821,0.0,0.0,0.0,8.743609,0.0,0.0,8.780294,0.0,10.745808,0.0,0.0,0.0,3.2350917,0.0,0.0
130_Arte_y_Contexto_Social.txt.txt,0.0,0.16062565,0.0,0.0,0.0,0.0,0.0,0.0,0.0,3.5231934,0.0,3.0608394,0.0,0.0,3.676746,0.0,5.83298,0.0,0.0,0.0,5.7792053,0.0,1.4916542,0.0,0.0,0.0,0.0,2.7155793,6.356228,2.872942,1.8692329,1.8204362,0.0,8.294833,1.7935395,2.0744474,0.0,0.3463868,4.2037983,0.0,4.6284704,5.067601,0.0,0.0,4.0818014,0.0,0.0,4.0275126,0.4517223,0.0,0.0,0.0,0.0,0.0,0.0,0.0,0.0,3.501687,0.0,0.0
178_Sonido.txt.txt,0.0,5.432198,8.572052,5.5884495,0.0,0.0,0.0,0.0,0.0,0.0,0.0,0.0,10.298495,0.0,0.0,0.0,0.0,0.0,3.6326363,0.0,0.0,0.0,0.0,0.0,0.0,1.5565237,0.0,9.0893135,8.281961,0.0,0.0,0.0,0.0,0.0,5.608134,0.0,0.0,5.5396476,0.0,0.0,0.0,2.5812995,0.0,0.0,0.0,8.272309,6.9176702,0.0,0.0,0.0,0.0,0.0,0.0,0.0,0.0,0.0,0.0,1.9106082,0.0,0.0
44_Aplicaciones_Distribuidas.txt.txt,0.0,0.0,2.523551,1.8213351,0.0,0.0,0.0,0.4837976,1.8720683,0.0,0.0,0.0,0.31124452,0.0,0.0,0.0,0.19166835,1.8208362,0.0,0.9162142,0.0,0.0,0.0,0.0,0.0,0.5373962,0.0,0.0,0.7269185,0.0,2.5878744,0.0,1.369635,0.0,0.4319939,0.0,0.38421702,2.8661172,0.9580259,0.0,0.0,1.2359176,0.0,0.0,0.0,0.0,0.0,0.0,0.0,2.3723397,0.0,0.89307934,2.6452372,0.0,1.1187555,0.0,0.0,0.0,0.0,0.0
62_Pasteleria.txt.txt,0.0,0.0,0.02123084,0.0,0.0,1.5610565,3.0694635,0.0,0.1815046,0.0,0.0,0.0,0.0,0.0,0.19178161,0.0,0.0,0.0,0.0,2.194011,0.0,0.0,0.0,0.0,0.0,0.46996066,0.0,0.0,0.0,0.0,0.0,0.0,0.0,0.0,0.0,0.32751197,1.1107422,0.0,0.0,0.0,0.0,0.0,0.8901566,1.5691395,0.0,0.0,0.13687998,1.1996852,1.0578121,0.0,1.669173,0.0,1.7453089,0.9987423,0.0,0.0,0.0,0.0,0.0,0.0
151_Ecuaciones_Diferenciales.txt.txt,5.7308135,0.0,0.0,6.184291,0.025019865,0.0,9.533544,0.0,4.2561035,0.0,0.0,8.8020735,0.0,0.0,0.0,0.0,0.0,0.0,0.0,0.0,0.0,0.0,6.2555895,0.0,0.0,4.423257,0.0,4.7403297,7.414089,0.0,0.0,0.0,2.0550072,0.0,0.0,0.0,0.0,0.0,0.0,4.9348736,0.0,0.0,0.0,0.0,0.0,0.0,0.0,0.0,7.1657057,9.308982,0.0,0.0,0.0,0.0,0.0,0.0,0.09474898,0.0,0.0,0.0
18_Calculo_Vectorial.txt.txt,4.4374604,0.0,4.912037,0.0,0.0,0.0,0.0,0.0,9.370819,0.15773201,0.0,0.0,8.746711,0.0,0.0,0.0,0.0,6.8552856,0.0,0.0,7.0736713,0.0,3.0725796,6.679695,0.0,0.0,0.0,0.0,2.5092242,0.0,6.3926134,0.0,0.0,0.0,0.0,0.0,2.1460624,0.0,0.0,3.972376,0.0,0.0,0.0,0.0,0.0,0.0,0.0,1.9639552,0.0,7.904085,2.8395097,0.0,0.0,0.0,0.0,0.0,0.66242,0.0,0.0,2.396576
125_Nuevos_Medios.txt.txt,4.831141,0.0,0.0,7.543305,0.0,2.0477617,0.0,0.0,0.0,3.5861623,3.5369205,1.741198,1.2124904,2.8616517,0.0,0.0,6.347202,0.0,0.4872483,0.8104535,0.83529925,0.0,0.0,0.0,0.0,0.0,0.0,0.0,1.8403149,8.422471,0.0,0.0,0.0,0.0,0.0,0.11327773,0.0,0.0,0.0,0.0,0.0,1.4079603,0.0,2.6482096,8.702923,0.0,0.0,8.345281,0.0,0.0,0.0,6.900551,0.0,0.2057954,2.6623921,0.0,0.0,0.0,0.0,0.0
100_Principios_de_Seguros.txt.txt,0.0,0.0,1.7152932,8.620561,0.0,0.0,0.0,0.0,0.0,0.0,0.4862956,0.0,7.545836,0.0,0.0,5.753807,0.0,2.7109811,0.0,0.0,4.224239,0.0,0.0,0.0,0.0,0.0,0.0,9.215868,0.0,1.2697822,0.0,0.0,0.0,0.0,6.51482,0.0,9.792137,0.0,0.0,0.0,5.2671776,0.0,0.0,1.1818084,0.0,2.8374193,0.0,2.8847003,0.0,0.0,0.0,0.0,0.0,0.0,0.0,4.513365,3.3837898,0.0,0.0,0.0
36_Aprendizaje_Automatico.txt.txt,0.43684715,0.0,0.0,0.0,3.9369414,0.0,0.853486,0.0,0.0,0.44893718,4.72895,0.0,0.22436747,0.18370363,0.0,0.0,0.0,0.0,3.4835994,0.0,0.0,0.0,0.0,0.0,1.8656474,0.0,4.3317,0.0,0.0,0.0,0.0,1.8894677,0.0,0.0,0.0,0.0,0.024321515,0.0,2.3532374,4.035083,0.4438585,0.0,0.38747764,3.3796496,0.0,0.0,0.8213306,0.0,1.4009341,3.696403,4.661882,0.0,0.15380503,1.0707521,0.0,0.0,1.4958104,0.0,0.028551329,0.5795013
72_Fundamentos_de_la_Educacion.txt.txt,0.0,0.0,0.0,0.0,0.0,0.0,0.0,0.0,0.0,0.0,0.0,12.271771,10.152472,0.0,0.0,0.0,0.0,0.0,0.0,0.0,0.0,2.5366218,8.198997,0.0,0.0,0.0,0.0,0.0,6.6285686,0.0,8.405222,3.522654,0.0,0.0,0.0,0.0,0.0,0.0,0.0,0.0,10.164143,4.216373,6.0793543,1.4102234,0.0,9.258454,0.0,0.0,0.40679225,0.0,0.0,0.0,0.0,0.0,0.0,0.0,0.0,2.4116254,2.7310433,0.0
56_Carniceria.txt.txt,0.0,0.0,1.199454,0.47805294,0.0,0.003836678,1.0672816,0.0,0.0,0.88667476,0.0,0.0,1.1849134,0.0,0.0,0.0,0.0,4.542649,0.0,0.0,0.15230009,0.0,0.0,0.0,0.54836166,0.0,0.0,0.5472888,0.0,0.14812616,0.0,0.0,0.6272823,0.0,2.6423283,0.0,2.390902,0.0,1.5934371,0.0,0.0,0.06538193,0.0,0.0,0.0,0.0,0.0,0.0,0.6345594,0.0,0.0,0.56391627,1.070582,0.0,0.0,0.0,0.3853417,0.0,0.0,0.41005632
28_Probabilidad_y_Estadistica_+Ej.txt.txt,0.0,0.0,0.0,0.36114812,2.5527346,0.0,0.0,0.0,0.0,0.0,0.0,0.0,0.0,10.447222,0.0,4.315185,5.209163,0.0,0.0,0.0,0.0,9.491587,1.6222625,0.0,0.0,0.0,0.0,0.0,0.0,0.0,9.3521185,0.0,0.0,0.054498944,0.0,0.0,1.4051042,0.0,0.0,12.1031475,0.0,0.0,7.127733,3.3031898,8.715014,0.0,0.0,0.0,1.4480633,0.0,0.0,0.0,0.0,0.0,0.0,0.0,7.2402043,0.0,0.0,0.0
58_Introduccion_a_la_Biologia_+Ej.txt.txt,5.8553686,0.0,0.0,0.0,0.0,0.0,0.0,0.0,0.0,0.0,0.0,0.0,0.0,0.0,0.0,0.0,12.825502,0.0,3.3350804,0.0,0.0,6.393659,0.0,0.0,9.448721,2.1545577,0.0,0.0,0.0,0.0,0.0,6.6841903,0.0,10.275499,0.0,0.0,0.0,0.0,0.0,0.0,0.0,0.0,9.208503,0.0,0.0,0.0,0.0,0.0,6.926393,2.603941,0.0,0.0,0.0,5.6428804,3.553237,1.1101755,0.0,0.0,0.0,0.576241
102_Principios_de_Finanzas.txt.txt,1.3199973,0.47331858,0.0,0.0,0.0,0.0,0.0,4.2592764,3.029983,6.9144354,0.0,0.0,2.3274386,0.0,0.0,6.9255733,1.3648417,0.25274158,0.0014042673,0.0,0.0,0.0,0.0,0.0,0.0,0.0,0.0,7.431075,2.733247,3.9016514,0.0,2.5815125,0.0,2.6038957,0.0,0.0,0.0,0.0,0.0,3.2568278,0.0,4.507318,6.1239624,0.0,0.0,0.0,0.0,0.0,0.0,0.0,6.2418246,0.0,0.0,0.0,4.836624,0.0,0.0,0.0,0.0,2.0948296
181_Inv._de_Operaciones_1_+Lab.txt.txt,0.0,6.845231,0.0,0.40665188,0.0,0.0,0.0,0.0,0.0,0.0,0.7019171,0.0,0.0,0.0,0.0,7.3714914,0.0,2.644028,0.0,0.0,0.0,1.4844223,4.6584053,0.0,2.6561818,9.0763445,0.0,0.0,0.0,0.0,0.0,9.277237,0.0,0.0,0.0,0.0,0.0,0.0,1.2309283,2.1682794,0.0,0.0,0.0,0.0,0.0,0.0,6.3311706,0.0,0.36662415,8.286999,0.0,0.0,5.476884,0.0,0.0,0.0,0.0,0.0,7.9624944,0.0
85_Arte_y_Educacion.txt.txt,0.39591217,2.342914,0.16441835,0.0,0.0,0.0,3.2836697,1.9565943,0.0,0.0,0.0,5.3238845,1.186488,0.3406244,0.0,0.0,0.0,0.0,1.0346267,0.0,0.0,0.0,0.0,0.07038316,0.0,0.0,0.0,1.7908369,0.0,0.39840358,1.234487,0.12594728,0.0,0.0,0.0,0.0,0.0,0.0,0.0,0.0,1.9038794,0.0,0.0,0.1595159,1.8509381,0.3126958,0.0,0.0,0.0,1.2536882,0.61433935,0.0,0.0,0.0,0.0,0.0,0.0,1.2247995,0.0,0.0
186_Sistemas_Lean.txt.txt,0.0,0.0,0.0,0.0,0.0,1.5022929,0.0,0.0,0.0,0.0,0.0,8.489528,4.4408126,0.0,0.0,11.101099,0.0,0.0,0.0,12.453656,0.0,0.0,0.0,2.101436,0.0,4.468977,0.0,0.82442427,0.0,0.0,0.0,0.0,7.307121,7.345833,0.0,0.0,0.0,0.0,0.0,0.0,0.0,5.2588844,0.0,0.0,0.0,0.0,0.0,7.783483,5.622724,0.0,0.0,2.139868,0.0,0.0,0.0,0.0,0.0,0.0,0.0,0.0
25_Cultura_Gastronomica.txt.txt,0.0,0.0,0.0,0.0,0.0,0.0,9.537057,6.528862,0.0,0.0,0.0,0.0,2.6661632,0.0,4.5849233,7.1959577,0.0,0.0,6.579946,0.0,8.815227,0.0,6.09118,0.0,0.0,0.0,0.0,0.0,0.0,0.0,0.0,0.0,0.0,11.037195,0.0,1.8238355,0.0,0.0,0.0,0.0,0.0,8.125168,0.0,0.0,0.0,0.0,0.0,0.0,0.0,0.0,0.0,0.0,0.0,0.0,0.0,0.0,8.555219,2.4598575,0.0,0.0
4_Quimica_General_1_+Lab_Ej.txt.txt,0.0,0.0,0.0,0.0,0.0,0.0,0.0,0.0,2.457662,0.0,0.24201295,0.0,0.0,2.1048226,1.175225,0.5428983,3.2808096,3.3694139,0.7567497,0.0,0.0,3.4884346,0.0,0.5996541,1.8671465,0.0,0.0,0.0,0.0,0.0,2.8662255,0.0,0.0,0.8662544,0.3141455,0.0,0.0,0.0,1.0301113,2.2095964,0.0,0.0,3.882111,0.0,0.0,0.0,0.0,0.0,0.4281313,0.0,0.0,0.0,0.6980418,1.1062013,1.2390727,1.4812186,0.061536618,0.0,0.0,0.0
138_Enfasis_3.txt.txt,0.0,0.0,0.0,0.0,6.328601,0.0,0.0,0.16511007,0.0,0.0,0.0,2.3649118,0.0,5.6384544,0.541847,0.0,2.9833174,0.0,0.0,0.999791,0.0,0.0,0.0,3.7492633,0.68358094,1.750524,0.0,0.0,1.9377217,0.6757716,0.0,11.001752,1.8589486,0.0,0.0,8.179197,0.0,0.0,0.0,0.0,7.003024,3.5977123,0.0,0.0,0.0,6.521884,0.0,0.0,0.0,0.0,0.0,1.2866447,0.0,0.0,4.8365493,2.9152105,0.0,0.0,0.0,0.0
55_Administracion_de_A_&_B.txt.txt,0.0,0.0,0.0,0.0,0.0,0.0,0.0,0.0,0.0,0.0,0.0,0.0,0.0,0.0,0.0,0.0,0.0,0.0,0.0,5.7797666,0.0,0.0,0.0,0.0,2.35288,0.0,10.6922245,0.0,0.0,0.0,0.0,0.0,0.0,12.159942,0.0,0.0,12.490337,0.0,8.317707,0.0,0.0,0.0,0.0,0.0,0.0,0.0,11.992306,0.0,0.0,0.0,10.826821,0.0,0.0,0.0,0.0,4.0966864,0.0,0.0,4.574762,0.0
64_Practica_Culinaria_2.txt.txt,0.03913735,0.5724974,0.0,0.0,0.0,0.0,1.1232833,0.0,3.7050376,6.006918,5.6034026,0.0,0.0,0.0,0.0,2.3071911,0.0,0.0,0.0,0.48358807,0.0,0.0,0.0,0.0,7.3184595,0.0,0.0,0.24711654,0.0,0.0,3.5869062,1.1939031,2.9302661,0.18680444,0.54162127,0.6578833,0.0,2.4081836,4.5416517,0.0,0.0,0.0,0.0,1.6985178,2.8249435,0.0,0.0,0.0,3.2544866,0.0,0.37573013,0.0,0.874531,0.0,0.0,6.0779486,0.0,0.0,0.0,2.8372724
42_Seguridad_Informatica.txt.txt,2.6094553,0.0,0.0,0.0,0.0,0.0,0.0,0.0,0.0,0.0,0.0,0.0,11.243063,0.0,0.0,9.153213,0.0,15.5742235,5.416545,0.0,0.0,8.392684,0.0,0.0,10.614083,0.0,0.0,0.0,0.0,0.0,0.16489391,0.0,0.0,0.0,6.7050004,0.0,0.0,0.0,0.0,0.0,0.0,0.0,0.0,0.0,0.0,0.0,2.4207933,0.0003854353,0.0,3.1153257,0.0,0.0,0.0,1.2393407,0.0,0.0,6.9241986,0.0,0.0,0.0
135_Gestion_y_Produccion_Cultural.txt.txt,0.3966623,7.769316,4.1457973,0.0,3.2740839,0.0,0.0,1.3892273,3.7261941,1.6806507,0.46125337,4.1118507,0.0,0.0,0.0,2.236612,0.0,4.6001353,0.0,0.0,6.0089493,0.0,0.0,0.0,0.0,0.0,0.0,4.283876,0.0,0.0,0.0,1.9750997,7.2192793,0.0,2.2761004,3.0957067,0.0,0.90313596,0.0,2.7252722,0.0,2.2622335,0.0,0.0,0.0,2.2581444,0.6630593,2.3694615,0.0,0.0,0.0,0.0,0.0,0.0,0.0,0.0,0.0,2.17137,1.515986,0.0
162_Algebra_Abstracta_1.txt.txt,0.0,0.0,1.8204823,4.481734,6.1082015,4.5724893,0.0,0.0,0.0,0.0,0.0,0.0,0.0,3.048229,0.0,0.0,0.0,1.2675678,0.0,0.0,1.166045,0.0,0.0,0.8710224,0.0,0.0,0.0,0.0,4.4809275,0.0,2.789556,5.9437895,0.0,0.0,0.0,0.0,0.0,3.4801202,0.0,0.0,0.0,0.0,0.0,0.0,0.0,0.0,0.0,5.265297,0.0,0.0,1.1361821,0.0,0.0,0.7008946,10.372651,8.225962,0.47447714,12.059256,0.0,1.3961027
99_Gerencia_de_Costos.txt.txt,0.0,3.3218493,0.0,1.2381501,0.14025308,0.0,0.0,0.0,0.4323086,0.21320137,1.4984133,0.0,0.0,1.8452356,2.1843228,1.0726461,0.0,0.0,0.0,0.0,1.2166493,0.0,0.0,0.6359299,0.0,0.26931924,2.228756,0.4136826,0.6924216,0.26734754,0.0,0.0,4.2469583,0.7969702,1.1435728,0.0,2.5980475,0.0,2.6190255,0.0,3.9969144,1.3642396,1.7868274,0.7692563,0.7147947,1.6528019,2.946099,2.4853084,2.5590284,0.0,1.5568537,0.0,0.77753264,1.6732864,3.6756651,0.0,1.0062112,0.092529655,0.905268,0.0
17_Fisica_para_Ingenieria_1_+Lab_Ej.txt.txt,0.0,0.0,0.0,0.0,0.0,0.0,0.0,0.0,4.214988,0.0,0.0,0.0,0.0,0.0,5.1104817,6.2288756,9.369181,0.0,0.0,0.0,0.0,0.0,3.202554,7.9982843,3.6990807,6.758981,3.267047,0.0,0.0,0.0,0.0,0.0,0.0,0.0,0.0,0.0,0.0,0.0,3.8113742,4.6680655,0.0,0.0,0.0,0.0,0.0,7.9089556,0.0,3.8729758,0.0,6.857822,0.0,0.0,0.0,0.0,0.0,0.0,3.7677605,0.0,0.0,0.0
127_Laboratorio_de_Creacion_2.txt.txt,0.0,0.0,2.4389708,0.0,0.0,0.0,4.7771387,3.8454468,0.0,0.0,0.86927646,3.4034326,0.0,2.1855087,0.0,0.0,1.0881193,0.0,0.0,0.0,4.48158,0.6339125,0.0,0.0,5.43755,0.0,0.0,4.23256,0.0,2.1389203,0.0,0.0,0.0,0.0,4.957171,0.0,0.0,5.450648,1.1180193,0.0,0.0,0.0,2.9940321,0.0,0.0,0.0,4.385435,0.0,0.7230857,3.0492725,0.0,0.0,0.0,0.0,6.1296477,5.244468,0.0,0.358331,0.0,3.9179604
176_Lenguaje_Visual_y_Montaje.txt.txt,5.297082,0.0,0.0,3.7045336,0.0,0.0,0.0,0.0,0.0,4.598521,0.0,4.264162,0.0,0.0,0.0,5.1357617,0.0,0.0,8.126631,0.0,0.0,7.1772623,0.0,0.0,0.0,0.0,0.0,0.0,0.0,0.0,0.0,0.0,0.0,1.647441,3.4079826,0.0,0.0,7.2144885,0.0,0.0,0.0,0.0,0.0,0.0,1.6138924,6.7451797,0.0,0.0,0.0,0.0,0.0,0.0,1.9181632,0.0,0.0,0.0,0.0,9.567799,0.0,8.184338
78_Planificacion_y_Evaluacion_2.txt.txt,0.0,0.0,0.0,0.0,0.0,8.696508,14.327091,6.5385766,0.0,13.579995,0.0,8.425362,0.0,4.131451,0.0,0.0,0.0,1.9274235,0.0,0.0,0.0,5.3087244,0.0,0.0,6.983213,0.0,9.149294,0.0,0.0,0.0,0.0,0.0,0.0820501,0.0,0.0,0.0,0.0,0.0,0.0,0.0,1.5428582,0.0,0.0,3.2091691,0.0,0.0,0.0,0.0,0.0,0.0,0.0,0.0,0.0,0.0,0.0,0.0,0.0,0.0,0.0,0.0
80_Ensenanza_de_Lenguaje.txt.txt,1.3512417,2.6707673,0.0,0.0,0.0,0.5801912,2.2314377,0.4322043,0.0,0.8514502,0.0,1.3124747,0.90307045,0.0,0.0,0.0,1.7779592,0.0,0.0,1.4790088,0.0,0.0,0.0,2.4761808,0.0,0.0,0.74110883,0.0,1.1191679,0.0,0.5478321,0.0,0.0,0.0,0.0,0.0,0.0,0.25308418,0.0,0.18632124,0.0,1.7381111,0.0,0.0,0.0,0.0,0.0,0.0,0.0,0.0,0.3721021,0.0,0.0,2.1059322,0.0,0.5492258,0.0,3.251089,0.0,3.3012426
66_Reposteria_y_Chocolateria.txt.txt,0.0,0.0,0.56056774,0.0,0.0,0.0,1.1569005,0.0,0.0,0.0,0.46721444,0.0,0.54931843,0.0,1.1941743,0.0,0.0,0.0,0.0,0.0,0.0,0.0,0.0,0.0,0.0,0.0,0.0,0.0,0.0,0.0,0.0,0.0,0.0,0.0,1.7271564,0.0,0.0,1.3122454,0.0,0.0,0.0,0.0,0.93501747,0.0,0.0,0.0,0.057328373,0.0,0.0,0.0,0.0,0.0,1.0238229,1.7045635,0.44694313,2.3438776,0.7250679,0.0,0.0,3.13114
30_Programacion_Avanzada_de_Apps.txt.txt,10.812275,0.0,10.256765,0.0,5.0715127,0.0,0.0,0.0,0.0,0.0,0.0,0.0,0.0,0.0,0.0,0.0,0.0,0.0,0.0,8.471093,1.107535,0.0,0.0,0.0,3.706445,0.9100536,0.0,0.0,2.2967324,9.301148,0.0,9.558739,0.0,0.0,0.0,0.0,0.0,0.0,0.0,0.0,0.0,0.0,1.8163009,0.0,0.0,0.0,7.3038497,0.0,5.589438,0.0,0.0,8.09191,0.0,0.0,0.0,0.0,0.0,0.0,0.0,0.0
53_Conceptos_y_Tecnicas_2_+PRA.txt.txt,0.0,0.0,0.0,0.0,0.0,0.0,0.0,0.0,10.241537,11.019799,9.163464,0.0,0.0,0.0,0.0,1.217554,0.0,0.0,0.0,0.0,0.0,0.0,0.0,0.0,10.862377,0.0,0.0,0.0,0.0,0.0,0.0,0.0,0.08360125,4.494509,0.0,0.0,0.0,0.07090369,6.3512125,0.0,0.0,0.0,0.0,0.0,0.0,0.0,0.0,0.0,2.1492455,0.41378024,2.5167017,0.0,0.0,0.0,0.0,12.559366,0.0,0.0,0.0,8.169318
54_Practica_Culinaria_1.txt.txt,0.0,0.0,0.0,0.0,0.0,0.0,0.0,0.0,0.0,0.0,9.414218,0.0,0.0,0.0,0.0,15.659823,0.0,0.0,0.0,4.675015,0.0,0.052435,0.0,0.0,17.70127,0.0,0.0,0.0,0.0,0.0,4.7669134,0.0,5.185266,0.0,3.2146778,0.0,1.8136611,0.0,0.0,0.0,3.9002564,0.0,0.0,0.0,9.575141,0.33254457,0.0,0.0,1.3490673,0.0,0.0,4.2834134,0.0,0.0,0.0,2.093269,0.0,0.0,0.54146546,0.0
50_Nutricion_Humana_+Lab.txt.txt,0.0,1.4049975,3.7999477,10.575335,0.0,10.978185,0.0,14.367819,0.0,0.0,1.4738383,0.0,0.0,0.0,0.0,0.0,0.0,0.0,0.0,0.0,0.0,0.0,4.141506,0.0,0.0,0.0,0.0,0.0,0.0,0.0,0.0,1.606785,0.0,0.0,0.0,0.0,0.0,2.9346483,0.0,0.0,0.0,0.0,6.697461,0.0,0.4168892,0.0,0.0,0.0,0.0,0.0,0.0,0.0,3.7608202,0.0,0.0,0.0,14.203196,0.0,9.911579,0.0
182_Control_de_Produccion.txt.txt,0.0,1.4635179,0.0,0.0,0.0,0.0,0.0,0.0,0.0,1.0538561,0.0,0.0,0.0,4.024002,0.0,2.477264,0.18992369,2.8746004,0.0,1.4451993,0.0,0.869481,0.0,0.0,0.18757428,1.305297,0.0,0.0,2.159121,0.0,0.0,0.0,10.973971,4.3555155,3.957288,0.42062825,4.720246,0.0,3.7282717,3.502171,0.0,0.06809579,0.0,0.0,0.0,5.2924404,9.837001,4.2367435,0.0,0.0,0.0,0.0,0.0,2.5524411,0.0,0.0,0.0,0.0,0.0,0.0
60_Coloquios_Gastr.txt.txt,0.0,0.0,0.0,0.0,0.0,2.9002073,0.0,2.625081,0.0,0.0,0.0,0.0,5.828192,0.0,0.0,10.576398,0.0,0.0,0.0,0.0,0.0,0.0,0.0,5.5972257,0.0,9.767142,4.1882505,0.0,5.977787,0.0,3.4426968,0.0,0.0,0.0,0.0,10.763384,0.0,0.0,0.0,0.0,5.1531034,0.0,2.094889,4.889313,0.0,0.0,0.0,0.0,0.0,0.0,0.005506955,0.0,0.0,0.0,0.0,0.0,0.0,9.551413,0.0,0.0
118_Fundamentos_de_las_Artes.txt.txt,5.5576777,1.6363251,0.26867864,0.14637783,1.5900122,0.0,0.5247713,3.1072528,0.0,0.5519169,2.1849318,4.056136,0.0,0.0,0.0,2.0480516,1.0945619,0.0,0.0,0.0,3.4165032,0.8279617,0.0,0.0,0.0,0.0,0.0,0.0,0.0,0.0,0.0,0.0,0.0,0.0,0.037684314,0.1176637,0.0,2.3892617,0.0,7.940609,2.417485,4.9254346,0.0,0.0,5.350721,0.0,0.0,0.0,3.387263,0.0,0.0,2.7203608,0.0,0.8836306,4.21854,1.621479,0.0,0.0,2.071523,6.629058
106_Negociacion.txt.txt,0.0,0.0,0.0,0.0,3.7814832,0.0,0.0,2.957698,0.0,0.0,0.0,0.0,0.0,0.0,0.0,0.0,0.0,0.0,10.07745,0.0,4.3836737,0.0,0.0,0.0,0.0,4.32615,0.0,0.0,0.0,0.0,1.034446,0.0,2.7954001,1.8485705,5.381397,0.0,0.0,0.0,0.0,0.0,8.763997,0.0,0.0,0.0,0.7799807,0.0,7.419472,7.8224797,8.661648,0.3414449,3.2724617,0.0,0.0,0.0,1.9084612,0.0,0.0,0.0,0.0,0.0
164_Analisis_Funcional.txt.txt,0.0,0.0,0.0,0.0,0.0,0.0,0.0,0.0,0.0,0.0,0.0,0.0,0.0,0.0,0.0,0.0,1.4127012,0.0,1.3980564,0.0,0.999678,0.0,0.84915876,0.0,0.0,0.0,0.0,0.0,0.0,1.331968,0.0,0.0,0.0,0.0,0.0,0.0,0.0,0.0,0.32575932,1.4010129,0.0,0.0,0.0,0.0,2.6511922,0.0,0.0,0.086163096,2.8036134,2.171215,0.20112613,0.0,0.0,0.0,0.0,0.0,0.0,0.0,0.0,0.0
153_Introduccion_a_Probabilidades.txt.txt,1.6230407,0.0,0.0,0.0,0.0,0.0,0.0,0.0,0.0,0.0,0.0,0.0,0.0,2.4972737,0.0,1.6981318,2.7473931,2.1009524,0.5960856,0.0,0.0,1.0701939,0.3341782,1.3197008,0.0,0.0,0.0,0.0,0.62435263,0.0,3.0274487,1.1582309,0.0,0.0,0.68706656,0.0,0.0,0.0,0.0,2.3181834,0.7539956,0.0,0.0,2.1885655,0.0,0.0,0.0,0.0,0.30083433,1.0984412,1.5963702,0.0,0.0,0.0,0.0,0.0,0.79739344,0.0,0.0,0.8783528
91_Inclusion_y_Diversidad.txt.txt,2.6876366,1.9751952,0.0,0.0,0.0,0.0,1.4679875,0.0,0.0,0.0,0.0,2.2365544,0.7462616,0.300935,0.0,0.0,0.0,0.0,0.0,0.0,0.0,0.0,0.0,0.0,0.0,0.0,0.45631683,0.0,0.0,0.15432984,0.0,0.0,1.6697121,0.5246764,0.0,1.8426042,0.0,0.0,0.0,0.0,0.0,0.0,0.0,0.0,0.0,0.0,0.0,0.25007787,0.0,0.0,0.0,0.0,0.10146142,0.0,0.0,0.0,0.0,0.0,0.0,0.0
117_Herramientas_Digitales_1.txt.txt,0.0,1.3560479,0.0,5.425206,0.0,1.2673709,0.0,7.003811,0.0,1.4777772,0.0,0.0,0.0,0.0,0.0,3.464566,5.6456485,0.0,0.0,0.0,1.8823019,0.0,0.0,0.0,0.0,0.0,0.0,0.0,3.833096,5.5392904,0.0,0.0,2.6996608,0.0,3.6223445,0.0,0.0,1.9401103,2.6930864,0.0,0.0,0.0,0.0,0.0,4.5083637,11.386437,0.0,2.3254523,3.4675872,0.0,0.0,3.4666884,0.0,6.825841,0.0,0.0,0.0,0.0,0.0,0.0
150_Variable_Compleja.txt.txt,1.6668696,0.0,1.4159276,0.0,0.0,0.0,0.6158069,2.30066,2.1848562,0.0,1.798315,0.0,4.522038,2.8989956,0.26252735,0.0,0.5237071,3.7319884,0.49087653,0.5930356,4.8199224,0.79551244,1.9088014,5.382374,0.0,0.0,0.0,0.0,1.3177112,0.26690036,1.236606,0.44927803,2.3907616,0.0,0.0,0.0,2.316827,1.0137806,0.0,3.9376664,0.07996582,0.0,1.136458,0.0,0.035400286,0.37841007,0.0,0.37357846,2.6961577,1.9324381,2.6569374,0.0,0.0,0.0074138334,0.0,0.0,0.0,0.21647322,0.0,3.9161177
83_Ensenanza_de_Matematicas.txt.txt,0.0,8.434257,0.0,0.0,0.0,0.0,12.864654,0.0,0.0,0.0,6.6221495,0.0,5.413,10.960209,0.0,0.0,0.0,0.0,0.0,1.1693122,0.0,0.0,0.0,5.0473456,0.0,0.0,0.0,6.3778863,0.0,0.0,0.0,0.0,0.0,1.9821974,0.0,0.0,0.0,0.0,0.0,0.0,0.0,8.598555,0.0,0.0,2.8687527,3.3722472,0.0,0.0,0.0,0.0,0.0,4.2162776,0.0,0.0,0.0,0.0,0.0,5.3615265,0.0,0.0
165_Algebra_Abstracta_2.txt.txt,0.0,0.0,0.0,0.0,6.316488,4.3520923,6.1639853,0.0,0.0,0.0,0.0,0.0,0.0,0.733624,0.0,0.0,0.0,0.0,0.0,0.0,0.0,0.0,0.0,8.675623,0.0,0.0,0.0,0.0,8.727435,0.0,0.0,6.3296313,3.9584172,0.0,0.0,0.0,0.0,0.0,0.0,0.0,0.0,0.0,5.6281595,4.880964,2.2018619,0.0,10.729224,1.1257885,0.0,0.0,5.7704096,0.0,0.0,0.0,0.0,3.2391474,0.0,0.0,0.0,0.0
140_Arte_y_Educacion___Curaduria.txt.txt,0.0,1.8042533,0.0,0.4546863,0.0,0.0,0.0,0.0,0.0,0.0,0.0,2.4539008,0.27253774,0.52774656,1.124344,1.6984519,0.0,1.0305791,0.0,0.0,1.6696216,0.0,0.0,0.0,0.0,0.0,0.0,0.62840843,0.0,0.0,0.0,2.387437,0.9026395,0.0,1.6041094,1.9307464,0.0,1.0894902,0.0,1.380378,0.96717376,1.8327736,0.66529083,1.0829462,2.0228043,1.0463054,0.0,0.252502,1.03729,0.0,0.0,0.19657867,0.0,0.07800543,0.67819333,0.8813753,0.0,0.0,0.0,2.59823
1_Escritura_Academica.txt.txt,2.6128395,0.0,1.7872653,0.0,0.0,0.21277963,0.0,0.0,0.0,0.0,0.0,0.0,0.0,0.0,2.808159,0.23463038,0.0,0.0,0.0,0.0,0.0,0.81544954,0.0,0.0,0.5541414,0.0,0.0,0.0,0.0,0.0,0.0,0.0,0.0,0.0,0.0,0.0,0.0,1.4971954,0.0,0.0,0.0,0.0,0.0,0.0,0.0,0.0,0.0,0.0,0.0,0.8972006,0.0,0.0,0.0514871,0.0,0.0,4.115885,0.0,1.1605486,0.0,0.0
15_Matematicas_Discretas.txt.txt,0.0,0.60271096,0.0,2.3619652,1.1827477,0.0027237998,0.5367921,0.0,0.0,0.0,0.0,1.451108,0.0,0.85213363,0.27465746,0.0,0.0,0.1873911,0.0,0.5327401,0.0,0.8024113,2.3085296,2.3794289,0.0,1.276114,0.0,0.7618563,1.0767183,0.0,1.5443628,1.9607693,0.0,0.89322895,0.0,0.0,0.0,1.101447,0.45917833,1.8378353,0.71385425,1.5647966,0.0,1.3060129,0.0,1.1450353,0.82694197,2.0581188,0.0,1.5035483,0.2549426,1.137318,0.33533338,0.0,2.5225127,0.0,0.0,1.876076,1.0243871,0.7391499
115_Tributacion_y_Entorno_Legal.txt.txt,0.9364376,0.0,0.0,1.6494436,0.0,0.0,0.0,0.0,0.0,0.0,9.9251175,7.4664917,11.008894,0.0,1.7397151,9.442204,0.0,0.0,0.0,0.0,0.0,0.0,0.0,4.831344,0.0,0.0,0.0,0.0,5.1147203,0.0,0.0,0.0,0.0,0.0,4.7784433,0.0,2.3437681,2.8189027,0.0,0.0,0.0,0.0,0.0,0.0,0.0,0.0,0.0,7.5384493,0.0,0.0,0.0,0.0,2.9691162,2.9368186,0.0,0.0,0.0,0.0,0.0,4.629446
2_Taller_de_Ing._Cs._Computacion.txt.txt,11.618722,0.0,0.0,0.0,0.0,0.0,3.0526595,4.208761,0.7689057,0.0,0.0,0.0,0.0,0.0,0.0,0.0,0.0,0.0,0.0,0.6011015,0.0,0.0,0.0,0.0,8.3954115,0.0,0.0,0.0,0.0,0.0,0.0,0.0,0.0,0.0,0.0,0.0,0.0,0.0,14.988747,6.376994,0.0,5.6582646,0.0,0.0,0.0,0.0,0.0,6.6174865,0.0,1.366644,0.0,0.0,8.616933,8.351277,0.0,0.0,0.0,9.631497,0.0,0.0
93_Practica_4.txt.txt,8.0171385,5.721855,0.0,0.0,0.0,0.72367513,0.0,0.0,0.0,0.0,0.0,7.4591274,0.0,0.0,0.0,2.876798,0.0,0.0,0.0,0.0,0.0,0.0,0.0,0.0,0.0,0.0,0.0,0.0,0.0,0.0,17.292408,2.68014,0.0,6.1013174,0.0,0.0,0.0,0.0,8.064506,0.0,0.0,0.0,0.0,9.511313,0.0,0.0,0.0,0.0,0.0,2.138293,0.0,8.314289,0.0,0.0,0.0,4.6015987,0.0,0.0,0.0,0.0
12_Ingles_Nivel_3.txt.txt,8.516875,0.0,0.0,0.0,0.0,0.0,0.0,4.2881603,0.0,0.0,2.421849,0.0,0.0,10.716084,9.165775,6.8325987,0.0,0.0,0.0,0.0,4.980236,0.0,0.0,0.0,0.0,0.0,5.16933,0.0,0.0,0.0,0.0,0.0,6.9813523,8.242692,0.0,0.0,0.20133623,0.0,0.0,0.0,0.0,0.0,0.0,0.0,0.0,0.0,0.0,0.0,0.0,0.0,0.0,0.0,0.0,1.4709213,0.0,2.3666883,0.0,0.0,0.0,9.8872595
163_Geometria_Diferencial.txt.txt,0.0,0.0,0.0,0.0,0.08910759,0.0,0.0,0.0,4.313906,4.934045,0.0,0.0,0.0,0.0,0.0,0.0,0.0,7.2197576,0.0,0.0,0.0,0.0,6.886567,0.0,0.0,8.741326,0.0,0.0,0.0,4.7330904,7.3063927,0.0,0.0,0.0,0.0,0.0,0.0,0.0,0.0,7.524951,0.0,6.661699,0.0,0.0,5.672876,7.600548,0.0,0.0,0.0,0.0,0.0,2.9749815,6.097031,0.5645109,0.0,0.0,0.0,0.0,0.0,0.0
22_Algebra_Lineal_1_+Ej.txt.txt,0.0,0.0,3.3703015,3.9271731,10.398414,0.0,0.0,0.0,3.5648143,0.0,0.0,0.0,0.0,0.0,0.0,0.0,0.0,3.7662022,0.0,1.6340885,0.0,0.0,2.9413755,0.0,0.0,0.0,2.4240372,0.0,0.0,0.0,3.188978,0.0,0.0,0.0,0.0,0.0,5.125443,0.0,0.8903374,0.0,0.0,0.0,9.851081,0.0,0.0,0.0,0.0,9.2988,4.5728493,15.275979,0.0,0.0,0.0,0.0,0.0,2.0890265,0.0,0.0,0.0,0.0
69_Administracion_de_Eventos.txt.txt,0.0,4.071516,7.3812838,0.0,0.0,0.0,0.0,0.0,9.194803,0.0,0.0,0.0,0.0,0.0,0.0,0.42757002,0.0,10.163611,15.243645,0.0,4.888066,3.5172217,0.0,0.0,0.0,0.0,8.022479,0.0,0.0,0.0,0.0,0.0,0.0,0.0,1.7893586,8.834899,0.0,0.0,0.0,0.0,0.0,0.0,0.0,0.0,0.0,0.0,0.0,0.0,0.0,0.0,0.0,0.0,2.1156418,0.0,0.0,0.0,0.0,0.0,11.098934,0.0
61_Alta_Cocina_Francesa.txt.txt,0.0,0.0,0.0,0.0,0.0,0.0,0.0,0.0,0.0,6.3888636,0.0,0.0,0.0,0.0,0.0,0.0,0.0,0.0,0.0,2.0815394,0.0,0.0,0.0,0.0,9.939695,9.3094015,0.0,0.0,0.0,6.749886,0.0,0.0,0.0,6.3595257,0.0,0.0,0.0,3.0455575,0.0,0.0,0.0,0.0,0.0,12.596166,0.0,11.977267,1.5119727,0.0,0.0,0.0,0.0,0.0,0.0,0.0,0.0,7.22974,0.0,0.0,0.0,6.529478
123_Fundamentos_de_Escultura.txt.txt,0.0,0.0,1.4039707,2.8806036,0.8914042,5.409555,0.0,4.4505434,0.0,4.1004906,0.0,0.0,0.0,0.0,0.3560166,0.0,3.600215,0.0,0.0,0.0,0.0,0.0,0.0,0.0,0.0,1.0909595,0.0,0.0,0.0,0.0,0.0,0.0,9.270349,0.0,3.4861698,1.5899123,0.0,0.0,0.0,0.0,0.0,3.856248,4.0828857,0.0,3.9025698,7.3075557,0.0,0.0,0.0,7.0582433,0.0,0.0,0.0,0.0,1.5222948,0.0,0.0,0.0,0.0,7.2627735
126_Arte_Contemporaneo.txt.txt,0.0,0.0,0.0,3.0760517,0.0,0.0,0.0,0.0,0.0,0.0,0.1260747,0.0,3.1341798,0.0,1.7493024,0.67248166,6.779035,0.0,0.0,0.0,3.6594272,0.0,7.850942,0.0,0.0,0.0,2.300856,4.168377,0.0,4.7576184,3.6334004,0.0,4.477357,0.0,0.0,3.5460162,0.0,0.0,0.0,0.0,3.895765,0.0,0.0,1.0794755,5.2507815,0.0,0.0,0.0,0.0,0.0,0.0,1.6613705,0.0,0.0,0.0,0.0,0.0,0.99329257,5.7653546,6.241754
86_Bilingualism.txt.txt,0.0,0.0,0.23159339,0.0,0.0,0.08753799,1.734965,0.68691975,0.0,1.1981846,0.0,2.1031492,0.0,0.0,0.0,0.0,0.0,0.8485611,0.0,0.26013893,0.0,0.0,0.0,0.0497947,0.5089095,0.0,0.028384622,2.1235375,0.0,0.0,2.2175655,1.0481906,0.68233234,0.0,0.0,0.0,0.2997821,0.0,0.0,0.0,0.0,0.7048866,1.2082258,0.0,3.1316104,0.0,0.0,0.0,0.0,0.0,0.0,1.6495192,0.0,0.0,0.0,0.9536065,1.1694155,0.77505404,0.125032,0.0
180_Diseño_de_Produccion.txt.txt,1.7055968,1.4671893,1.9609435,3.8504336,0.0,0.0,0.0,0.0,0.49950883,2.555664,0.0,0.0,0.83679175,0.0,0.0,0.13918713,0.0,0.0,1.8008018,1.908343,3.6608195,0.5044947,0.0,0.0,0.35247743,2.1265888,0.0,1.7396779,0.0,0.0,0.0,1.104952,1.1505358,0.0,0.0,1.6668324,0.0,1.4481977,0.0,0.5097892,0.0,0.86562943,1.6951195,0.0,0.0,2.1981068,2.3039682,0.0,0.0,0.47185698,0.77752036,0.0,0.7537788,3.3037124,0.0,0.0,0.27108398,0.0,1.7548232,1.2671921
97_Principios_de_Marketing.txt.txt,0.0,0.0,0.0,0.0,3.4546225,0.0,0.0,2.26139,0.0,0.0,0.0,0.0,0.3085494,0.0,5.5570536,1.2344362,0.0,3.7018056,0.0,0.0,0.0,0.0,0.0,4.701833,0.0,0.0,4.0350633,0.0,0.0,0.5486724,0.0,0.0,0.0,4.3959723,6.53428,0.0,0.0,0.0,0.0,6.270005,0.0,5.8868885,5.9161696,0.0,0.0,0.0,4.580234,0.0,0.0,0.0,0.0,0.0,1.334082,0.0,0.0,0.0,0.0,0.0,8.845797,9.647983
109_Investigacion_de_Mercados.txt.txt,0.0,0.0,0.0,0.10478356,0.20525081,0.0,0.0,0.0,0.0,0.0,0.0,0.0,0.0,3.940567,0.9007063,0.0,0.0,0.0,2.7648623,0.0,0.0,0.0,0.0,0.0,0.0,3.4790866,0.0,0.0,0.0,2.2976196,0.0,0.0,10.891506,5.6373324,0.115831725,0.0,0.0,0.0,0.0,7.9091873,7.004679,0.0,0.0,0.0,0.0,4.6943665,0.0,0.0,0.0,0.0,6.0864873,2.5660706,0.40029716,0.0,7.223477,0.0,6.307841,0.0,5.332602,0.0
21_Programacion_de_Apps.txt.txt,8.335224,0.7235934,5.5159183,0.0,0.0,0.0,0.0,0.0,0.0,0.0,12.17393,0.0,0.0,0.0,0.0,0.0,0.0,0.0,0.0,5.7688103,5.4978566,1.1480051,0.0,0.0,0.0,0.0,0.0,0.0,8.771714,8.734637,0.0,0.0,0.0,0.0,0.0,0.0,0.0,0.0,0.0,0.0,0.0,0.0,0.0,0.0,0.0,0.0,2.6696851,0.0,0.0,0.0,5.6130548,10.998324,0.0,0.0,0.0,0.0,9.165203,0.0,0.0,0.0
137_Matematicas_Cotidianas.txt.txt,0.0,0.9643142,0.0,0.0,1.0068817,1.5070107,0.0,2.721913,1.9379622,0.0,2.1641586,0.0,0.0,2.432706,0.0,2.8883054,2.2985165,0.0,0.0,0.25820902,0.41265878,0.0,1.0866178,1.1876777,0.90116537,1.7716193,0.0,0.0,0.17040348,0.0,0.0,0.9239884,0.0,0.0,0.0,0.0,1.979302,1.2539092,2.221856,0.8917135,0.0,2.2923548,0.8858082,0.004962587,1.1685709,0.6256591,0.07953185,0.90463084,1.1075591,0.6285646,0.0,0.08670996,1.2008412,0.0,1.4460658,2.8746731,0.0,1.5396699,2.183411,0.0988528
169_Improvisacion.txt.txt,0.0,0.0,0.0,0.0,0.0,0.0,0.0,4.4090996,2.0404723,0.0,4.8515186,9.996223,0.0,0.0,0.0,0.0,0.0,0.0,0.0,0.0,0.0,0.0,0.0,0.0,0.0,7.936196,0.0,0.0,0.0,6.2110806,0.0,0.0,0.0,0.0,0.0,0.0,0.0,0.0,0.0,0.0,0.0,4.069577,0.0,0.0,10.0864935,7.927888,2.0726523,0.0,0.0,0.0,7.557484,0.0,0.0,0.0,0.0,0.0,0.0,2.034357,0.0,9.386977
14_Programacion_Avanzada_en_C++.txt.txt,0.0,0.0,0.0,0.0,0.0,0.0,3.1696298,2.6853926,5.0948853,6.9522266,9.281584,0.0,0.0,6.7609463,0.0,0.0,3.962552,0.0,1.5535593,0.0,4.8143406,5.316328,0.0,0.0,0.0,0.0,0.0,0.0,2.8525064,2.9655101,0.0,0.0,0.0,1.0453207,6.530394,0.88788855,0.0,0.0,1.8820369,0.0,0.0,0.0,4.698544,0.5114073,0.0,0.0,0.0,0.0,0.0,0.0,0.0,0.0,0.7091716,0.0,0.0,0.18994403,0.0,6.4631104,0.0,0.0
154_Fundamentos_de_Geometria.txt.txt,0.0,0.0,5.3860774,0.0,6.5678988,0.0,0.0,0.0,0.0,0.0,0.0,0.0,0.0,9.826418,8.055626,0.0,0.0,5.3656864,0.0,0.0,1.9052546,0.0,9.0215435,0.0,0.0,6.2590613,0.0,0.0,9.489186,0.0,0.0,0.0,0.0,0.0,0.0,0.0,0.0,0.0,0.0,1.0090419,0.0,0.0,0.0,0.0,0.0,0.0,0.0,8.538207,0.0,0.0,0.0,0.0,0.0,0.0,0.0,0.0,0.0,0.0,0.0,9.705401
13_Ingles_Nivel_4.txt.txt,6.598554,0.0,0.48807958,0.0,0.0,0.0,2.2948709,0.0,0.0,0.0,0.0,0.0,0.0,0.0,3.913684,1.4599481,0.0,0.0,0.0,0.0,0.0,0.0,0.0,4.917941,2.3344054,0.0,0.0,0.0,5.404155,0.0,0.0,0.0,0.0,0.0,10.018765,6.7317924,0.0,0.0,0.0,0.0,0.0,0.0,4.9294987,2.403864,0.0,0.0,0.0,0.0,0.0,2.6298523,0.0,2.611083,0.0,0.0,0.0,12.373272,0.0,9.210318,0.0,0.0
43_Mineria_de_Datos.txt.txt,0.0,0.0,0.0,0.0,8.664356,0.0,0.0,0.0,0.0,0.0,12.694281,0.0,0.0,0.6190306,0.0,0.0,0.0,0.0,0.0,0.0,0.0,0.0,0.0,0.0,0.0,0.0,9.032738,0.0,0.0,0.0,0.0,0.0,0.0,0.0,0.0,0.0,3.0858626,0.0,9.90558,0.48908073,5.260384,0.0,0.0,7.632196,0.0,0.0,0.0,0.0,6.9597793,0.0,11.091933,0.0,0.0,0.0,0.0,0.0,8.674772,0.0,0.0,0.75827175
149_Teoria_de_Grupos.txt.txt,0.0,9.456443,0.0,0.0,0.0,0.0,0.0,0.0,0.0,0.0,0.0,2.5153663,0.0,4.673782,0.0,0.0,0.0,4.386926,0.0,0.0,0.0,0.0,7.3489985,3.6138923,0.0,0.0,0.0,0.0,13.221202,0.0,0.0,0.0,0.0,0.0,0.0,0.58909017,6.411003,0.0,0.0,0.0,0.0,0.0,0.9554158,2.021453,0.0,0.0,2.7665734,1.6635402,0.0,0.0,0.0,0.0,0.0,0.0,7.3955836,2.221432,8.172228,0.0,0.0,3.6919007
142_Produccion_&_Exhibicion.txt.txt,0.73443407,1.6619499,2.2387247,0.0,1.9664142,0.0,0.0,0.0,0.0,0.57030344,2.458604,0.6158709,0.83961457,0.0,0.3176374,0.0,0.0,0.0,0.0,0.0,1.4806327,0.648939,0.53894544,0.578209,2.8987033,1.6052568,0.0,0.69821084,0.092772596,0.5226621,0.0,0.0,1.3407133,0.0,0.0,0.48124108,0.5967779,1.0714948,0.0,2.8960238,0.0,1.1503447,0.0,0.0,1.8024639,0.7048795,2.1546347,0.0,0.0,0.0,0.65430206,0.84526294,2.234761,2.0772586,2.6420178,0.0,0.0,0.0,0.0,0.14115115
152_Calculo_para_Ciencias_2.txt.txt,0.0,0.0,0.7496795,0.0,2.0410807,0.0,1.5206459,1.9326774,4.47681,0.7459599,1.4101574,2.1959894,1.9953637,2.4272838,0.0,0.0,0.0,2.102463,0.0,0.0,0.8694824,2.73754,1.7459874,1.8261368,0.0,0.0,0.0,0.0,0.0,1.2058519,1.1751089,1.5111328,0.37778044,0.0,0.95443434,0.0,0.33630395,0.0,0.0,3.4075003,1.7211959,2.978577,0.42387143,0.9562873,0.08733098,2.2457814,1.5637923,1.2829285,3.755598,3.101693,1.2448778,0.0,0.0,0.27931514,0.0,0.40773013,0.0,0.0,0.0,2.5069253
81_Practica_1.txt.txt,0.0,3.4476643,0.0,0.0,1.9361427,0.0,0.0,0.0,0.0,0.0,0.0,3.1925793,0.0,0.0,3.3300476,0.61271304,0.0,0.23881918,0.0,1.4334115,0.0,0.0,0.0,0.0,0.0,0.14659345,0.0,1.7361858,1.0098141,0.0,4.5668344,4.226059,0.0,0.0,0.3300419,0.9462866,0.0,0.5168013,2.3858624,0.0,1.6177535,0.0,1.0415739,4.246135,0.0,0.0,0.0,0.8513337,0.0,0.6008576,0.079036795,0.0,3.1834512,0.33478725,0.0,0.7282468,0.0,0.59875447,0.0,0.0
57_Alta_Cocina_Ecuatoriana.txt.txt,0.0,0.0,0.0,0.0,0.51684916,0.7722799,3.2464151,0.0,2.0257602,1.8762246,0.0,0.0,0.0,0.0,1.1097201,1.7617958,0.74207306,0.0,0.0,1.2717944,0.0,0.0,0.0,2.0230737,3.0082104,0.0,0.0,0.0,0.0,0.0,1.5662823,0.0,0.0,1.9866704,3.3249397,0.0,0.11888777,0.0,0.0,0.16475832,0.0,0.8584036,0.0,0.5002226,1.711447,0.0,0.0,0.0,0.0,0.09477889,0.0,0.10061531,1.4898256,0.0,0.0,0.5358684,0.0,0.0,0.0,1.6203194
16_Introduccion_a_la_Economia.txt.txt,0.0,0.0,0.0,0.0,0.0,0.052166805,0.0,0.0,0.0,0.0,0.44065624,0.9483724,1.2520183,0.28020403,0.7999956,1.45872,1.1559598,0.4785301,3.330551,0.08265112,1.1001937,0.0,0.0,1.3063132,0.0,0.0,0.0,0.46113738,0.0,0.0,0.0,0.0,0.26657018,0.4856899,1.3545163,0.0,2.7913306,0.0,0.60336626,0.0,1.1109086,0.0,2.4671218,1.2820766,0.0,0.0,1.1251847,2.1161342,1.7746166,0.0,0.38396397,0.0,0.0,0.49892846,1.4280164,0.0,1.0474,0.0,1.345959,0.0
75_Planificacion_y_Evaluacion_1.txt.txt,2.4134984,0.0,0.0,14.747526,0.0,8.768484,15.723081,0.0,0.0,0.0,0.0,0.0,0.0,5.7518363,0.0,0.0,0.0,0.0,0.0,0.0,0.0,0.0,0.0,5.6038857,11.598601,0.0,7.877435,0.0,0.0,0.0,5.9193983,0.0,0.0,0.0,0.0,0.0,0.0,0.0,0.0,0.0,0.0,0.0,5.553705,0.0,0.0,0.0,0.0,0.0,0.0,0.0,0.0,0.0,0.0,0.0,0.0,0.0,0.0,0.0,0.0,1.0471255
8_Programacion_en_C++_+Ej.txt.txt,4.6182365,0.0,1.8468139,0.0,0.0,0.0,0.0,0.0,0.42895877,0.0,0.0,0.0,0.0,2.9391334,0.0,0.0,0.0,5.1642456,0.0,1.5706207,0.0,0.0,0.0,0.0,0.0,4.6916013,0.0,0.0,0.0,1.613336,8.228584,0.0,0.0,4.2223263,5.3689895,0.0,7.6822104,0.039674193,2.6020894,0.32757592,0.0,5.3930697,9.734615,0.0,0.0,0.0,2.4563458,0.0,0.0,0.0,0.0,0.0,0.0,0.0,0.0,0.0,1.3134055,8.155125,0.0,0.0
68_Enologia_y_Cocteleria.txt.txt,0.0,0.0,0.44733706,0.0,0.0,0.5182113,0.0,0.0,0.0,0.0,0.0,0.0,0.09179616,0.0,2.0341074,0.0,0.0,0.0,2.2258675,0.384626,0.0,0.0,0.0,0.0,0.0,0.0,0.0,0.0,0.52191156,0.0,0.0,0.0,0.0,0.0,0.0,0.0,0.0,0.04353419,0.0,0.0,0.0,0.0,0.0,0.0,0.0,0.27297777,0.0,0.0,0.0,0.0,0.0,0.0,0.0,0.0,0.0,0.0,0.0,0.0,0.0,0.0
143_Programacion_Para_Diseño_1.txt.txt,0.0,0.0,0.0,0.0,0.0,0.0,2.0899184,0.0,0.0,0.0,3.6989229,0.0,0.0,3.0760834,0.0,0.0,0.0,0.0,3.4328089,0.2678496,0.0,6.5477533,0.0,0.0,0.0,0.0,0.0,0.0,5.9278765,5.0025396,0.0,0.0,0.0,3.8633344,2.517619,0.0,0.0,0.0,10.230507,0.0,0.0,2.2997077,6.8098235,0.0,0.0,13.615485,0.0,0.7830964,2.1270826,0.0,0.0,0.0,1.9679273,3.5546145,0.0,0.0,0.0,0.0,0.0,0.0
108_Economia_y_Negocios.txt.txt,2.3472483,0.0,0.74440813,0.0,0.0,1.6117135,0.0,0.0,0.0,0.0,0.0,0.0,2.7496953,0.0,0.0,7.400515,5.603892,0.0,4.28491,0.0,0.0,2.0643337,0.0,0.0,0.0,0.0,0.0,1.5349157,0.0,6.4747334,0.0,0.41477567,0.0,0.0,2.7844515,0.0,0.0,0.0,0.0,0.0,0.0,4.5035043,0.0,3.1292248,2.020308,4.4921203,6.3240385,5.403256,0.0,2.4875174,5.8696985,0.0,0.0,0.0,2.218013,0.0,0.0,0.0,0.0,0.0
98_Estadistica_Empresarial_+Lab.txt.txt,0.0,2.6360478,0.0,0.0,0.0,0.0,0.0,0.0,0.0,0.0,0.0,0.0,0.0,2.332187,0.0,0.0,6.9215117,0.0,0.0,0.0,0.0,0.0,0.0,0.0,0.0,0.0,3.0310116,0.5462413,3.195001,0.0,0.0,4.3407235,1.4257109,0.0,7.5509944,0.0,0.0,0.0,4.3062563,0.11063188,5.830831,0.0,1.9307612,3.500866,0.0,4.0311923,0.0,6.778162,3.462526,0.0,4.4405885,0.0,0.0,0.0,0.0,0.0,9.089754,0.0,2.9968665,0.0
82_Metodologias_de_Ensenanza.txt.txt,0.0,11.4043665,0.0,0.0,7.7878776,2.0879357,0.0,0.0,0.0,0.0,0.0,0.0,0.0,0.0,8.897097,0.0,0.0,0.0,0.0,0.0,0.0,0.0,0.0,0.0,0.0,0.0,8.533661,0.0,0.0,0.0,0.0,0.0,3.7379327,0.0,0.0,0.0,0.0,0.92291677,0.0,0.0,11.559794,12.091084,2.449379,0.0,5.601128,0.0,0.0,0.0,0.0,0.0,0.0,11.202576,0.0,0.0,0.0,0.0,0.0,0.0,0.0,0.0
160_Ecuaciones_Diferenciales_Parciales.txt.txt,1.0960585,0.0,0.0,2.8108554,0.0,0.0,1.0515469,0.0,1.5149816,0.028140962,0.0,5.038485,0.0,0.0,0.0,0.0,0.0,0.0,0.0,1.6271036,0.8751321,0.0,1.1404116,1.6115664,0.0,1.671849,0.0,1.9865649,2.6900613,0.0,1.3713423,0.0,0.0,0.0,0.0,0.0,0.0,2.3396773,0.0,1.9276284,0.0,0.0,2.7418702,0.0,0.0,0.8167136,0.0,1.4386861,3.7272964,3.233672,0.0,0.0,0.0,0.0,0.0,0.0,0.0,1.0073547,0.0,0.0
48_Principios_de_Administracion.txt.txt,1.4601868,0.0,8.524571,0.0,0.0,0.0,0.0,0.68694514,0.0,0.0,0.0,0.0,0.0,0.0,0.0,9.22911,0.0,0.0,4.430085,4.520514,0.0,0.0,0.0,0.0,0.0,4.905121,4.486361,0.0,0.0,0.0,0.0,0.0,0.0,0.0,0.0,0.0,15.703988,0.7577322,0.0,2.3910093,0.0,0.0,0.0,0.0,0.0,0.0,0.0,0.0,0.0,0.0,1.9093242,0.0,0.0,0.0,10.887003,0.0,1.9376242,0.0,7.9858103,0.0
90_Practica_3.txt.txt,0.21945785,0.0,0.0,0.0,1.6986688,0.50715375,0.85928226,0.0,2.6168847,0.0,3.4509304,2.132869,0.0,0.0,0.0,0.0,2.473005,0.0,0.0,2.5716047,0.0,0.0,0.0,0.0,1.4649452,0.0,0.0,4.169412,0.7831256,0.0,6.2292995,2.7326636,0.0,3.0223951,0.0,1.1378471,0.0,0.0,0.0,0.0,0.0,0.8033148,0.0,2.4827564,0.0,0.0,0.0,0.0,0.0,0.0,0.0,0.124178275,0.31693256,0.0,0.24923602,3.0648773,0.0,0.0,0.0,0.0
52_Contabilidad_Empresarial.txt.txt,1.5495074,0.0,5.991203,0.0,0.0,0.0,0.0,0.0,0.0,3.8872187,0.0,0.0,0.0,0.0,4.0898447,0.0,0.0,0.0,0.0,0.0,0.0,0.0,0.0,0.0,0.0,8.002395,0.0,0.0,0.0,0.0,0.0,0.0,0.0,0.0,6.538385,0.0,13.129705,0.0,0.0,0.0,0.0,0.0,10.068024,0.0,0.0,0.0,0.0,7.8741136,11.666024,0.0,7.0290794,0.0,0.0,0.0,0.0,0.0,0.0,0.0,7.473105,1.1231987
121_Dibujo_para_Arte_y_Diseno.txt.txt,2.041299,0.0,2.4733417,0.55032426,0.0,0.014232503,0.16211836,2.864692,0.8307152,0.0,0.0,1.8254797,0.51017624,1.1050245,0.0,0.1233506,0.0,0.0,0.0,0.07398634,0.56377244,0.2974883,0.0,0.0,0.0,0.53174466,0.18521465,2.1060245,0.6959582,0.0,0.0,0.0,0.49011004,0.45344067,0.0,1.7340636,1.3324778,2.1094859,2.1282744,2.3672493,0.0,2.2078154,0.0,0.46160302,1.4574193,1.9902502,1.6429408,0.0,0.5222435,3.5404618,0.0,0.680806,0.0,1.1336399,2.3373048,0.8424222,0.97836244,0.51287585,0.0,0.06525235
76_Estadistica_para_CCSS.txt.txt,0.0,1.315273,0.0,0.3523712,1.4842453,0.18659489,0.0,0.8874544,0.0,0.0,0.22846612,0.0,0.0,4.214864,0.0,0.0,1.9531937,0.0,0.0,0.20542084,0.0,1.5611693,0.0,0.0,0.0,0.0,0.0,0.0,0.0,0.0,1.5076908,2.0348563,0.37365872,0.0,1.7980697,0.26145136,0.10474186,0.0,0.0,4.6088047,4.003746,0.0,0.89427507,0.0,3.012136,0.8731006,0.0,3.0019705,1.0772753,0.2192502,0.0,0.0,1.8336477,0.0,0.0,2.8869264,3.2052186,0.0,0.0,0.0
45_Proyecto_Integrador_CMP.txt.txt,0.0,0.0,0.0,0.0,10.456836,0.0,0.0,0.0,0.0,0.0,0.0,0.0,0.9522515,0.0,0.0,0.0,0.0,0.0,0.0,0.0,0.0,0.0,0.0,0.0,17.236248,0.4273251,0.0,5.0121493,0.0,3.1003666,6.5367994,0.0,0.0,0.0,0.0,0.7466021,6.686033,8.411173,0.35313976,3.7760715,0.0,0.0,0.0,1.8700252,0.0,0.0,0.0,0.0,0.0,0.0,0.0,0.0,11.168421,7.6324034,0.0,0.0,0.0,0.0,0.0,0.0
131_Taller_de_Investigacion.txt.txt,0.13187423,0.47007897,1.5367581,1.2170208,2.6278136,0.0,1.019373,0.9279559,0.0,0.0,2.2096298,1.8274999,0.7292892,0.0,1.0636733,0.0,0.0,0.5194444,0.0,0.0,3.8817015,0.0,2.4057417,0.0,1.9520192,3.3379087,0.0,0.5778086,0.0,1.1442181,0.0,2.4520373,0.0,1.1018008,0.17097056,0.0,0.0,1.1248125,0.0,3.4543118,0.036115907,0.1817261,0.0,0.0483556,0.0,1.3617584,3.2143123,1.1249881,0.0,0.9931562,0.37995082,0.24759349,1.6674465,0.0,3.0602086,1.4149551,1.1935818,0.618323,0.8846963,2.508949
84_Ensenanza_de_Ciencias_Sociales.txt.txt,0.5876373,1.6132369,0.0,0.0,1.737683,1.2793952,4.5651913,0.38523394,0.0,2.4584787,0.0,2.2504857,0.7660566,1.8876737,1.6207517,0.0,0.0,0.0,0.0,0.3087589,0.0,0.0,0.0,1.9815503,0.0,0.0,0.0,4.1401114,0.0,0.0,1.7440782,0.0,0.0,0.0,0.0,1.1022929,0.0,0.14189214,0.83833665,0.0,0.0,3.897772,0.0,0.641442,0.0,0.32149035,0.0,0.075927824,0.0,0.0,0.0,0.0,1.3227412,1.8500923,0.0,0.0,0.0,0.4857316,0.0,0.0
9_Calculo_Integral_+_Ej.txt.txt,4.166013,0.6648907,0.0,0.0,0.0,0.0,0.0,3.07533,0.0,0.0,0.0,0.0,0.0,1.7759273,0.0,4.461349,0.0,4.749545,0.0,3.070814,0.8177582,0.0,3.5536098,1.1409006,0.0,0.0,0.0,0.0,0.0,3.2412791,0.0,0.30662477,0.0,0.9260959,1.9304832,0.0,3.0442915,0.0,0.0,5.225571,0.0,2.2665539,0.0,4.240836,0.0,0.0,0.0,0.0,8.427403,6.6542873,4.797324,2.0446274,0.0,0.0,0.0,0.0,0.0,0.0,0.0,3.9390907
23_Fisica_para_Ingenieria_2_+Lab_Ej.txt.txt,0.78277755,3.3376355,0.0,0.0,0.0,0.0,0.0,0.0,0.97228193,0.0,0.0,1.057749,0.41662863,0.43907592,0.0,1.7118065,1.9360648,0.0,0.0,0.0,0.0,1.3805112,1.9159071,2.8540258,0.0,0.0,0.0,0.0,0.0,0.0,0.0,0.05555334,0.0,0.0,0.0,0.6628531,0.0,0.0,0.0,1.9384129,0.0,0.0,0.0,0.0,0.0,0.21607953,1.6840718,0.2300658,0.0,0.11452379,0.0,0.0,0.0,0.0,0.5816172,0.11337707,0.21011287,0.0,0.0,0.0
132_Enfasis_1.txt.txt,0.0,0.0,1.0875213,2.1567707,3.8099668,0.0,0.0,0.15673243,0.48633868,0.51342535,0.76036924,0.0,0.0,2.783842,0.9491719,0.0,2.9515662,0.0,1.5410274,0.0,0.29340795,0.0,0.0,1.3892045,0.0,0.0,0.31070003,0.4675905,2.7378297,0.9745508,0.0,4.4269204,0.77158433,0.0,0.0,5.290203,0.0,1.4141992,0.0,0.0,6.5679555,3.1723118,0.0,2.2967699,0.0,4.0609074,0.0,0.0,0.38198444,0.0,0.0,0.0,0.45862728,0.0,2.6112044,0.87049836,0.0,0.0,0.0,0.0
107_Operaciones_+Lab.txt.txt,0.0,3.3412285,0.0,0.0,3.5312514,0.0,0.0,4.342129,0.0,2.1080306,0.06702533,0.0,0.0,4.1662188,0.0,10.382234,5.6622534,5.7786756,0.0,0.0,0.0,0.0,0.0,0.0,0.6637274,0.0,0.0,2.0796216,0.0,0.0,0.0,5.4100223,0.0,0.0,0.0,0.0,1.0338323,2.0474901,0.0,0.0,0.0,0.0,0.0,0.0,0.0,3.7423878,5.4624863,7.265707,0.0,0.0,0.0,4.237679,0.15400137,0.0,0.0,5.011589,0.0,0.0,0.0,0.0
145_Programacion_Para_Diseño_3.txt.txt,5.669616,7.104444,0.0,0.0,0.0,0.0,8.972264,7.12728,0.0,0.0,0.0,0.0,0.0,0.0,0.0,0.0,0.0,0.0,0.0,0.0,0.0,0.0,0.0,4.202937,0.0,0.0,0.0,0.0,0.0,12.331668,0.0,4.0691743,0.0,0.0,7.3012,0.0,0.0,6.680321,0.0,2.253821,0.0,0.0,0.0,0.0,0.0,4.852276,0.0,0.0,0.0,0.0,8.667486,5.2371945,0.0,0.0,0.0,0.0,0.0,0.0,0.0,0.0
94_Zoologia_+Lab.txt.txt,0.0,8.110362,0.0,8.853295,0.0,9.730666,0.0,0.0,0.5601976,10.351071,0.0,0.0,0.0,0.0,0.0,0.0,0.0,12.007497,0.0,0.0,0.5580995,0.0,14.525696,0.0,0.0,0.0,5.7977347,0.0,0.0,0.0,0.0,0.0,0.0,14.900747,0.0,0.0,0.0,4.495547,0.0,0.0,0.0,0.0,0.0,0.0,0.0,4.7113028,0.0,0.0,0.0,0.0,0.0,0.0,0.0,0.0,0.0,0.0,0.0,0.0,0.0,0.0
113_Negocios_Internacionales.txt.txt,0.0,0.0,2.7525165,0.62737346,0.0,0.0,1.6343001,2.4847476,0.0,2.7686737,0.05844256,0.0,0.68722695,0.0,0.0,1.5323193,0.0,0.0,0.0,0.0,0.0,0.0,0.0,1.0383627,0.0,0.0,0.4562385,1.0155427,0.6851569,0.8923008,1.2556531,0.20074777,0.32570153,0.067715466,0.0,1.687655,0.85784674,0.0,0.0,0.0,1.5077791,0.93304604,1.4793121,0.86187124,0.0,0.0,0.03915623,1.1238194,0.0,0.0,0.0,0.0,0.0,0.0,1.7439668,0.0,0.36785263,0.7438462,0.4383066,1.4240925
20_Ingles_Nivel_6.txt.txt,0.0,0.0,0.0,0.0,0.0,0.0,0.0,0.0,0.0,0.0,0.0,0.0,0.0,0.0,11.489906,0.0,0.0,0.0,0.0,1.007691,0.0,0.0,3.4756472,6.1878796,0.0,0.81366605,0.0,0.0,0.0,0.0,0.0,4.259444,9.777556,12.000628,0.0,0.0,0.0,0.0,0.0,0.0,0.0,0.0,1.0758132,0.0,0.0,0.0,0.0,0.0,0.0,0.0,0.0,10.742913,0.0,0.0,0.0,11.720376,0.0,6.2918925,0.0,7.0117865
112_Gestion_del_Talento.txt.txt,0.0,0.5858566,2.3336537,0.0,0.0,0.0,0.0,0.0,1.705546,3.5181215,0.0,0.0,0.0,0.0,0.0,0.0,1.6756984,1.4065996,1.8895113,3.3927727,0.2829012,0.0,0.0,0.0,0.0,0.0,0.24610984,0.0,1.14224,0.0,0.0,0.0,0.0,0.0,0.93703645,0.0,0.84542096,0.0,0.0,1.7367039,0.0,0.0,0.0,0.194627,0.0,0.0,1.97066,0.0,0.0,0.19416055,0.0,0.0,0.39845285,0.0,0.0,1.4125124,0.0,0.24894702,3.0875764,0.0
77_Neurociencia_y_Educacion.txt.txt,0.0,0.0,0.0,0.0,0.0,4.3235455,0.46996897,0.0,0.0,0.0,0.0,0.0,0.09833881,0.0,1.5308921,0.0,0.0045416523,0.0,0.0,0.0,1.4714628,0.0,0.0,0.0,0.0,0.3689717,2.1565487,0.1372422,0.0,0.0,0.0,1.5983704,0.0,0.0,0.0,0.0,0.0,0.6734684,0.0,0.0,0.0,0.0,0.0,0.0,0.0,0.0,0.0,0.0,0.0,0.0,0.0,0.0,0.0,0.0,0.0,0.0,0.0,0.0,0.0,0.0
166_Topologia_1.txt.txt,0.0,0.0,0.0,0.0,0.9997835,0.0,0.0,0.0,0.0,0.0,0.0,0.0,0.0,2.315169,0.0,0.0,0.5859543,0.0,0.0,1.2662679,0.9541204,0.0,2.1669571,0.0,0.0,2.6806576,0.0,0.0,0.5555466,0.4054379,0.0,1.4027022,0.0,0.11987081,0.0,0.0,1.7987514,0.016741188,0.0,0.0,0.0,0.70607704,0.0,0.02792386,1.0080345,0.0,0.0,2.2425613,0.0,0.0,0.0,0.0,0.0,0.89822847,0.0,0.53818065,0.0,0.0,0.7835621,0.28361073
95_Fisiologia_+Lab.txt.txt,0.0,0.0,0.0,0.0,0.0,0.0,0.0,0.0,0.0,0.0,8.524959,0.0,0.0,0.0,0.0,10.874749,0.0,0.0,18.103632,0.0,0.0,0.0,18.707571,0.0,0.0,0.0,0.0,0.0,0.0,0.0,0.0,0.0,10.823606,0.0,0.0,22.693558,0.0,0.0,0.0,0.0,0.0,0.0,0.0,0.0,0.0,0.0,0.0,0.0,0.0,0.0,5.7581983,9.361691,0.0,0.0,0.0,0.0,0.0,0.0,0.0,0.0
134_Enfasis_2.txt.txt,0.0,0.0,0.0,7.043737,3.8146,0.0,0.0,0.0,0.0,0.0,0.0,0.0,0.0,2.018541,4.6844115,0.0,0.0,0.0,0.0,0.0,0.0,0.0,0.0,0.0,0.0,0.0,3.0205057,2.196384,6.004445,0.0,0.0,7.242527,0.0,0.0,0.0,8.203585,0.0,0.0,0.0,1.0669794,6.9150763,0.0,0.0,5.9540734,0.0,9.092248,0.0,0.0,0.0,0.0,0.0,0.0,0.0,0.0,7.0954623,2.6444294,0.0,0.0,0.0,0.0
148_Calculo_para_Ciencias_1.txt.txt,0.0,0.0,0.0,0.0,0.0,0.0,0.0,1.3160672,5.0521746,0.0,0.0,0.0,0.0,3.1581197,0.0,0.0,0.0,0.8974015,0.0,0.0,0.0,0.9831786,7.3933134,1.7969822,0.0,0.0,0.0,3.8427155,0.0,5.381721,0.0,0.22638418,0.0,4.1604967,0.9270768,0.0,0.0,0.0,0.0,0.0,4.2741475,8.127118,0.0,0.0,1.8552471,5.9323897,0.0,0.0,7.605562,8.605648,0.0,0.0,0.0,0.0,0.0,4.5668945,0.0,0.0,0.0,0.0
31_Organizacion_de_Computadores.txt.txt,0.0,0.0,0.0,0.0,0.0,0.0,0.0,0.0,12.083233,0.0,4.572696,8.409045,0.0,7.3627253,0.0,0.0,0.0,0.0,6.231792,13.0872,0.0,0.0,0.0,8.375725,0.0,3.9927564,0.0,0.0,0.0,0.0,0.0,0.0,0.0,0.0,0.0,0.0,0.0,0.0,0.0,0.0,0.0,0.0,0.0,0.0,0.0,0.0,0.0,0.0,0.0,8.826466,0.0,0.0,14.237382,0.0,0.0,0.0,0.0,0.16741598,0.0,0.0
46_Matematica_Empresarial_+Ej.txt.txt,0.0,0.0,0.0,0.0,0.0,0.0,0.0,0.0,4.447948,0.0,0.0,0.0,0.0,7.60944,0.0,0.0,0.0,0.0,4.469764,0.0,0.0,0.0,0.0,1.9818871,0.0,0.19476587,0.5517793,5.52177,0.0,0.0,0.0,0.96565855,0.8403181,1.6131942,0.0,0.0,10.258835,0.0,5.610885,0.0,0.0,0.0,10.267886,0.0,0.0,0.0,0.0,5.516376,9.74043,0.4336903,0.0,0.0,0.0,0.0,5.777511,0.0,1.9176531,0.5757995,0.0,2.0573335
147_Modelado_3D_1.txt.txt,0.0,0.5089506,0.0,0.0,0.0,1.0421925,0.0,1.406472,0.53469354,0.0,2.1270077,0.0,0.54102474,2.059505,0.0,0.0,3.1949122,0.0,0.0,0.68298966,0.0,1.5039239,0.0,0.069187745,0.0,0.0,0.0,0.0,0.0,1.8225006,0.0,0.0,1.039934,0.0,1.2597136,1.1914455,0.0,0.0,0.0,2.107597,0.0,0.0,0.64140093,0.0,0.0,0.0,0.0,0.0,0.0,0.0,2.8261015,0.37631312,0.8066522,0.0,0.0,0.0,0.0,0.0,0.0,0.297345
114_Innovacion_y_Sustentabilidad.txt.txt,0.0,0.4507961,0.0,0.6631685,0.54370594,0.0,2.776663,0.0,0.17141904,0.0,2.42294,0.0,2.4286933,0.0,1.2362812,0.8769016,0.57531244,0.0,0.0,0.3459366,1.5965241,0.0,0.0,0.0,0.0,0.0,0.0,0.9519079,0.261773,2.8473625,0.32590157,0.0,0.3427076,0.1933718,0.0,2.8328598,2.244577,0.0,0.0,0.20252651,0.71783954,1.9670249,0.0,0.0,0.423095,0.9123722,0.6707307,0.0,2.046376,0.0,0.0,0.031923037,0.0,0.0,2.8733726,0.0,0.6982878,0.0,0.0,0.0
39_Proyectos__Gerencia_y_Analisis.txt.txt,0.0,9.738663,0.0,0.0,0.0,0.0,0.0,0.0,4.7259717,0.0,0.0,0.0,3.2372434,0.0,0.0,0.0,0.0,0.0,0.0,0.0,0.0,0.0,0.0,0.0,0.0,0.0,13.5676565,7.8907676,0.0,0.0,0.0,0.0,5.9516034,0.0,3.565579,0.0,7.693852,3.3288932,4.081976,8.645783,0.0,0.0,0.0,0.0,0.0,0.0,0.0,0.0,0.20143124,0.0,0.0,4.072976,2.0730336,0.0,0.0,7.5733123,0.0,0.0,0.0,0.0
27_Estructuras_de_Datos.txt.txt,0.0,5.58517,5.555487,10.22837,1.522497,0.0,0.73284215,0.0,0.0,0.0,5.9922214,0.0,0.0,0.0,0.0,0.0,0.0,10.550171,0.0,0.0,0.0,1.2004455,0.0,0.0,0.0,0.0,0.0,0.0,0.0,0.0,0.0,0.0,0.0,0.0,5.2611303,0.0,0.0,0.0,0.0,0.0,0.0,0.0,5.394845,0.0,0.0,0.0,0.0,0.0,8.873717,0.0,2.2960155,10.614758,10.969303,0.0,0.0,2.24925,0.0,0.0,0.0,0.0
87_Practica_2.txt.txt,0.0,8.117597,0.0,0.0,9.867404,0.0,0.0,0.0,0.0,0.0,8.4707,5.0166078,0.0,0.0,6.37872,3.6270816,0.0,0.0,0.0,6.605677,0.0,0.0,0.0,0.0,0.0,0.0,0.0,8.584244,0.0,0.0,13.878152,0.0,2.300948,0.0,0.0,0.0,0.0,0.0,0.0,0.0,0.0,0.0,0.0,6.5112147,0.0,5.0668106,0.0,0.0,3.4217782,0.0,0.0,0.0,0.0,0.0,0.0,0.0,0.0,0.0,0.0,0.0
174_Proyecto_final_en_Danza.txt.txt,0.0,0.0,0.0,0.0,0.0,0.0,0.0,0.0,0.0,0.0,9.117638,0.0,0.0,0.0,4.207804,0.0,0.0,0.0,0.0,0.0,0.0,0.0,0.0,1.4254228,0.0,0.0,9.056083,8.870993,0.0,10.131556,3.5111742,0.0,0.0,0.0,0.0,0.0,0.0,4.807427,0.0,6.6010785,0.0,0.0,0.0,7.7632704,0.0,0.0,8.151198,1.5269468,0.0,0.0,0.0,0.0,0.0,0.0,0.0,0.0,0.0,1.7986519,6.3520436,0.0
173_Performance.txt.txt,6.8994064,0.0,0.0,0.0,0.0,0.0,0.0,0.0,0.0,0.0,0.0,0.0,0.0,0.0,10.250507,0.0,0.0,0.0,8.551868,0.0,0.0,0.0,10.235559,0.0,8.597945,0.0,0.0,0.0,5.9774857,0.0,2.8505695,4.6068616,7.2808433,0.0,8.306194,0.0,0.0,0.0,0.0,0.0,0.0,0.0,3.8375285,0.0,0.0,0.0,0.0,0.0,0.0,0.0,0.17484334,0.0,0.0,0.0,0.0,0.0,0.0,0.0,6.4533057,0.0
96_Evolucion.txt.txt,0.0,0.0,0.0,0.0,0.0,6.9508743,0.0,0.0,0.0,0.0,0.0,0.0,0.0,0.0,0.0,0.0,5.2958035,0.0,0.0,0.0,0.0,15.757619,20.304913,0.0,0.0,0.0,0.0,0.0,0.0,0.0,0.0,0.0,0.0,0.0,0.0,0.0,0.0,15.737483,0.0,0.0,0.0,0.0,0.0,4.0794234,0.0,0.0,0.0,0.0,11.153392,0.0,0.0,0.0,0.0,5.819426,12.368804,0.0,0.0,0.0,0.0,0.0
41_Coloquios_ING.txt.txt,0.0,0.0,0.0,0.0,0.0,9.022416,0.0,0.0,0.0,0.0,6.2047987,0.0,0.0,0.0,8.380713,0.9745434,0.0,0.0,0.0,0.0,0.0,0.0,0.0,0.0,0.0,8.946426,0.0,0.0,0.0,0.0,2.7012782,0.0,0.0,0.0,0.0,8.252055,0.0,0.0,0.0,0.0,7.151073,0.0,3.1385663,2.8326316,0.0,0.0,0.0,0.0,0.0,4.3472047,9.835315,0.0,0.0,0.0,0.0,0.0,0.0,9.006678,0.0,0.0
59_Introduccion_al_Marketing_HSP.txt.txt,0.0,0.0,0.0,0.0,9.696195,0.0,6.2341,0.0,8.234078,0.0,0.0,0.0,0.0,0.0,0.12837407,0.0,0.0,3.6975088,0.0,0.0,0.0,1.2037121,0.0,0.0,0.0,0.0,5.8586516,0.0,0.0,0.0,0.0,0.0,0.0,7.2956786,0.0,0.0,1.1898569,3.1586623,2.8028615,0.0,0.0,0.0,0.0,0.0,0.0,0.0,0.0,0.0,0.0,0.0,0.0,0.0,4.2660303,0.0,0.0,9.70273,0.0,0.0,12.067143,6.5637302
111_Proyectos_Empresariales.txt.txt,4.5161643,4.450409,0.0,0.0,1.9748477,0.0,0.0,0.0,0.0,5.3146687,0.0,0.56449383,0.0,0.0,0.0,5.2918043,4.7367396,0.28208286,0.0,0.0,3.6930153,0.55089504,0.0,0.0,0.0,0.0,0.0,4.6150155,0.0,0.0,0.0,0.0,2.4856105,0.0,5.5931063,0.0,1.6723065,2.364383,0.0,0.0,3.2325256,1.7809831,5.46696,0.0,0.0,0.0,6.984313,0.0,0.0,0.0,0.0,0.0,1.7705387,0.0,8.381957,0.0,0.5723133,0.0,1.8940959,0.0
157_Analisis_Numerico.txt.txt,1.1080942,0.0,0.0,0.37160608,0.46817917,0.0,3.7547963,0.94044846,0.0,0.0,0.0,1.0455524,1.132114,0.0,0.0,0.0,0.0,2.8465214,1.7078815,1.909267,0.0,0.0,0.29855877,0.8250059,0.0,2.350728,0.21157531,0.0,2.6626816,0.0,0.0,1.4651334,0.0,0.0,0.0,0.12896825,0.0,0.0,0.0,1.1985065,0.0,0.0,2.0046573,0.76155376,0.70173436,0.060774155,2.5576932,1.5279102,2.517544,3.6625245,0.0,0.8006173,0.0823028,0.0,0.0,0.0,0.10083122,0.0,0.0,0.0
88_Ensenanza_de_Ciencias.txt.txt,8.47078,5.6935487,0.00025715586,0.0,0.0,5.704838,0.0,0.0,0.0,0.0,0.0,11.451591,0.0,0.0,0.0,0.0,0.0,0.0,0.0,0.0,0.0,0.0,0.0,0.0,0.0,0.0,0.0,8.970675,0.0,0.0,0.0,0.0,0.0,5.016588,0.0,0.0,1.6241386,0.0,0.0,0.0,8.128875,0.0,8.049632,0.0,0.0,5.450891,0.0,1.8693434,0.0,3.753451,0.0,0.0,0.0,9.293145,0.0,0.039504442,0.0,0.0,0.0,0.0
104_Finanzas_Corporativas.txt.txt,1.9239341,0.0,2.6315563,0.0,0.0,0.07880925,0.0,1.3271055,0.7040535,3.0831225,0.0,0.0,1.4919508,0.6817076,1.4488773,1.2444291,0.0,1.0988895,0.29920235,0.0,0.0,0.0,0.0,0.0,0.0,0.0,1.5566906,2.68664,1.0572064,1.2279061,0.0,1.8160466,0.60313296,0.0,0.38846073,0.0,1.556364,2.17016,0.0,0.48855168,0.0,2.466893,3.5491045,0.0,1.125471,0.0,0.058995605,0.04036525,0.0,0.0,0.64363426,0.0,0.0,0.8917483,0.0,0.0,0.2794906,3.5536375,0.06743901,0.0
156_Inferencia_Estadistica.txt.txt,0.0,1.0437415,0.0,5.0496697,0.0,0.0,0.0,0.0,0.0,5.8400354,0.0,1.917928,0.0,11.796782,0.0,0.0,0.0,0.0,0.0,0.0,0.0,4.918117,0.0,0.0,0.0,0.0,7.523054,0.0,0.0,0.0,0.0,2.1217456,0.0,0.0,5.061585,2.2256992,0.0,0.0,0.0,0.0,9.386617,0.0,0.0,0.0,5.629226,0.0,0.0,0.0,0.0,3.1521325,0.0,0.0,0.0,0.0,0.0,3.9672801,11.815079,0.0,0.0,0.0
29_Teoria_de_la_Computacion.txt.txt,1.5563484,0.0,0.047048897,2.3457735,0.11682619,0.0,0.0,0.0,0.23690344,0.0,0.0,0.0,0.0,1.8244357,0.47786647,0.0,0.0,0.0,0.0,0.0,2.2612548,0.0,0.0077657066,1.2576963,3.9475958,0.31046158,0.0,0.85252035,0.9576488,0.0,0.0,0.0,0.0,0.0,0.0,0.0,0.13551779,0.0,0.0,1.3928576,0.4379217,0.0,0.0,1.7556124,0.0,1.3141719,0.0,0.0,0.5981707,0.0,0.0,0.0,0.0,0.0,0.8556396,0.0,0.0,1.9450523,0.0,0.0
73_Teorias_del_Aprendizaje.txt.txt,0.40929008,0.5772754,0.0,0.0,0.6442026,4.4277062,0.8645594,0.0,0.0,0.0,0.0,0.14319524,0.0,0.0,3.4653656,0.0,1.7793876,0.0,3.6664765,0.0,0.41854852,0.0,0.0,0.0,0.0,0.0,0.0,0.29596397,0.0,0.0,1.5741558,0.0,0.0,0.0,0.0,0.0,0.0,0.0,0.0,0.0,3.9081967,0.0,0.0,2.8504891,0.0,0.0,0.0,0.0,0.0,0.13555238,0.0,0.11047773,0.0,0.0,0.842088,0.0,1.4411025,1.4406677,0.8473726,0.0
168_Analisis_Real.txt.txt,0.0,0.0,0.0,0.0,0.30525026,0.0,0.0,3.6920154,0.0,2.0207922,0.0,0.0,0.0,14.2135515,0.0,0.0,4.03679,3.1108415,0.0,0.0,0.0,0.0,0.0,10.783619,0.0,0.0,0.0,0.0,0.0,0.0,0.0,2.1401026,0.0,1.0310475,0.0,0.0,5.959893,6.0369353,0.0,9.599242,0.0,0.0,0.0,4.0735636,0.0,6.3372707,0.0,0.0,0.0,0.0,0.0,0.0,0.0,0.0,0.0,0.0,0.0,6.239493,0.0,4.684845
74_Desarrollo__Niño_y_Adolescente.txt.txt,0.0,0.0,10.286224,0.0,0.0,7.9095535,0.0,0.0,0.0,0.0,0.0,6.9669733,10.819473,0.0,14.378061,0.0,0.0,0.0,0.0,0.0,0.0,0.0,0.0,0.0,0.0,0.0,0.0,0.0,0.0,0.0,0.0,0.0,0.0,0.0,0.0,0.0,17.693476,0.0,0.0,3.160784,0.0,12.829392,0.0,0.0,0.0,7.800147,0.0,0.0,0.0,0.0,0.0,0.0,0.0,0.0,0.0,0.0,0.0,0.0,0.0,0.0
92_Proyecto_Integrador_EDU.txt.txt,0.0,0.0,0.0,0.0,10.632224,0.20304202,0.0,0.0,10.865869,0.0,0.0,0.0,0.0,0.0,3.5149016,0.0,0.0,0.0,0.0,0.0,0.0,0.0,0.0,0.0,6.937702,0.0,0.0,6.143684,8.080022,7.641302,0.0,0.0,0.0,0.0,2.120733,0.0,0.0,0.0,2.7987554,1.0631952,0.0,0.0,0.0,0.0,0.0,0.0,0.0,0.0,0.24658379,0.0,0.0,0.0,0.0,0.0,0.0,0.0,4.6903906,10.87348,8.908093,0.0
38_Sistemas_Operativos.txt.txt,0.0,0.0,0.0,0.0,1.0471345,2.8757179,0.81618816,0.2688412,0.7253556,3.0779586,2.5708776,0.06489155,0.0,0.0,0.0,2.2285404,2.729549,2.0579288,0.0,1.4229896,0.0,2.817228,0.0,0.0,0.0,0.44001117,0.0,0.21801737,0.0,0.0,0.0,2.8634725,0.9710855,1.2287346,1.7472622,0.0,0.0,0.0,0.84897494,0.0,0.0,0.0,0.0,0.0,0.0,0.0,0.96751255,1.0372959,0.0,0.7726363,0.3705578,0.0,0.0,0.22167811,0.0,0.63061696,0.0,0.19514751,0.0,0.0
40_Practica_Pre-Profesional_PASEM.txt.txt,0.0,0.0,0.0,0.0,0.8257266,0.0,0.0,0.0,0.0,0.0,1.8614583,0.0,0.0,0.0,1.5604799,0.0,0.086186886,0.0,0.0,0.0,0.0,0.0,0.0,0.0,4.525511,1.2398999,0.0,0.0,0.0,0.22744733,1.3925191,0.0,0.0,0.6846695,0.0,0.0,0.0,1.9897779,0.0,0.0,0.0,0.0,0.0,2.6356785,0.0,0.0,0.2200759,0.9417511,0.0,0.0,0.8003216,0.0,0.81601423,0.39513603,0.0,1.9189188,0.0,0.0,0.0,0.0
70_Gerencia_Financiera_HSP.txt.txt,1.2906021,9.110994,0.0,0.0,0.0,0.0,0.0,0.0,6.5810885,0.0,0.0,0.0,0.0,0.0,0.0,0.0,0.0,0.0,2.4064875,0.0,0.0,0.0,0.0,0.0,0.0,0.0,10.216185,0.0,0.0,0.0,0.30792722,0.0,12.409219,0.0,0.0,0.0,0.0,0.0,0.0,0.0,0.0,0.0,0.0,5.3564773,0.0,0.0,0.0,4.398844,7.5245056,0.0,10.888441,0.0,0.0,4.2960067,0.0,0.0,0.0,13.835053,0.0,0.0
172_Composicion.txt.txt,0.0,0.0,0.0,9.667676,0.0,0.0,0.0,1.5254166,0.0,3.7210574,0.0,0.0,3.4164383,3.2642272,6.8556237,0.0,0.0,0.0,0.0,0.0,0.0,10.395851,0.0,4.4946537,0.0,0.0,4.284998,0.0,0.0,4.879267,0.0,0.73419136,2.1099656,0.0,0.0,0.0,0.0,0.0,0.0,0.0,0.0,0.0,0.0,0.0,1.5075439,0.0,0.0,0.0,0.0,0.0,9.311994,0.0,0.0,0.0,0.7233783,0.0,0.0,0.0,3.2024245,8.889468
136_Laboratorio_de_Creacion_3.txt.txt,0.0,0.99788094,0.87690127,2.1438613,1.5643266,0.8555487,3.1539302,0.7570545,0.0,0.36659688,1.8071365,0.9439318,1.2025338,0.13537052,0.0,0.62752146,1.7308608,0.0,0.0,0.0,1.8205646,0.0,0.0,0.0,0.0,1.3779517,0.34190533,0.0,0.0,0.9459389,0.0,0.0,1.5860589,0.0,0.63982326,4.010541,0.0,3.2138667,0.0,2.091949,0.34131125,0.0,0.5655164,0.0,1.3913758,2.508792,4.9093237,0.0,0.6017539,3.535699,0.1715515,0.0,0.0,0.0,3.4426043,0.2664834,1.9865777,0.3813272,0.0,2.069521
5_Cosmos.txt.txt,0.71848774,0.0,0.0,0.0,0.0,1.7021074,0.0,0.0,0.8893134,0.0,0.0,0.0,0.0,0.0,0.0,0.0,0.0,0.8979602,0.0,0.0,2.5555096,0.0,0.0,0.0,0.0,1.8731747,0.0,0.0,0.0,0.0,0.0,0.0,0.0,0.24458477,0.0,0.0,0.0,0.0,0.0,1.1508968,0.0,0.0,0.0,0.0,0.0,0.0,0.0,0.0,0.6948064,0.0,0.0,0.0,0.0,0.0,0.5387081,0.0,0.0,0.0,1.9041196,0.0
122_Fotografia_1.txt.txt,2.9588432,0.0,3.0265665,8.529286,0.0,0.0,2.0225801,0.0,0.0,3.9325676,0.0,0.0,0.0,0.0,5.692785,6.2522216,0.0,3.0275283,0.0,0.0,1.0318016,0.0,0.0,0.0,0.0,0.0,0.0,0.0,5.0028343,0.0,0.0,2.1372871,0.0,0.0,0.0,0.0,0.0,0.0,5.8541393,0.0,0.0,0.0,0.0,0.0,0.0,6.3291345,1.360078,0.0,1.32819,0.0,0.0,0.0,1.7950358,4.718011,0.0,0.0,7.7189317,0.0,3.296002,0.9041817
128_Taller_de_Arte_1.txt.txt,1.0985241,0.0,0.0,8.130261,7.354371,0.0,0.0,0.0,0.0,3.1647725,8.805812,3.6472077,0.0,0.0,0.0,0.0,0.0,0.0,0.0,2.283245,4.5162344,3.7401779,4.716277,0.0,1.6855195,0.0,0.0,5.7347693,0.0,2.5916026,0.0,5.7943335,0.3861224,0.0,0.0,2.0506928,0.0,1.2215943,3.9215991,0.0,4.6387124,0.0,0.0,0.0,0.0,0.0,0.0,0.0,0.0,0.0,0.0,0.0,0.0,0.0,0.0,0.0,0.0,0.0,0.34353346,0.0
49_Panaderia.txt.txt,0.0,0.0,0.03773793,0.0,0.0,1.6262363,0.16480152,0.0,0.0,0.0,0.0,0.0,0.0,0.0,0.0,0.0,0.0,0.8384651,1.55884,3.92782,0.0,0.0,0.0,0.0,0.0,0.0,1.1583862,0.0,0.0,0.18831235,0.0,0.0,0.0,0.0,0.0,0.0,0.0,0.0,0.0,0.0,0.0,0.0,0.0,1.0464072,0.027687952,0.014361136,0.0,0.0,0.0,0.0,0.0,0.0,0.0,0.0,0.0,1.4840593,0.0,0.0,0.0,0.0
144_Programacion_Para_Diseño_2.txt.txt,2.181352,0.0,0.0,1.0395639,0.0,0.0,2.1353645,0.4078802,0.24023892,1.5125453,5.305062,0.0,0.0,2.2067065,0.0,0.0,0.8265872,0.0,3.2377968,1.1787728,0.27556852,2.039231,0.0,0.0,0.0,0.4095956,0.0,0.0,1.2891128,2.0572171,0.0,0.0,0.0,0.0,0.0,0.0,0.0,0.5660042,3.2517583,0.0,0.0,0.0,0.0,0.026857741,0.0,2.9770954,0.0,0.0,0.16277698,0.0,0.07240375,2.8877335,0.0,3.108085,0.0,0.0,0.6217529,1.1458397,0.8477461,0.0
170_Danza_Moderna_2.txt.txt,0.0,0.0,2.3701851,0.0,0.0,0.0,0.0,5.565018,0.0,0.0,7.08822,2.1404257,0.0,0.0,0.0,0.0,0.0,0.0,0.0,0.0,0.0,11.029683,0.0,1.2425507,5.3992095,0.0,0.0,0.0,0.0,2.8305626,0.0,0.0,11.407619,0.0,0.0,0.0,2.0639267,0.0,0.0,0.0,4.7647862,5.975438,2.584962,0.0,4.903135,0.0,6.7057776,0.0,0.0,0.0,0.81313473,0.0,0.0,0.0,2.926256,0.0,0.0,1.6268449,0.0,0.0
159_Combinatoria_y_Grafos.txt.txt,0.0,0.0,4.493833,7.309514,0.0,0.0,0.0,0.0,0.0,5.1789656,0.0,3.3747253,0.0,0.0,0.0,2.534428,0.0,4.9923,0.0,0.0,0.0,7.5372534,0.0,1.8435163,0.0,0.0,0.0,0.0,0.0,0.0,0.0,4.4226117,0.0,0.0,0.0,0.0,0.0,0.0,0.0,0.0,4.016302,4.772335,2.7566059,0.0,0.0,0.0,4.3255377,0.0,0.0,0.0,2.5275486,9.781186,0.0,0.0,0.0,0.0,5.539346,0.0,0.0,0.5014372
103_Coloquios_adm.txt.txt,0.0,0.0,0.0,0.0,0.0,1.4707127,0.0,0.0,2.632598,0.0,1.0331264,0.0,0.0,0.0,3.4668128,4.280384,1.6172792,0.0,0.0,0.0,3.11909,0.0,0.0,2.8118095,0.0,3.2963047,0.0,0.0,0.0,0.0,3.517061,0.0,0.0,0.0,0.0,4.63575,0.0,3.1756754,0.0,0.0,3.2863069,0.0,4.610237,4.4428477,2.7869177,0.0,4.4906983,0.0,4.82159,1.4219657,1.9653587,0.0,1.2492999,1.544924,0.0,0.0,0.0,4.1732783,0.0,4.5823627
71_Identidad_Culinaria.txt.txt,0.0,0.0,0.0,0.0,0.0,0.0,3.567503,0.0,0.0,0.0,0.0,0.0,0.0,0.0,1.7668762,0.0,0.0,0.8919279,1.0082877,0.0,1.1758152,0.0,0.0,0.0,0.0,0.7880241,0.0,0.0,0.0,0.38690108,1.016225,0.0,0.0,2.1229002,0.0,0.0,0.0,0.15264675,0.0,0.0,0.0,0.85773754,0.0,0.0,0.0,0.0,0.0,0.0,0.0,0.0,0.0,0.0,0.0,0.0,0.0,0.0,0.0,3.6638093,1.2919047,0.0
120_Laboratorio_de_Creacion_1.txt.txt,0.0,0.0,6.559326,0.0,3.1589658,0.0,3.2652721,5.456337,0.0,0.0,0.0,3.3468344,0.0,0.0,3.3475714,0.0,1.2326819,0.0,0.0,0.0,0.0,0.0,0.0,0.0,1.2025045,0.0,2.671282,1.1770698,0.0,0.0,0.0,0.69850963,0.0,0.0,0.0,2.3799472,0.0,9.107759,0.0,2.8249812,0.0,0.0,0.0,0.0,3.5864084,0.0,4.7152557,0.0,5.185381,6.788977,1.802731,0.0,0.0,0.0,5.5570736,3.289756,1.4539633,0.0,0.0,0.0
51_Introduccion_a_la_Hospitalidad.txt.txt,0.0,2.651091,0.0,0.0,0.0,0.0,2.5484197,0.0,3.3312862,0.0,0.0,0.0,2.6720042,0.0,0.0,3.106384,0.0,0.0,5.785322,0.0,0.0,0.0,0.0,0.0,0.0,1.536555,0.66398424,0.0,0.0,0.0,0.0,0.0,0.0,3.5694427,0.0,1.149534,0.0,0.0,0.77660096,0.0,0.03816115,0.0,0.0,1.2030091,0.0,0.0,4.107633,0.0,0.8679007,0.0,0.97796446,0.0,0.7436898,0.0,0.0,0.60610044,0.0,1.352941,4.555865,0.0
175_Lenguaje_del_Cine.txt.txt,0.0,0.0,0.0,9.194198,0.0,0.0,0.0,0.0,0.0,11.670897,0.0,0.0,0.0,4.775875,0.0,0.0,0.0,0.0,3.5428722,0.0,8.235341,0.0,0.0,0.0,3.676373,1.843993,0.0,3.5947187,0.0,0.0,0.0,0.0,0.0,0.0,0.0,0.0,0.0,0.0,0.0,0.0,0.0,0.0,7.7837877,0.0,3.6243887,4.6549735,0.0,0.0,0.0,2.9837978,0.0,0.0,1.4212285,0.0,0.0,0.0,5.5977025,4.975837,0.44625354,0.0
19_Ingles_Nivel_5.txt.txt,0.0,0.0,0.0,0.0,0.0,0.0,0.0,0.0,0.0,0.0,0.0,0.0,0.0,0.0,0.0,0.0,0.0,0.0,0.0,0.0,8.542232,0.0,0.0,4.8397155,4.08662,0.0,0.0,0.0,7.6183567,0.0,0.0,0.0,8.436487,0.0,0.0,10.5667305,8.124535,10.022025,0.0,0.0,0.0,0.0,0.0,2.5606055,0.0,0.0,0.0,0.0,0.0,0.0,0.0,6.278998,0.0,3.3034923,0.0,0.0,0.0,0.0,0.0,11.512702
177_Cinematografia.txt.txt,4.6224914,0.0,7.448171,9.347046,0.0,0.0,0.0,0.0,0.0,3.4844196,0.0,0.0,6.409038,0.0,0.0,0.0,0.0,0.0,0.0,0.0,2.551919,0.0,5.9203067,0.0,0.0,0.0,0.0,0.0,0.0,0.0,0.0,3.4658475,10.335625,0.0,0.0,0.0,0.0,2.4404657,0.0,0.0,0.0,1.3694824,0.0,0.0,0.0,6.4769497,1.751189,0.0,0.0,0.0,5.304069,0.0,0.0,9.318472,0.19810253,0.0,0.0,0.0,0.549635,0.0
133_Taller_de_Arte_2.txt.txt,1.1152442,0.0,2.1145473,0.7032393,2.4639537,0.0,1.5463562,1.1833379,0.0,1.6661217,4.2860675,3.7004087,1.0759014,0.0,0.33139402,0.0,0.54175365,0.0,0.0,1.7898111,4.7217484,0.8655662,0.81802505,0.37904507,3.2724469,0.54696095,0.0,2.9291809,0.0,1.8843567,0.0,1.480955,1.9248235,0.0,2.0356464,0.61581546,0.0,1.8467662,1.7965746,0.20828897,0.118218414,0.0,1.026328,0.0,0.0,0.0,2.0595078,0.0,0.0,0.3358922,0.539292,0.7684691,0.0,0.0,3.3680885,1.0714704,0.0,2.0207038,0.0,2.831916
6_Ingles_Nivel_1.txt.txt,0.8220494,0.07002665,0.0,0.0,0.0,0.0,0.0,1.0223026,0.480034,1.1363106,1.8562088,1.8674812,0.0,0.0,0.0,2.6883657,0.0,0.15885013,0.0,0.85163903,1.7420343,0.0,0.0,3.710421,1.0116767,0.0,0.0,0.0,1.943122,0.46220267,0.0,0.0,1.1961061,0.9273979,1.5180541,0.5338123,0.0,0.0,0.0,1.1314006,0.0,0.5920814,0.0,1.8760741,1.3693218,0.67978823,0.0,0.0,2.3042939,1.2554158,0.8630101,0.6731218,0.0,1.3720255,0.2708828,3.2000797,0.0,2.1778507,1.8310088,0.7389937
179_Storytelling.txt.txt,0.41259372,0.0,1.0274067,2.3216972,0.018190753,0.7924198,0.0,0.092588075,0.0,0.0,0.0,0.0,0.0,0.86292636,0.0,0.0,0.0,0.0,0.32317996,0.0,0.0,0.0,0.0,0.6712937,0.0,0.0,0.0,0.4566482,0.0,0.0,0.0,0.0,0.0,0.0,0.0,0.0,0.0,0.0,0.82778436,0.0,0.0,0.0,0.0,0.17025523,0.26396328,0.0,0.0,0.0,0.0,1.013646,0.0,0.0,0.7071769,0.0,0.0,0.0,2.2809677,0.7624825,0.0,0.0
37_Redes_+Lab.txt.txt,0.0,0.0,0.0,0.0,0.0,0.0,0.0,0.0,0.0,0.0,0.0,0.0,0.0,3.9489744,0.0,0.0,9.483536,8.187974,0.0,0.0,0.0,0.0,9.348634,0.0,4.303435,0.5195875,12.091425,0.0,0.0,0.0,0.0,0.0,0.0,0.0,1.9441493,1.4817529,0.0,0.0,7.340662,0.0,0.0,0.0,4.3116755,0.0,0.0,0.0,9.416318,0.0,0.0,0.0,0.0,13.01239,0.0,0.0,0.0,0.0,0.0,0.3466295,0.0,0.0
146_Juegos_y_Narrativa.txt.txt,0.0,1.2933848,0.0,0.10990559,0.0,0.0,0.52822167,0.010578552,0.0,0.0,0.0,0.0,3.4574478,1.5806779,0.0,0.0,0.0,0.0,0.0,1.6110083,0.23511621,0.0,2.3810947,0.0,2.031436,0.0,0.0,1.0245208,0.0,0.0,0.0,0.0,0.0,0.5355975,0.0,0.0,0.007636193,0.0,0.0,0.0,0.0,0.0,0.0,0.0,1.0229537,0.7726003,0.0,0.0,0.0,0.0,0.0,1.5222025,1.4961985,1.5722681,0.0,0.80514014,0.0,1.1362791,1.595278,0.0
167_Topologia_2.txt.txt,0.0,0.0,0.0,0.0,0.0,4.2344613,0.0,0.0,0.0,0.0,3.5632014,0.0,0.0,0.0,0.0,0.0,0.0,1.6385655,0.0,0.0,0.0,2.7636085,0.0,6.551605,0.0,0.0,0.0,3.011646,4.1561933,0.0,2.6739037,0.0,0.0,0.0,0.0,1.8247399,3.707728,0.0,0.0,3.6355157,0.0,4.9541297,0.0,0.0,0.0,0.0,0.0,6.756704,0.0,0.0,9.744931,7.028692,0.0,0.0,6.639672,7.961976,0.0,0.0,0.0,0.06617443
139_Taller_de_Arte_3.txt.txt,2.2797158,0.0,2.3370414,0.0,6.1506705,2.3984437,0.0,0.0,0.0,0.0,5.8699737,4.4566035,1.7772276,0.0,0.0,0.0,0.0,0.0,0.0,0.0,7.2693424,2.3632903,1.8904239,0.0,4.982167,3.5608423,0.0,4.99861,0.0,3.2880957,0.35332763,0.0,0.0,0.0,0.7278412,0.0,0.0,0.0,1.8408717,6.1538363,0.0,0.2281524,0.0,0.052821383,0.0,0.0,4.258446,0.0,0.0,0.0,0.0,0.0,0.0,0.0,0.8593077,0.0,0.0,1.1849557,0.0,2.8686707
33_Diseño_de_Sistemas.txt.txt,0.0,0.0,0.0,0.0,0.0,0.0,0.0,0.0,0.0,0.0,0.0,0.0,0.0,0.0,0.0,0.0,0.0,0.0,0.0,3.7528174,0.0,0.0,0.0,0.0,0.0,0.0,3.9005413,0.0,0.0,0.0,0.0,0.0,3.025487,0.0,10.845935,0.0,0.0,9.974347,2.6882842,0.0,0.0,0.0,0.0,4.8049765,0.0,0.0,0.0,3.6910658,0.0,13.455244,1.3786957,12.159896,8.751275,0.9620207,2.1438897,0.0,0.0,0.0,0.0,0.0
141_Temas_en_Comunicacion_y_Arte.txt.txt,0.0,0.0,0.0,7.7756405,0.0,0.0,0.0,0.0,0.0,0.0,0.0,3.620977,0.0,0.0,0.0,0.0,2.6619987,0.0,0.0,0.0,0.0,0.0,0.7836243,1.1294445,0.0,0.3052135,0.0,5.7420726,2.613881,6.3136535,3.0517356,0.0,0.94537675,2.3201811,0.85301125,1.0820843,0.0,4.6621823,0.0,0.0,4.3166833,4.990149,0.0,0.0,5.317285,0.0,0.0,0.0,0.0,0.0,0.0,4.331017,0.0,0.9785468,3.378429,0.0,0.0,2.5257168,0.017254654,3.7832222
124_Teoria_Critica_1__Arte_&_Media.txt.txt,0.0,0.0,0.0,4.489835,0.13777013,0.6697339,0.0,0.0,0.0,1.5165821,0.23345003,3.304488,0.0,0.0,0.0,0.0,0.6852325,0.39575177,0.0,0.0,0.91080964,0.0,0.5808739,1.4415373,0.0,2.1716514,0.0,2.7712407,2.5724845,4.363364,1.2893779,0.16150922,0.0,1.9397547,0.0,0.46450713,0.0,1.7065552,0.37402645,0.10398233,4.6629357,3.0587628,0.0,0.10111863,3.8046966,0.0,0.0,0.0,0.0,0.0,0.0,1.9153261,0.0,1.3278022,2.2613988,0.0,1.7075368,0.0,0.0,0.7116984
158_Teoria_de_Numeros.txt.txt,1.7094345,0.0,0.0,0.0,0.3396743,0.14147554,0.0,0.87161475,0.0,0.0,0.0,0.0,0.40023994,1.2990545,0.0,3.0247617,0.23218657,0.92568016,0.21206766,0.0,0.25112212,0.0,1.3434954,2.9683683,0.0,0.0,0.0,0.0,2.6308613,0.0,2.1309447,0.40684712,0.0,0.0,0.0,0.0,0.4623564,1.8035194,0.0,1.121386,0.0,0.0,0.0,0.14441653,0.0,0.33305138,0.0,0.0,0.80554956,2.0554416,1.9845943,0.0,0.0,0.0,3.7503855,0.0,0.1446149,1.4349948,0.0,0.17266743
