original_column,0,1
184_Ergonomia.txt.txt,-0.04348652538512628,-6.4875890165024686
105_Marketing_Digital.txt.txt,-2.3727412247236273,-10.094669852498857
32_Emprendimiento.txt.txt,8.803331428277474,-2.4474426345320226
185_Ingenieria_de_la_Calidad_+_Lab.txt.txt,0.48238397097741714,0.043992236563043144
24_Aprendizaje_y_Servicio_PASEC.txt.txt,8.814392216073061,9.004441820875826
34_Inteligencia_Artificial.txt.txt,-4.452373956372748,-2.6362459685937156
3_Calculo_Diferencial_+_Ej.txt.txt,-0.07530738332525479,0.2302847784757638
11_Ser_y_Cosmos.txt.txt,3.340877748655794,12.143057078142913
89_Ensenanza_Integrada_de_CITIAM.txt.txt,-1.9191197073816904,1.070091774797845
155_Logica_y_Teoria_de_Conjuntos.txt.txt,-10.852872201789184,-4.063455649789328
26_Electronica_Basica_+Lab.txt.txt,-9.410273183136276,-6.633395283901075
7_Ingles_Nivel_2.txt.txt,-3.3284229414177613,0.5733054951569574
65_Alta_Cocina_Mundial.txt.txt,8.93811178683965,-8.540157101954348
110_Creatividad_Empresarial.txt.txt,17.963715070111633,5.408805562939109
101_Analisis_de_Datos.txt.txt,-1.3594161088687486,-10.846028123107544
63_Servicio_y_Protocolo.txt.txt,6.591625604058549,4.862210215546095
161_Algebra_Lineal_2.txt.txt,-25.849989035644693,4.359680281305886
171_Barra_para_danza_contemporanea.txt.txt,-0.27368159652429636,-15.389081471419155
"183_Procesos,_Metodos_y_Estandares.txt.txt",-3.872529493470632,-13.208529681298119
129_Coloquios_ART.txt.txt,0.7722233353241061,1.071118210950649
67_Innovacion_Culinaria.txt.txt,23.82296994748076,-3.0721773755922017
116_Analisis_Estrategico_ADM.txt.txt,2.175780579928119,-41.12819657729529
10_Autoconocimiento.txt.txt,-9.356329441047604,-7.410703563407278
47_Conceptos_y_Tecnicas_1.txt.txt,7.962173757594209,-12.158815163843979
35_Base_de_Datos.txt.txt,-3.112581307842733,-6.394467647922243
119_Composicion_Visual_1.txt.txt,0.24555051396067953,-0.025247289556359062
79_Coloquios_EDU.txt.txt,9.767502191652975,12.565924350431851
130_Arte_y_Contexto_Social.txt.txt,0.5855832880653448,0.34293567625244953
178_Sonido.txt.txt,-1.7111964567002922,4.89285076821391
44_Aplicaciones_Distribuidas.txt.txt,10.534252552405922,0.09446915509238996
62_Pasteleria.txt.txt,5.477339677858201,-18.010321229236595
151_Ecuaciones_Diferenciales.txt.txt,-13.027418940560585,3.8858716650052045
18_Calculo_Vectorial.txt.txt,-0.2810617823311194,0.6504224124005598
125_Nuevos_Medios.txt.txt,-0.10396314752970545,0.9838386544554863
100_Principios_de_Seguros.txt.txt,-1.288433604312668,-13.892411619950304
36_Aprendizaje_Automatico.txt.txt,0.97108689815956,-1.2635489440717669
72_Fundamentos_de_la_Educacion.txt.txt,6.621249452131939,8.512574316495215
56_Carniceria.txt.txt,7.346693340092585,-4.396243899208998
28_Probabilidad_y_Estadistica_+Ej.txt.txt,-20.971138489343325,9.431268513311974
58_Introduccion_a_la_Biologia_+Ej.txt.txt,-8.587666477688586,9.069516619715689
102_Principios_de_Finanzas.txt.txt,0.4750156864387648,0.24388829001365997
181_Inv._de_Operaciones_1_+Lab.txt.txt,0.3579444739074208,0.052022571631600525
85_Arte_y_Educacion.txt.txt,11.486531179913404,13.243604351694632
186_Sistemas_Lean.txt.txt,-6.1291568786793,-8.193288122476396
25_Cultura_Gastronomica.txt.txt,3.7883747725310033,12.8352247438292
4_Quimica_General_1_+Lab_Ej.txt.txt,-13.051607241667773,-0.05655540406273571
138_Enfasis_3.txt.txt,0.6965764524257921,0.38258309234639354
55_Administracion_de_A_&_B.txt.txt,14.531085945950856,-15.821316077531229
64_Practica_Culinaria_2.txt.txt,23.64356390432957,-8.637928188553357
42_Seguridad_Informatica.txt.txt,4.130531881654062,-14.041285642028141
135_Gestion_y_Produccion_Cultural.txt.txt,0.8401232575840263,0.1623804317769196
162_Algebra_Abstracta_1.txt.txt,-0.3980998979952561,0.7433643998329824
99_Gerencia_de_Costos.txt.txt,0.7134812106677686,-0.4604491286218622
17_Fisica_para_Ingenieria_1_+Lab_Ej.txt.txt,-11.58493004802877,14.133552392882024
127_Laboratorio_de_Creacion_2.txt.txt,0.8269821814716257,0.12995080569240167
176_Lenguaje_Visual_y_Montaje.txt.txt,-5.827436989196972,-8.676416366579168
78_Planificacion_y_Evaluacion_2.txt.txt,-2.787616296457444,-7.710251059829602
80_Ensenanza_de_Lenguaje.txt.txt,0.18199278272541147,-3.259805419167585
66_Reposteria_y_Chocolateria.txt.txt,-2.9012486427021624,-14.625462877279773
30_Programacion_Avanzada_de_Apps.txt.txt,-6.85607863932529,-8.550778581329729
53_Conceptos_y_Tecnicas_2_+PRA.txt.txt,1.8332534006685859,-0.5391013921045786
54_Practica_Culinaria_1.txt.txt,41.95265364441269,-17.601712005715456
50_Nutricion_Humana_+Lab.txt.txt,-6.543404774832622,1.4098194160570219
182_Control_de_Produccion.txt.txt,0.6655798313275092,-0.45843221453625865
60_Coloquios_Gastr.txt.txt,16.084570724785134,25.345496202600973
118_Fundamentos_de_las_Artes.txt.txt,0.28380841050779887,-0.017235693492210692
106_Negociacion.txt.txt,-3.301589151499971,-14.331784611295257
164_Analisis_Funcional.txt.txt,-6.578517482135683,1.3313863336490361
153_Introduccion_a_Probabilidades.txt.txt,-11.082610732890675,8.138857901016287
91_Inclusion_y_Diversidad.txt.txt,-5.656739080782935,10.878027187471751
117_Herramientas_Digitales_1.txt.txt,0.41172687723056733,-0.016493723210529884
150_Variable_Compleja.txt.txt,-0.1512025682255625,0.18901706075802943
83_Ensenanza_de_Matematicas.txt.txt,0.9098347063498424,0.5291943610270582
165_Algebra_Abstracta_2.txt.txt,-13.777441477360725,4.412668688020745
140_Arte_y_Educacion___Curaduria.txt.txt,0.8946881319467241,0.26705031225487214
1_Escritura_Academica.txt.txt,3.6788718568687653,9.915657476706391
15_Matematicas_Discretas.txt.txt,-20.957879913083836,-2.876081909253809
115_Tributacion_y_Entorno_Legal.txt.txt,-3.117262410760995,-3.2092427584825876
2_Taller_de_Ing._Cs._Computacion.txt.txt,8.511482614985018,8.759123289210901
93_Practica_4.txt.txt,33.6095408515562,7.944371602253502
12_Ingles_Nivel_3.txt.txt,-3.341839486966577,7.949721071695514
163_Geometria_Diferencial.txt.txt,-11.343576442808493,8.474641837872191
22_Algebra_Lineal_1_+Ej.txt.txt,-29.718951761889766,27.012904378173495
69_Administracion_de_Eventos.txt.txt,11.007950373445366,6.681906689654696
61_Alta_Cocina_Francesa.txt.txt,4.799137984713703,-9.249286562539421
123_Fundamentos_de_Escultura.txt.txt,0.5005472154290203,-0.20616080454236982
126_Arte_Contemporaneo.txt.txt,0.5557920906911047,0.13389767655753962
86_Bilingualism.txt.txt,10.081029629381831,-2.823933115506355
180_Diseño_de_Produccion.txt.txt,-5.609304902446068,-8.399905520472505
97_Principios_de_Marketing.txt.txt,0.2738299886103672,-0.16360579522916618
109_Investigacion_de_Mercados.txt.txt,-2.714905683355298,-30.18009533603438
21_Programacion_de_Apps.txt.txt,0.8861440767887692,-12.43668994705922
137_Matematicas_Cotidianas.txt.txt,0.005378501836955612,0.17933906488364468
169_Improvisacion.txt.txt,-7.274473219409244,1.8146137071850708
14_Programacion_Avanzada_en_C++.txt.txt,0.3676704735222684,0.020321839321580652
154_Fundamentos_de_Geometria.txt.txt,-12.668785729072331,11.2122984321111
13_Ingles_Nivel_4.txt.txt,18.238568218442463,15.53914614051002
43_Mineria_de_Datos.txt.txt,4.403557219450684,-9.804033971141113
149_Teoria_de_Grupos.txt.txt,-25.75675255814886,22.234328250804122
142_Produccion_&_Exhibicion.txt.txt,0.5595739051661796,0.11189842933486463
152_Calculo_para_Ciencias_2.txt.txt,-0.12619138813538058,0.292267746553506
81_Practica_1.txt.txt,27.232626140733913,11.279823807667036
57_Alta_Cocina_Ecuatoriana.txt.txt,8.639009647729571,-10.464562642423692
16_Introduccion_a_la_Economia.txt.txt,-1.3598537282895102,-7.806941296226135
75_Planificacion_y_Evaluacion_1.txt.txt,2.3395305584907526,1.199015128003123
8_Programacion_en_C++_+Ej.txt.txt,0.26244112587546764,0.2071625941383026
68_Enologia_y_Cocteleria.txt.txt,12.85682552545167,0.5896511532358278
143_Programacion_Para_Diseño_1.txt.txt,0.32509471986223326,-0.11005920328969161
108_Economia_y_Negocios.txt.txt,0.2761877653507628,-0.16205994634536694
98_Estadistica_Empresarial_+Lab.txt.txt,0.3740375852066328,-0.34450368887609145
82_Metodologias_de_Ensenanza.txt.txt,-3.0492069531422343,-5.9858496844202165
160_Ecuaciones_Diferenciales_Parciales.txt.txt,-11.423195180046065,13.89174943154706
48_Principios_de_Administracion.txt.txt,7.765910744068031,-14.75731161480062
90_Practica_3.txt.txt,24.121684451045994,9.329931303345537
52_Contabilidad_Empresarial.txt.txt,3.4681021605189466,8.35016520285164
121_Dibujo_para_Arte_y_Diseno.txt.txt,0.5299336591680069,-0.09465636741600825
76_Estadistica_para_CCSS.txt.txt,-7.407930162703998,7.610134692386631
45_Proyecto_Integrador_CMP.txt.txt,1.4116239070824688,0.36516501258364753
131_Taller_de_Investigacion.txt.txt,0.8081729403242005,0.4037172066688855
84_Ensenanza_de_Ciencias_Sociales.txt.txt,16.993733404683248,8.347807404343632
9_Calculo_Integral_+_Ej.txt.txt,-0.04658778551335642,0.3130173159627171
23_Fisica_para_Ingenieria_2_+Lab_Ej.txt.txt,-7.595415259928075,12.236158292603228
132_Enfasis_1.txt.txt,0.49914573794976846,0.20878506071920994
107_Operaciones_+Lab.txt.txt,0.55481577221722,0.13888375295406438
145_Programacion_Para_Diseño_3.txt.txt,-6.771312230643278,4.901996168731086
94_Zoologia_+Lab.txt.txt,-18.32977691824376,17.432165929024496
113_Negocios_Internacionales.txt.txt,-0.5510749168529648,-5.0256617764662295
20_Ingles_Nivel_6.txt.txt,7.877637446290211,2.5231471119590854
112_Gestion_del_Talento.txt.txt,-3.785208223083621,-12.562734832058087
77_Neurociencia_y_Educacion.txt.txt,-0.38368639500259255,3.642666264357364
166_Topologia_1.txt.txt,-15.484212910828614,11.147827523769005
95_Fisiologia_+Lab.txt.txt,-16.54960321345585,-3.355594939368239
134_Enfasis_2.txt.txt,0.7433198988135528,0.4542941076379779
148_Calculo_para_Ciencias_1.txt.txt,0.12393651923971233,0.6417312519432136
31_Organizacion_de_Computadores.txt.txt,-1.020711431704602,8.3149797152193
46_Matematica_Empresarial_+Ej.txt.txt,0.030562880707543278,0.30150213859975084
147_Modelado_3D_1.txt.txt,-7.352154197070171,-11.058419902632906
114_Innovacion_y_Sustentabilidad.txt.txt,0.6757214668635644,0.4029114239936089
39_Proyectos__Gerencia_y_Analisis.txt.txt,9.642156322387413,-3.0949626515010134
27_Estructuras_de_Datos.txt.txt,-5.615007766930476,-15.965537713945718
87_Practica_2.txt.txt,30.073713593616347,9.505976693132128
174_Proyecto_final_en_Danza.txt.txt,-2.0158516661776633,3.5082268159675394
173_Performance.txt.txt,5.667101676863785,-2.939531920625092
96_Evolucion.txt.txt,-12.451407016080216,17.92187135573741
41_Coloquios_ING.txt.txt,9.715344406826567,50.13715112957642
59_Introduccion_al_Marketing_HSP.txt.txt,0.9963827475617725,-0.42288976095739167
111_Proyectos_Empresariales.txt.txt,0.7256089885935934,-0.17984005468606795
157_Analisis_Numerico.txt.txt,-37.06212412572366,-6.776036762933924
88_Ensenanza_de_Ciencias.txt.txt,-1.3170819751843825,12.421428588734925
104_Finanzas_Corporativas.txt.txt,-1.9922927432824655,6.301995012143412
156_Inferencia_Estadistica.txt.txt,-4.681951611375906,7.078925197919029
29_Teoria_de_la_Computacion.txt.txt,-2.112727156957638,3.3775826824236077
73_Teorias_del_Aprendizaje.txt.txt,7.762419767540452,12.183783160974336
168_Analisis_Real.txt.txt,-12.184214536717606,-0.28604924634923395
74_Desarrollo__Niño_y_Adolescente.txt.txt,-2.070816024997749,-20.48164193360854
92_Proyecto_Integrador_EDU.txt.txt,8.962472255701469,10.533389877680063
38_Sistemas_Operativos.txt.txt,10.863631527937752,1.8491129072442647
40_Practica_Pre-Profesional_PASEM.txt.txt,18.56742377143778,2.9900766185313135
70_Gerencia_Financiera_HSP.txt.txt,8.257991732908286,-7.057507218061919
172_Composicion.txt.txt,0.15844021904991698,-0.2972834046223228
136_Laboratorio_de_Creacion_3.txt.txt,0.6796186410754941,0.3052813716297793
5_Cosmos.txt.txt,-7.26419843033611,12.647783242809059
122_Fotografia_1.txt.txt,-10.89617928497455,-3.1970922490540463
128_Taller_de_Arte_1.txt.txt,0.9516765218212053,0.01048326437226053
49_Panaderia.txt.txt,7.373297898971971,-4.1004068106411005
144_Programacion_Para_Diseño_2.txt.txt,-5.1579564111790575,1.2682103417935124
170_Danza_Moderna_2.txt.txt,-18.686795907944006,-28.454703381332816
159_Combinatoria_y_Grafos.txt.txt,-18.50597077059282,-15.488324862075812
103_Coloquios_adm.txt.txt,0.836715591074936,1.2781783773446762
71_Identidad_Culinaria.txt.txt,10.087274212107797,8.77777530516996
120_Laboratorio_de_Creacion_1.txt.txt,0.6572645873181515,0.17435796268060508
51_Introduccion_a_la_Hospitalidad.txt.txt,5.531743469052813,2.6588268697958384
175_Lenguaje_del_Cine.txt.txt,-2.8054328742260317,-4.1339815528270005
19_Ingles_Nivel_5.txt.txt,6.0164527391568905,2.0497041911073834
177_Cinematografia.txt.txt,-3.4707871050685313,-8.148849857780199
133_Taller_de_Arte_2.txt.txt,0.8940191315174923,0.09850060899815449
6_Ingles_Nivel_1.txt.txt,16.123999137163327,0.16761604348434653
179_Storytelling.txt.txt,-6.240741714266402,-13.4830406663755
37_Redes_+Lab.txt.txt,-7.057398761589362,-4.574308754825437
146_Juegos_y_Narrativa.txt.txt,-3.5911853634113933,-4.665767681220864
167_Topologia_2.txt.txt,-19.661575695813678,5.091766759429084
139_Taller_de_Arte_3.txt.txt,0.8370194451169161,0.14036653257055356
33_Diseño_de_Sistemas.txt.txt,2.7402386098027933,-7.144086643131034
141_Temas_en_Comunicacion_y_Arte.txt.txt,0.6612859257833014,0.2202315296559284
124_Teoria_Critica_1__Arte_&_Media.txt.txt,0.6190464314675184,0.2709966435052362
158_Teoria_de_Numeros.txt.txt,-9.25739837430132,3.961085502466797
