original_column,0,1
184_Ergonomia.txt.txt,-7.869571919576189,-13.40070564752654
105_Marketing_Digital.txt.txt,8.359763473307282,-7.17607789074196
32_Emprendimiento.txt.txt,-3.151260979251085,-5.841463668632651
185_Ingenieria_de_la_Calidad_+_Lab.txt.txt,0.014344034689710749,0.35647820302248223
24_Aprendizaje_y_Servicio_PASEC.txt.txt,-9.197227210566862,8.177537947359987
34_Inteligencia_Artificial.txt.txt,10.392437687670899,-4.294161714184959
3_Calculo_Diferencial_+_Ej.txt.txt,44.08770261960984,-10.486181792655476
11_Ser_y_Cosmos.txt.txt,-7.316363426994643,4.726707724287521
89_Ensenanza_Integrada_de_CITIAM.txt.txt,2.690708527154812,10.388474979477243
155_Logica_y_Teoria_de_Conjuntos.txt.txt,16.43284604756191,-1.3312649336626268
26_Electronica_Basica_+Lab.txt.txt,-3.628873804590431,-7.544994025877902
7_Ingles_Nivel_2.txt.txt,-2.0022771486705064,1.3454116412702082
65_Alta_Cocina_Mundial.txt.txt,-6.598148210846844,-10.30989336587243
110_Creatividad_Empresarial.txt.txt,-7.847415200062588,8.600975171475131
101_Analisis_de_Datos.txt.txt,4.64698900455249,-2.6308365387873107
63_Servicio_y_Protocolo.txt.txt,2.8633627231602126,-7.186580837612039
161_Algebra_Lineal_2.txt.txt,14.056876702956133,3.9457456870371392
171_Barra_para_danza_contemporanea.txt.txt,-0.05742351981067699,-2.109926055859586
"183_Procesos,_Metodos_y_Estandares.txt.txt",-4.0160455455263575,-3.8553249479494607
129_Coloquios_ART.txt.txt,-0.18199780630388063,1.3261732237851152
67_Innovacion_Culinaria.txt.txt,-10.824278584155678,9.754775710318977
116_Analisis_Estrategico_ADM.txt.txt,-1.4906880972418728,-8.580783383467331
10_Autoconocimiento.txt.txt,-1.368538558490185,9.801589831986307
47_Conceptos_y_Tecnicas_1.txt.txt,3.0261332331186783,-10.92196842389451
35_Base_de_Datos.txt.txt,1.3065996826489503,-9.041907382378843
119_Composicion_Visual_1.txt.txt,-6.026885080021213,-13.774612057634915
79_Coloquios_EDU.txt.txt,-4.6224902375648425,12.711308024631824
130_Arte_y_Contexto_Social.txt.txt,-0.13406396667868328,0.9791438972775186
178_Sonido.txt.txt,-0.5117985213123428,-4.705797660960893
44_Aplicaciones_Distribuidas.txt.txt,0.47637207198370685,6.7841239049174655
62_Pasteleria.txt.txt,-6.216444179875066,4.526508197661123
151_Ecuaciones_Diferenciales.txt.txt,11.369573836103365,7.693998426914209
18_Calculo_Vectorial.txt.txt,37.97934468519324,0.21027453281434771
125_Nuevos_Medios.txt.txt,-4.620639713635642,8.669240592550139
100_Principios_de_Seguros.txt.txt,-5.283703145004674,-4.110663141188097
36_Aprendizaje_Automatico.txt.txt,3.51753971767515,3.4620009801705143
72_Fundamentos_de_la_Educacion.txt.txt,-5.992907740600267,2.9651943932863736
56_Carniceria.txt.txt,-9.857958860007074,2.5877226394871777
28_Probabilidad_y_Estadistica_+Ej.txt.txt,14.069456220682568,-11.236057236810106
58_Introduccion_a_la_Biologia_+Ej.txt.txt,8.87681876076726,-16.478733986234193
102_Principios_de_Finanzas.txt.txt,0.2738244552026426,0.36893331198672513
181_Inv._de_Operaciones_1_+Lab.txt.txt,-0.8031835682456129,0.28344478122091094
85_Arte_y_Educacion.txt.txt,-5.891523554029094,12.709917866059161
186_Sistemas_Lean.txt.txt,-4.2964189956811305,-15.836573159033165
25_Cultura_Gastronomica.txt.txt,-8.763343925213325,3.014361446081218
4_Quimica_General_1_+Lab_Ej.txt.txt,7.7016146790329145,-7.357556711574187
138_Enfasis_3.txt.txt,-0.5338036542020183,1.3847438718659768
55_Administracion_de_A_&_B.txt.txt,0.3219024896339038,-8.187116800211095
64_Practica_Culinaria_2.txt.txt,-7.764503756791572,-0.898740616843966
42_Seguridad_Informatica.txt.txt,-2.5472401316375084,-12.53597737193715
135_Gestion_y_Produccion_Cultural.txt.txt,0.007361751526614361,0.3777012485883482
162_Algebra_Abstracta_1.txt.txt,11.890732000848331,34.2655556408518
99_Gerencia_de_Costos.txt.txt,0.06546485255410045,0.25170918267166037
17_Fisica_para_Ingenieria_1_+Lab_Ej.txt.txt,10.726816784054144,-0.10740313455306945
127_Laboratorio_de_Creacion_2.txt.txt,-0.24581211728644134,0.6661576200845953
176_Lenguaje_Visual_y_Montaje.txt.txt,-2.6141037548262642,-2.7683103002653677
78_Planificacion_y_Evaluacion_2.txt.txt,1.3518662174236016,-2.862693282733419
80_Ensenanza_de_Lenguaje.txt.txt,3.0543980374447828,7.993581050946704
66_Reposteria_y_Chocolateria.txt.txt,-10.34296547786245,-1.8029720783075955
30_Programacion_Avanzada_de_Apps.txt.txt,9.886516646814625,-4.059894844431374
53_Conceptos_y_Tecnicas_2_+PRA.txt.txt,-7.467076243200975,-2.3064367412903883
54_Practica_Culinaria_1.txt.txt,-11.76216739856622,-6.225826614147179
50_Nutricion_Humana_+Lab.txt.txt,2.498457695630042,1.289116215079852
182_Control_de_Produccion.txt.txt,-0.036347168770053256,0.2890139594681369
60_Coloquios_Gastr.txt.txt,-8.3162215063085,1.1304852488289334
118_Fundamentos_de_las_Artes.txt.txt,0.4399922639479911,0.445736948591028
106_Negociacion.txt.txt,-4.767539980006584,-8.924720046875258
164_Analisis_Funcional.txt.txt,19.453189298671077,6.776680565586739
153_Introduccion_a_Probabilidades.txt.txt,18.02110202841465,-8.10732160549198
91_Inclusion_y_Diversidad.txt.txt,-9.264240034426285,1.5896283922297014
117_Herramientas_Digitales_1.txt.txt,-0.07012707231514174,0.32929499869608747
150_Variable_Compleja.txt.txt,21.152030115596265,3.664174217102837
83_Ensenanza_de_Matematicas.txt.txt,-5.077815210657933,36.67359896416478
165_Algebra_Abstracta_2.txt.txt,2.368596659051582,14.293586315346122
140_Arte_y_Educacion___Curaduria.txt.txt,-5.673990842493323,-0.07715600862700611
1_Escritura_Academica.txt.txt,-9.528438566753092,-10.888472771854003
15_Matematicas_Discretas.txt.txt,14.552168562142098,3.558739755777785
115_Tributacion_y_Entorno_Legal.txt.txt,-11.046775406132253,-3.178596931732629
2_Taller_de_Ing._Cs._Computacion.txt.txt,5.157988241203782,8.063873373148255
93_Practica_4.txt.txt,-4.187533939210279,3.9271921636730216
12_Ingles_Nivel_3.txt.txt,0.622864192107394,-1.678166435387866
163_Geometria_Diferencial.txt.txt,8.783574828430151,-1.9987363508916534
22_Algebra_Lineal_1_+Ej.txt.txt,24.551859110951327,0.5355760731552387
69_Administracion_de_Eventos.txt.txt,1.994595279452704,-7.340354306257348
61_Alta_Cocina_Francesa.txt.txt,-11.805245207124367,-10.416635428354963
123_Fundamentos_de_Escultura.txt.txt,-22.952983221574407,-20.786062055489516
126_Arte_Contemporaneo.txt.txt,-0.5048623012256453,0.48811332213936875
86_Bilingualism.txt.txt,-1.128379373204272,9.555296994513405
180_Diseño_de_Produccion.txt.txt,-3.0531006254855595,-11.037215030528321
97_Principios_de_Marketing.txt.txt,1.3125818304026358,-41.01281219979443
109_Investigacion_de_Mercados.txt.txt,-1.3829693987330867,-10.423238259208734
21_Programacion_de_Apps.txt.txt,-3.9575220458025693,2.7882081438934767
137_Matematicas_Cotidianas.txt.txt,33.96833322845428,3.5210000445975016
169_Improvisacion.txt.txt,-11.049297187985292,-13.469220306670502
14_Programacion_Avanzada_en_C++.txt.txt,0.08409350552912333,0.9925201851893272
154_Fundamentos_de_Geometria.txt.txt,1.5006398477633287,16.75919875894489
13_Ingles_Nivel_4.txt.txt,-7.6233056962106085,-3.327919105766034
43_Mineria_de_Datos.txt.txt,0.608573737249128,-2.1950805671594598
149_Teoria_de_Grupos.txt.txt,5.943621089503946,9.549194239418322
142_Produccion_&_Exhibicion.txt.txt,-27.47097767742387,-6.1525985066472515
152_Calculo_para_Ciencias_2.txt.txt,1.018575107319033,0.8513377542134566
81_Practica_1.txt.txt,-8.664551723757109,1.4212119623392985
57_Alta_Cocina_Ecuatoriana.txt.txt,-13.354248930487737,-6.06192319730782
16_Introduccion_a_la_Economia.txt.txt,-0.8214094337856842,-6.974572229312594
75_Planificacion_y_Evaluacion_1.txt.txt,2.3227599732767863,-4.331632559503132
8_Programacion_en_C++_+Ej.txt.txt,30.410210006756223,-8.79322071602992
68_Enologia_y_Cocteleria.txt.txt,-3.5094300992176453,-4.737239964881443
143_Programacion_Para_Diseño_1.txt.txt,0.2681531188636921,0.49691396132349885
108_Economia_y_Negocios.txt.txt,5.957933835229917,-2.550180936848232
98_Estadistica_Empresarial_+Lab.txt.txt,0.3974633849456506,0.4249213058490121
82_Metodologias_de_Ensenanza.txt.txt,1.6178310565377991,2.9013415335748283
160_Ecuaciones_Diferenciales_Parciales.txt.txt,18.30909151158648,7.500656795847855
48_Principios_de_Administracion.txt.txt,9.335825496919176,-9.885951299145377
90_Practica_3.txt.txt,-12.121079846497578,7.354687600848946
52_Contabilidad_Empresarial.txt.txt,20.615805635403127,-11.329152178204144
121_Dibujo_para_Arte_y_Diseno.txt.txt,-0.07102964881136237,0.524834200515553
76_Estadistica_para_CCSS.txt.txt,4.110953894468009,1.9280163680245113
45_Proyecto_Integrador_CMP.txt.txt,-0.2508996904125081,0.9137691046026971
131_Taller_de_Investigacion.txt.txt,-0.35415348730294677,0.47827135044339714
84_Ensenanza_de_Ciencias_Sociales.txt.txt,2.6328115173167106,10.40828391960234
9_Calculo_Integral_+_Ej.txt.txt,1.68636112823139,0.41161165781544284
23_Fisica_para_Ingenieria_2_+Lab_Ej.txt.txt,6.3561047668300805,-0.8296315100010869
132_Enfasis_1.txt.txt,-4.716445750071213,3.8363947833216776
107_Operaciones_+Lab.txt.txt,1.0476374779889925,-2.861035877131514
145_Programacion_Para_Diseño_3.txt.txt,1.9259763061576405,6.014690534378291
94_Zoologia_+Lab.txt.txt,7.972547427237282,8.781858999949662
113_Negocios_Internacionales.txt.txt,-3.989762373597005,-1.9833044332434857
20_Ingles_Nivel_6.txt.txt,-4.356373535804095,3.8663717506790554
112_Gestion_del_Talento.txt.txt,4.351547662391048,3.8766574074264075
77_Neurociencia_y_Educacion.txt.txt,2.1036061580614116,6.029870681215185
166_Topologia_1.txt.txt,15.539535731614585,-2.8230905205258123
95_Fisiologia_+Lab.txt.txt,-11.513567204270977,45.18870156412159
134_Enfasis_2.txt.txt,-14.235491919524387,18.51088587147986
148_Calculo_para_Ciencias_1.txt.txt,1.390496839900391,0.7721383516094433
31_Organizacion_de_Computadores.txt.txt,-7.2682819632896365,-2.703094645275244
46_Matematica_Empresarial_+Ej.txt.txt,1.336008847618757,0.5995044697620894
147_Modelado_3D_1.txt.txt,-1.3702999365405797,-5.518222360874587
114_Innovacion_y_Sustentabilidad.txt.txt,-16.36095783156369,43.0228834958249
39_Proyectos__Gerencia_y_Analisis.txt.txt,4.69605335958105,-0.15897044637706126
27_Estructuras_de_Datos.txt.txt,9.131079632909287,-7.161307882491283
87_Practica_2.txt.txt,-10.234707460358601,16.62533531045883
174_Proyecto_final_en_Danza.txt.txt,-11.203581244266806,-10.214429411565463
173_Performance.txt.txt,-13.826990369674656,-5.123072690607494
96_Evolucion.txt.txt,4.843991806188915,-10.414702239446738
41_Coloquios_ING.txt.txt,-9.82492246622202,5.955819222083698
59_Introduccion_al_Marketing_HSP.txt.txt,9.049327220383619,-10.191549669870831
111_Proyectos_Empresariales.txt.txt,0.00034622332500715405,0.5313468158456163
157_Analisis_Numerico.txt.txt,7.821143220701905,10.991565309884177
88_Ensenanza_de_Ciencias.txt.txt,-9.895207276844612,1.5304962738927947
104_Finanzas_Corporativas.txt.txt,-2.311566719370772,0.7824206125557173
156_Inferencia_Estadistica.txt.txt,0.13873669375399258,3.3305924242406686
29_Teoria_de_la_Computacion.txt.txt,3.561651989663371,8.369200771977834
73_Teorias_del_Aprendizaje.txt.txt,-1.165048630263495,20.35048242736938
168_Analisis_Real.txt.txt,15.280368980990213,-0.8040811034003696
74_Desarrollo__Niño_y_Adolescente.txt.txt,-8.423650307783095,-5.03941740981828
92_Proyecto_Integrador_EDU.txt.txt,3.0508813564645116,3.1574350987259425
38_Sistemas_Operativos.txt.txt,-8.55980289452961,-5.7069778477072735
40_Practica_Pre-Profesional_PASEM.txt.txt,-9.063183426114371,4.9094886503026025
70_Gerencia_Financiera_HSP.txt.txt,-2.132843876433657,1.926581185320439
172_Composicion.txt.txt,-15.229043103896059,-12.893714906137212
136_Laboratorio_de_Creacion_3.txt.txt,-0.45958816403344155,0.39444468570329316
5_Cosmos.txt.txt,8.705173802372641,-2.7687074843547452
122_Fotografia_1.txt.txt,-6.663437934463905,-4.3326167607945685
128_Taller_de_Arte_1.txt.txt,-37.90145550061344,-18.883484229085628
49_Panaderia.txt.txt,-14.54462714106468,-5.914884838779164
144_Programacion_Para_Diseño_2.txt.txt,2.3105148468755963,6.2684761188798435
170_Danza_Moderna_2.txt.txt,-6.661312835739949,-0.784547126679502
159_Combinatoria_y_Grafos.txt.txt,9.154098987609641,3.9813864122059472
103_Coloquios_adm.txt.txt,-0.2052657924622955,0.7281682239375467
71_Identidad_Culinaria.txt.txt,-10.708917806077727,-1.3986326874741837
120_Laboratorio_de_Creacion_1.txt.txt,0.07420198452295358,0.5072367832905327
51_Introduccion_a_la_Hospitalidad.txt.txt,-1.591191130764313,-7.744375491561132
175_Lenguaje_del_Cine.txt.txt,1.9932559604795177,-0.9076912158559869
19_Ingles_Nivel_5.txt.txt,-4.107792905468518,11.955637978103141
177_Cinematografia.txt.txt,-7.301568559600209,-6.794885553243501
133_Taller_de_Arte_2.txt.txt,-0.7217531088310867,0.6848352825817412
6_Ingles_Nivel_1.txt.txt,3.4959962361478913,-10.068021064327779
179_Storytelling.txt.txt,-6.339798184397309,-5.860236409064643
37_Redes_+Lab.txt.txt,4.415344256203667,-1.193137958117271
146_Juegos_y_Narrativa.txt.txt,-12.2599740304748,5.511982645198038
167_Topologia_2.txt.txt,10.970291678012826,8.835811821938858
139_Taller_de_Arte_3.txt.txt,-0.4407813085072616,0.5234484551225406
33_Diseño_de_Sistemas.txt.txt,-6.017834495243104,-9.171245341053886
141_Temas_en_Comunicacion_y_Arte.txt.txt,-0.18394797408401975,0.9386915601503191
124_Teoria_Critica_1__Arte_&_Media.txt.txt,-0.070696087529761,0.9536385620534358
158_Teoria_de_Numeros.txt.txt,9.893967027507204,3.484625793871208
