original_column,0,1
184_Ergonomia.txt.txt,15.076663849252181,-9.092830263534792
105_Marketing_Digital.txt.txt,0.825522161411,6.706572264522713
32_Emprendimiento.txt.txt,-3.0477422279745454,-0.6082788900226005
185_Ingenieria_de_la_Calidad_+_Lab.txt.txt,-0.21078391117164774,0.550666197582149
24_Aprendizaje_y_Servicio_PASEC.txt.txt,-4.276047595958954,1.8424145756646657
34_Inteligencia_Artificial.txt.txt,4.6766773277161935,16.964713106675045
3_Calculo_Diferencial_+_Ej.txt.txt,0.5052736918865692,1.1080428943310443
11_Ser_y_Cosmos.txt.txt,-6.593966424948691,-3.9091612519775234
89_Ensenanza_Integrada_de_CITIAM.txt.txt,-1.2720579805566061,3.536056679236457
155_Logica_y_Teoria_de_Conjuntos.txt.txt,13.691683122392384,2.738953473942802
26_Electronica_Basica_+Lab.txt.txt,-5.764433031616225,4.407128654583866
7_Ingles_Nivel_2.txt.txt,4.506601562073631,3.417302066637136
65_Alta_Cocina_Mundial.txt.txt,-10.070028623959669,2.6697341631564773
110_Creatividad_Empresarial.txt.txt,-4.340909738814746,-6.596930956577132
101_Analisis_de_Datos.txt.txt,3.0807010397116366,-2.997006947569994
63_Servicio_y_Protocolo.txt.txt,-2.9657268436822406,-3.461901874519117
161_Algebra_Lineal_2.txt.txt,10.49291350245007,16.980056947855033
171_Barra_para_danza_contemporanea.txt.txt,4.426359858646102,-0.07929899293514245
"183_Procesos,_Metodos_y_Estandares.txt.txt",-5.792773227664988,-6.057784978233133
129_Coloquios_ART.txt.txt,-0.39602237676714097,0.8321463622286553
67_Innovacion_Culinaria.txt.txt,-10.861653245266762,-8.502712145130408
116_Analisis_Estrategico_ADM.txt.txt,-1.9231296328045817,-4.440774926074725
10_Autoconocimiento.txt.txt,1.650778719114427,-4.81474512688723
47_Conceptos_y_Tecnicas_1.txt.txt,-2.782865531780718,-3.6117674777387117
35_Base_de_Datos.txt.txt,-2.4718385153961417,-0.7515839704327455
119_Composicion_Visual_1.txt.txt,0.06750546338771918,0.0992347600250069
79_Coloquios_EDU.txt.txt,-14.299991837147392,4.3169000289226975
130_Arte_y_Contexto_Social.txt.txt,-0.13821110612732285,0.36561862979555915
178_Sonido.txt.txt,-5.869692687546418,-1.901225062937215
44_Aplicaciones_Distribuidas.txt.txt,12.574690821526284,-3.0348321060103047
62_Pasteleria.txt.txt,-2.86106854692412,-4.738405666382447
151_Ecuaciones_Diferenciales.txt.txt,11.332269894428157,10.22187644444059
18_Calculo_Vectorial.txt.txt,13.903951846037575,-0.996803570660977
125_Nuevos_Medios.txt.txt,5.719906979184191,-15.308835563497743
100_Principios_de_Seguros.txt.txt,4.121687364150393,-16.472248702413594
36_Aprendizaje_Automatico.txt.txt,1.7170424771484392,-2.0594675680878636
72_Fundamentos_de_la_Educacion.txt.txt,-11.771022962787704,3.2454967680441453
56_Carniceria.txt.txt,-1.3458916191865566,-8.528959734911547
28_Probabilidad_y_Estadistica_+Ej.txt.txt,7.010602017302636,8.291176384531678
58_Introduccion_a_la_Biologia_+Ej.txt.txt,0.11513081943754697,-11.337410087094598
102_Principios_de_Finanzas.txt.txt,0.031238610847021203,0.3680033430664876
181_Inv._de_Operaciones_1_+Lab.txt.txt,-0.200625340569403,0.7368242469419853
85_Arte_y_Educacion.txt.txt,-14.759565101523282,1.5427461163845226
186_Sistemas_Lean.txt.txt,-0.9605689633098012,-2.483013275411417
25_Cultura_Gastronomica.txt.txt,-2.382856872546913,-11.422985969753636
4_Quimica_General_1_+Lab_Ej.txt.txt,6.973042688490278,-5.94619934853079
138_Enfasis_3.txt.txt,-0.15915669278325653,0.021074855479233087
55_Administracion_de_A_&_B.txt.txt,-9.565973902138959,-0.5973312588838633
64_Practica_Culinaria_2.txt.txt,-14.656560836224408,1.5416050698025539
42_Seguridad_Informatica.txt.txt,-1.8169580274307704,-6.808377717157897
135_Gestion_y_Produccion_Cultural.txt.txt,-0.4219995097452169,0.34182015850724184
162_Algebra_Abstracta_1.txt.txt,0.5346051119338019,1.3754478563084747
99_Gerencia_de_Costos.txt.txt,-0.12614646641618826,0.3999174337154965
17_Fisica_para_Ingenieria_1_+Lab_Ej.txt.txt,11.018313072306093,-2.759441952881792
127_Laboratorio_de_Creacion_2.txt.txt,-0.2580223658302714,0.7359172001454155
176_Lenguaje_Visual_y_Montaje.txt.txt,6.150676330729294,-9.158809452129391
78_Planificacion_y_Evaluacion_2.txt.txt,-3.6877005051396594,1.0302561806237824
80_Ensenanza_de_Lenguaje.txt.txt,-2.482920219923184,0.24869355637290685
66_Reposteria_y_Chocolateria.txt.txt,10.25145118877005,-4.161182896193808
30_Programacion_Avanzada_de_Apps.txt.txt,5.848419771375199,1.4317593673684308
53_Conceptos_y_Tecnicas_2_+PRA.txt.txt,-0.972186134095607,0.6942902684212009
54_Practica_Culinaria_1.txt.txt,-31.958794474791624,4.190713407364221
50_Nutricion_Humana_+Lab.txt.txt,-2.8291729003314092,-10.872675254942086
182_Control_de_Produccion.txt.txt,-0.32459565567272475,0.4232872171296635
60_Coloquios_Gastr.txt.txt,0.5517535777261207,-8.484037273055835
118_Fundamentos_de_las_Artes.txt.txt,-0.11918789656780465,0.7644813120818739
106_Negociacion.txt.txt,9.358166748221581,-3.2008744692379034
164_Analisis_Funcional.txt.txt,15.295960842781849,8.343500065469726
153_Introduccion_a_Probabilidades.txt.txt,10.72250966812705,11.925987808278178
91_Inclusion_y_Diversidad.txt.txt,-3.159722213132602,-9.671936121842565
117_Herramientas_Digitales_1.txt.txt,0.14315002885731382,0.06671389632818724
150_Variable_Compleja.txt.txt,40.41200889129084,27.81704893929049
83_Ensenanza_de_Matematicas.txt.txt,-17.83453542761705,-18.041315003753684
165_Algebra_Abstracta_2.txt.txt,15.0177056753737,21.72404241354283
140_Arte_y_Educacion___Curaduria.txt.txt,-36.82987945677994,-7.156015010504062
1_Escritura_Academica.txt.txt,-7.202976369300911,3.275010160869161
15_Matematicas_Discretas.txt.txt,19.929881393999246,37.841271262199996
115_Tributacion_y_Entorno_Legal.txt.txt,1.5895301376099829,-8.390860227152718
2_Taller_de_Ing._Cs._Computacion.txt.txt,-7.349301144369407,2.75866385642631
93_Practica_4.txt.txt,-19.590329738204364,5.559195238365959
12_Ingles_Nivel_3.txt.txt,5.861067063368111,4.509240896372566
163_Geometria_Diferencial.txt.txt,7.587161612419938,-0.135229584546412
22_Algebra_Lineal_1_+Ej.txt.txt,4.576849489813381,20.31437093534464
69_Administracion_de_Eventos.txt.txt,-5.5101724171678566,5.411408927087476
61_Alta_Cocina_Francesa.txt.txt,-7.083471958812321,11.169085219528078
123_Fundamentos_de_Escultura.txt.txt,-0.1834910647422877,0.31630776226517815
126_Arte_Contemporaneo.txt.txt,-0.09575999355702078,0.014149346144857185
86_Bilingualism.txt.txt,-9.968470152925883,-2.1506473513244524
180_Diseño_de_Produccion.txt.txt,-4.198673532548087,-6.88977313489339
97_Principios_de_Marketing.txt.txt,-0.23178021901464296,0.6492451297506331
109_Investigacion_de_Mercados.txt.txt,0.782139226892435,-3.5755450560344504
21_Programacion_de_Apps.txt.txt,5.154663731448283,-4.227096610247715
137_Matematicas_Cotidianas.txt.txt,0.1682152648022669,0.8764071476008931
169_Improvisacion.txt.txt,4.532137981553123,-7.949203009283759
14_Programacion_Avanzada_en_C++.txt.txt,0.13325778913743586,0.45012066376927934
154_Fundamentos_de_Geometria.txt.txt,3.946444244218138,12.834739536020729
13_Ingles_Nivel_4.txt.txt,-4.4246421503579985,12.32004123854314
43_Mineria_de_Datos.txt.txt,-0.032835968027698885,-3.214722299166455
149_Teoria_de_Grupos.txt.txt,-1.1254482487889634,15.201219270388775
142_Produccion_&_Exhibicion.txt.txt,-0.16576001586364877,0.572960388913184
152_Calculo_para_Ciencias_2.txt.txt,0.587643746438852,1.2684461893539825
81_Practica_1.txt.txt,-20.817444669469467,5.697955686822403
57_Alta_Cocina_Ecuatoriana.txt.txt,-6.626902996580703,0.41959192152853453
16_Introduccion_a_la_Economia.txt.txt,-0.026123121775678167,-1.5223210477689892
75_Planificacion_y_Evaluacion_1.txt.txt,-4.183481781347004,-2.7337038481517535
8_Programacion_en_C++_+Ej.txt.txt,9.292539485413794,-7.989888076981329
68_Enologia_y_Cocteleria.txt.txt,-10.538304003518023,2.4529349955318107
143_Programacion_Para_Diseño_1.txt.txt,-0.010494630156044557,0.491299579999335
108_Economia_y_Negocios.txt.txt,38.90372489331818,-33.6157789566984
98_Estadistica_Empresarial_+Lab.txt.txt,0.06984298409074842,0.3362384101182304
82_Metodologias_de_Ensenanza.txt.txt,-7.867605734615619,-3.137534031576152
160_Ecuaciones_Diferenciales_Parciales.txt.txt,10.91913031199385,21.682901066019344
48_Principios_de_Administracion.txt.txt,-8.848306646875958,0.9912780861838456
90_Practica_3.txt.txt,-24.181213361163067,5.430743152863321
52_Contabilidad_Empresarial.txt.txt,2.737428276460519,4.151630392594013
121_Dibujo_para_Arte_y_Diseno.txt.txt,-0.006646175530165242,0.38587008472081974
76_Estadistica_para_CCSS.txt.txt,-0.956637321225208,7.782247751630675
45_Proyecto_Integrador_CMP.txt.txt,-0.8214440204604246,0.6779599323027107
131_Taller_de_Investigacion.txt.txt,-0.4086204846998194,0.7530916417858265
84_Ensenanza_de_Ciencias_Sociales.txt.txt,-11.63511937924635,0.5430506575315286
9_Calculo_Integral_+_Ej.txt.txt,0.5547227482046811,1.2994733677924162
23_Fisica_para_Ingenieria_2_+Lab_Ej.txt.txt,5.904109051292152,-5.04316990735755
132_Enfasis_1.txt.txt,9.021726599115949,-22.963733076543075
107_Operaciones_+Lab.txt.txt,-0.24653352020427458,0.6449491077082977
145_Programacion_Para_Diseño_3.txt.txt,9.598104419305885,-0.3858471433196344
94_Zoologia_+Lab.txt.txt,-5.225168781895374,11.790352713353212
113_Negocios_Internacionales.txt.txt,-2.0343975291200076,-6.795624273355352
20_Ingles_Nivel_6.txt.txt,1.2779197517387213,14.911208793546516
112_Gestion_del_Talento.txt.txt,2.8270560335324912,-4.768480857573709
77_Neurociencia_y_Educacion.txt.txt,-4.627692969648765,-7.220893094046622
166_Topologia_1.txt.txt,0.7325686074193913,3.854938187402817
95_Fisiologia_+Lab.txt.txt,36.2154853529805,-26.462228280305844
134_Enfasis_2.txt.txt,-0.09292506797307531,0.15450583648606103
148_Calculo_para_Ciencias_1.txt.txt,0.2437802137980705,1.0370973533012957
31_Organizacion_de_Computadores.txt.txt,10.25895369953475,9.864349462670013
46_Matematica_Empresarial_+Ej.txt.txt,0.2785812291448204,0.9541768506232867
147_Modelado_3D_1.txt.txt,-0.3284056530930619,-3.1977354242208342
114_Innovacion_y_Sustentabilidad.txt.txt,-0.15349403242977083,0.3362492224498079
39_Proyectos__Gerencia_y_Analisis.txt.txt,-9.81090528551266,-0.33003511292995913
27_Estructuras_de_Datos.txt.txt,6.776213064873274,14.565466956563133
87_Practica_2.txt.txt,-28.333557958879464,7.200672818151805
174_Proyecto_final_en_Danza.txt.txt,-0.4942766189085073,-1.2562840446143673
173_Performance.txt.txt,2.309997824461652,-15.393495075159338
96_Evolucion.txt.txt,-17.130642656864463,-6.2775085374775115
41_Coloquios_ING.txt.txt,-11.92382629056472,1.0017232805699388
59_Introduccion_al_Marketing_HSP.txt.txt,-25.580516575861076,4.750201495742215
111_Proyectos_Empresariales.txt.txt,-0.19673006712243202,0.2568251867098491
157_Analisis_Numerico.txt.txt,15.353769381861978,35.93494931147341
88_Ensenanza_de_Ciencias.txt.txt,-9.138450701058314,-1.4258378852490894
104_Finanzas_Corporativas.txt.txt,-0.34571779233295585,-7.006999879834578
156_Inferencia_Estadistica.txt.txt,5.233765456678724,-2.36587640303984
29_Teoria_de_la_Computacion.txt.txt,10.36793674383909,-0.5663292927527616
73_Teorias_del_Aprendizaje.txt.txt,0.5358393251089749,-5.691465924954157
168_Analisis_Real.txt.txt,8.779278744866957,7.9756422231786495
74_Desarrollo__Niño_y_Adolescente.txt.txt,-2.3348438491067465,16.22111467700115
92_Proyecto_Integrador_EDU.txt.txt,-9.015583397754503,-2.1020642235531244
38_Sistemas_Operativos.txt.txt,-4.380467996603093,-0.974143418203736
40_Practica_Pre-Profesional_PASEM.txt.txt,-8.252984619908094,0.9788891259457118
70_Gerencia_Financiera_HSP.txt.txt,1.0160695420057797,-6.329969325089989
172_Composicion.txt.txt,18.378980586628014,-33.98607284949481
136_Laboratorio_de_Creacion_3.txt.txt,-0.24707652259214674,0.535744801846397
5_Cosmos.txt.txt,4.586749619310358,14.056555903076886
122_Fotografia_1.txt.txt,5.33132865726697,-7.841950655714643
128_Taller_de_Arte_1.txt.txt,-0.38954795196867226,0.23318157829914937
49_Panaderia.txt.txt,7.3719304265147425,-12.602438785320702
144_Programacion_Para_Diseño_2.txt.txt,2.589450761539013,-7.090854459674024
170_Danza_Moderna_2.txt.txt,4.91772453881552,0.1096742266462962
159_Combinatoria_y_Grafos.txt.txt,11.928200793534987,0.6363054496323381
103_Coloquios_adm.txt.txt,-0.39081155773433385,0.602734973817993
71_Identidad_Culinaria.txt.txt,5.379882436173214,-12.774342891033442
120_Laboratorio_de_Creacion_1.txt.txt,-0.43894887287229456,0.5888114800019834
51_Introduccion_a_la_Hospitalidad.txt.txt,-5.552842855473236,1.6974457634521116
175_Lenguaje_del_Cine.txt.txt,1.5652124860096726,-9.020684798829945
19_Ingles_Nivel_5.txt.txt,-9.01468473095787,13.337168067885752
177_Cinematografia.txt.txt,0.5317920205701517,-8.900201216399006
133_Taller_de_Arte_2.txt.txt,-0.35588395223053165,0.596929147132456
6_Ingles_Nivel_1.txt.txt,-1.9235481112321682,2.4644306349078775
179_Storytelling.txt.txt,-7.615860643033921,-7.491180655315711
37_Redes_+Lab.txt.txt,-4.019998239486344,-5.573947836247782
146_Juegos_y_Narrativa.txt.txt,-1.1829414511277272,-7.035299511008838
167_Topologia_2.txt.txt,7.572854137802023,8.790282684001015
139_Taller_de_Arte_3.txt.txt,-0.42870131731140315,0.6569450867012795
33_Diseño_de_Sistemas.txt.txt,5.784314772013928,-0.8107410389832878
141_Temas_en_Comunicacion_y_Arte.txt.txt,-0.00567481311155238,0.5031484661410439
124_Teoria_Critica_1__Arte_&_Media.txt.txt,-0.07638575881745926,0.5209180925324046
158_Teoria_de_Numeros.txt.txt,12.143550690780593,5.064940009217294
