original_column,0,1
184_Ergonomia.txt.txt,5.644588,15.322802
105_Marketing_Digital.txt.txt,4.920196,14.375721
32_Emprendimiento.txt.txt,5.0536633,14.901977
185_Ingenieria_de_la_Calidad_+_Lab.txt.txt,4.812466,15.772469
24_Aprendizaje_y_Servicio_PASEC.txt.txt,5.5051723,15.339931
34_Inteligencia_Artificial.txt.txt,4.635167,15.0673895
3_Calculo_Diferencial_+_Ej.txt.txt,4.0707097,16.009556
11_Ser_y_Cosmos.txt.txt,4.6743255,14.601964
89_Ensenanza_Integrada_de_CITIAM.txt.txt,4.461424,15.337714
155_Logica_y_Teoria_de_Conjuntos.txt.txt,5.202366,14.464624
26_Electronica_Basica_+Lab.txt.txt,4.1674123,14.753052
7_Ingles_Nivel_2.txt.txt,4.5171633,15.210875
65_Alta_Cocina_Mundial.txt.txt,5.1075296,15.230729
110_Creatividad_Empresarial.txt.txt,3.5524013,15.138291
101_Analisis_de_Datos.txt.txt,4.434884,15.234615
63_Servicio_y_Protocolo.txt.txt,3.6417887,15.398241
161_Algebra_Lineal_2.txt.txt,5.1176276,14.174171
171_Barra_para_danza_contemporanea.txt.txt,5.0396056,14.038329
"183_Procesos,_Metodos_y_Estandares.txt.txt",4.788136,15.061584
129_Coloquios_ART.txt.txt,5.1281457,16.362946
67_Innovacion_Culinaria.txt.txt,3.6478782,14.816315
116_Analisis_Estrategico_ADM.txt.txt,4.058977,14.524145
10_Autoconocimiento.txt.txt,4.2550216,14.342832
47_Conceptos_y_Tecnicas_1.txt.txt,3.8984103,15.637341
35_Base_de_Datos.txt.txt,5.0183043,14.213462
119_Composicion_Visual_1.txt.txt,4.479914,14.85524
79_Coloquios_EDU.txt.txt,4.5051484,16.146975
130_Arte_y_Contexto_Social.txt.txt,3.3843405,15.549166
178_Sonido.txt.txt,4.7869782,15.294869
44_Aplicaciones_Distribuidas.txt.txt,4.784012,14.52748
62_Pasteleria.txt.txt,4.2884665,14.665886
151_Ecuaciones_Diferenciales.txt.txt,4.089934,14.052888
18_Calculo_Vectorial.txt.txt,4.4204416,15.718811
125_Nuevos_Medios.txt.txt,5.4158735,16.008282
100_Principios_de_Seguros.txt.txt,4.793134,15.721988
36_Aprendizaje_Automatico.txt.txt,4.4244533,13.45804
72_Fundamentos_de_la_Educacion.txt.txt,4.824073,15.39183
56_Carniceria.txt.txt,4.77568,15.1000805
28_Probabilidad_y_Estadistica_+Ej.txt.txt,5.180682,15.431464
58_Introduccion_a_la_Biologia_+Ej.txt.txt,5.369661,15.343066
102_Principios_de_Finanzas.txt.txt,5.9967833,14.901916
181_Inv._de_Operaciones_1_+Lab.txt.txt,5.8584795,15.07256
85_Arte_y_Educacion.txt.txt,4.163213,14.785724
186_Sistemas_Lean.txt.txt,5.3659916,14.3403
25_Cultura_Gastronomica.txt.txt,4.104129,15.254114
4_Quimica_General_1_+Lab_Ej.txt.txt,5.264971,14.815794
138_Enfasis_3.txt.txt,3.3237677,14.5556555
55_Administracion_de_A_&_B.txt.txt,5.690465,14.874462
64_Practica_Culinaria_2.txt.txt,3.840757,15.276882
42_Seguridad_Informatica.txt.txt,5.948932,14.736675
135_Gestion_y_Produccion_Cultural.txt.txt,5.5231404,14.272328
162_Algebra_Abstracta_1.txt.txt,5.0061326,14.789239
99_Gerencia_de_Costos.txt.txt,4.083382,15.584842
17_Fisica_para_Ingenieria_1_+Lab_Ej.txt.txt,5.3087873,14.872876
127_Laboratorio_de_Creacion_2.txt.txt,3.42681,14.792136
176_Lenguaje_Visual_y_Montaje.txt.txt,3.6671228,14.875648
78_Planificacion_y_Evaluacion_2.txt.txt,3.8258042,15.662377
80_Ensenanza_de_Lenguaje.txt.txt,5.3063965,15.644724
66_Reposteria_y_Chocolateria.txt.txt,3.3239133,15.958129
30_Programacion_Avanzada_de_Apps.txt.txt,4.092615,16.847507
53_Conceptos_y_Tecnicas_2_+PRA.txt.txt,3.7011,15.066251
54_Practica_Culinaria_1.txt.txt,5.3634872,14.158821
50_Nutricion_Humana_+Lab.txt.txt,4.791219,13.286125
182_Control_de_Produccion.txt.txt,5.4891033,14.649846
60_Coloquios_Gastr.txt.txt,4.427917,16.431856
118_Fundamentos_de_las_Artes.txt.txt,4.5904827,15.63779
106_Negociacion.txt.txt,2.9584646,15.893709
164_Analisis_Funcional.txt.txt,5.5033116,15.29589
153_Introduccion_a_Probabilidades.txt.txt,4.666647,14.062937
91_Inclusion_y_Diversidad.txt.txt,3.0069764,14.959099
117_Herramientas_Digitales_1.txt.txt,6.613673,15.165405
150_Variable_Compleja.txt.txt,4.338589,15.290406
83_Ensenanza_de_Matematicas.txt.txt,6.302453,15.752066
165_Algebra_Abstracta_2.txt.txt,5.9473805,13.891074
140_Arte_y_Educacion___Curaduria.txt.txt,3.6325688,15.88379
1_Escritura_Academica.txt.txt,3.9721637,15.891498
15_Matematicas_Discretas.txt.txt,3.5050037,16.37432
115_Tributacion_y_Entorno_Legal.txt.txt,4.67018,13.714984
2_Taller_de_Ing._Cs._Computacion.txt.txt,4.556429,15.958105
93_Practica_4.txt.txt,4.9528837,16.938276
12_Ingles_Nivel_3.txt.txt,5.1941857,15.900453
163_Geometria_Diferencial.txt.txt,4.7214503,14.558103
22_Algebra_Lineal_1_+Ej.txt.txt,4.8201056,13.922047
69_Administracion_de_Eventos.txt.txt,4.174444,14.724433
61_Alta_Cocina_Francesa.txt.txt,3.6197135,15.969434
123_Fundamentos_de_Escultura.txt.txt,3.3388324,16.349976
126_Arte_Contemporaneo.txt.txt,5.754047,15.896344
86_Bilingualism.txt.txt,2.7112024,14.103593
180_Diseño_de_Produccion.txt.txt,6.05516,13.62065
97_Principios_de_Marketing.txt.txt,3.7158985,13.956543
109_Investigacion_de_Mercados.txt.txt,4.315098,12.923996
21_Programacion_de_Apps.txt.txt,3.9001336,16.941168
137_Matematicas_Cotidianas.txt.txt,3.6863196,14.245819
169_Improvisacion.txt.txt,3.7822003,15.22405
14_Programacion_Avanzada_en_C++.txt.txt,3.8320503,13.495426
154_Fundamentos_de_Geometria.txt.txt,4.468078,14.161049
13_Ingles_Nivel_4.txt.txt,4.6321115,16.273623
43_Mineria_de_Datos.txt.txt,4.091471,13.090821
149_Teoria_de_Grupos.txt.txt,6.1473713,15.227345
142_Produccion_&_Exhibicion.txt.txt,5.4644055,16.813194
152_Calculo_para_Ciencias_2.txt.txt,5.450021,14.670777
81_Practica_1.txt.txt,3.250199,13.802008
57_Alta_Cocina_Ecuatoriana.txt.txt,3.012294,14.006071
16_Introduccion_a_la_Economia.txt.txt,4.5554576,16.497355
75_Planificacion_y_Evaluacion_1.txt.txt,5.093251,12.996446
8_Programacion_en_C++_+Ej.txt.txt,3.5871627,14.45198
68_Enologia_y_Cocteleria.txt.txt,6.2708,16.09849
143_Programacion_Para_Diseño_1.txt.txt,6.546993,14.498259
108_Economia_y_Negocios.txt.txt,3.1586347,15.448528
98_Estadistica_Empresarial_+Lab.txt.txt,3.7459235,12.978518
82_Metodologias_de_Ensenanza.txt.txt,6.0477934,15.761981
160_Ecuaciones_Diferenciales_Parciales.txt.txt,3.548811,13.620129
48_Principios_de_Administracion.txt.txt,5.2654285,13.734102
90_Practica_3.txt.txt,3.1543257,14.676228
52_Contabilidad_Empresarial.txt.txt,5.811488,13.972393
121_Dibujo_para_Arte_y_Diseno.txt.txt,5.418814,13.572899
76_Estadistica_para_CCSS.txt.txt,3.9038498,12.613343
45_Proyecto_Integrador_CMP.txt.txt,3.0260508,13.4089985
131_Taller_de_Investigacion.txt.txt,4.3513846,14.038258
84_Ensenanza_de_Ciencias_Sociales.txt.txt,5.334227,16.530573
9_Calculo_Integral_+_Ej.txt.txt,5.342522,13.236554
23_Fisica_para_Ingenieria_2_+Lab_Ej.txt.txt,3.5631168,16.822521
132_Enfasis_1.txt.txt,2.7809308,14.19985
107_Operaciones_+Lab.txt.txt,4.2668223,13.312805
145_Programacion_Para_Diseño_3.txt.txt,4.4752903,17.091814
94_Zoologia_+Lab.txt.txt,4.101579,13.8603
113_Negocios_Internacionales.txt.txt,6.385594,14.023899
20_Ingles_Nivel_6.txt.txt,5.8267694,14.466728
112_Gestion_del_Talento.txt.txt,2.7381797,15.51781
77_Neurociencia_y_Educacion.txt.txt,4.2767973,13.544643
166_Topologia_1.txt.txt,4.1488347,16.76446
95_Fisiologia_+Lab.txt.txt,4.8495774,15.903125
134_Enfasis_2.txt.txt,2.5334876,14.24022
148_Calculo_para_Ciencias_1.txt.txt,3.948508,16.310375
31_Organizacion_de_Computadores.txt.txt,3.2308776,13.434372
46_Matematica_Empresarial_+Ej.txt.txt,5.02781,13.299392
147_Modelado_3D_1.txt.txt,2.742087,14.747231
114_Innovacion_y_Sustentabilidad.txt.txt,5.347303,15.9733305
39_Proyectos__Gerencia_y_Analisis.txt.txt,5.6218567,13.32172
27_Estructuras_de_Datos.txt.txt,6.9638424,14.596939
87_Practica_2.txt.txt,3.8948333,14.225418
174_Proyecto_final_en_Danza.txt.txt,5.3486686,16.279985
173_Performance.txt.txt,3.7456427,16.320318
96_Evolucion.txt.txt,4.1233025,14.597913
41_Coloquios_ING.txt.txt,4.7095833,16.720232
59_Introduccion_al_Marketing_HSP.txt.txt,3.7260952,13.6674385
111_Proyectos_Empresariales.txt.txt,2.812297,15.83265
157_Analisis_Numerico.txt.txt,3.1368847,15.269335
88_Ensenanza_de_Ciencias.txt.txt,3.573978,14.213643
104_Finanzas_Corporativas.txt.txt,6.791126,14.546092
156_Inferencia_Estadistica.txt.txt,5.7800045,16.14925
29_Teoria_de_la_Computacion.txt.txt,4.1929536,16.53529
73_Teorias_del_Aprendizaje.txt.txt,6.2662926,14.683981
168_Analisis_Real.txt.txt,6.099908,13.237637
74_Desarrollo__Niño_y_Adolescente.txt.txt,4.638893,13.764884
92_Proyecto_Integrador_EDU.txt.txt,5.847359,15.49231
38_Sistemas_Operativos.txt.txt,6.1677876,14.468364
40_Practica_Pre-Profesional_PASEM.txt.txt,4.560733,13.006576
70_Gerencia_Financiera_HSP.txt.txt,5.2269006,13.735532
172_Composicion.txt.txt,6.8022833,15.699194
136_Laboratorio_de_Creacion_3.txt.txt,4.686836,16.54879
5_Cosmos.txt.txt,4.8149405,13.534417
122_Fotografia_1.txt.txt,6.6862807,15.150378
128_Taller_de_Arte_1.txt.txt,3.167795,16.304272
49_Panaderia.txt.txt,5.4289885,13.084832
144_Programacion_Para_Diseño_2.txt.txt,2.2300148,14.673879
170_Danza_Moderna_2.txt.txt,5.8114214,13.552706
159_Combinatoria_y_Grafos.txt.txt,6.202261,16.533388
103_Coloquios_adm.txt.txt,5.0654755,16.281414
71_Identidad_Culinaria.txt.txt,6.080773,15.644577
120_Laboratorio_de_Creacion_1.txt.txt,6.4816523,14.375356
51_Introduccion_a_la_Hospitalidad.txt.txt,2.7757356,15.089544
175_Lenguaje_del_Cine.txt.txt,5.7767096,13.782656
19_Ingles_Nivel_5.txt.txt,6.3330045,16.227724
177_Cinematografia.txt.txt,5.0450053,12.7399025
133_Taller_de_Arte_2.txt.txt,3.0771239,15.223243
6_Ingles_Nivel_1.txt.txt,5.419403,16.800312
179_Storytelling.txt.txt,2.9463205,14.238927
37_Redes_+Lab.txt.txt,6.156607,13.859975
146_Juegos_y_Narrativa.txt.txt,6.0503573,14.856817
167_Topologia_2.txt.txt,2.3823342,15.209865
139_Taller_de_Arte_3.txt.txt,5.9693284,14.0861845
33_Diseño_de_Sistemas.txt.txt,3.5228803,13.199912
141_Temas_en_Comunicacion_y_Arte.txt.txt,6.437542,15.445138
124_Teoria_Critica_1__Arte_&_Media.txt.txt,5.832512,16.51969
158_Teoria_de_Numeros.txt.txt,5.8448887,16.826223
