original_column,0,1,2
184_Ergonomia.txt.txt,0.7676534,4.6012325,3.9225016
105_Marketing_Digital.txt.txt,2.121938,5.3524294,3.136933
32_Emprendimiento.txt.txt,2.4526465,4.2311673,2.732629
185_Ingenieria_de_la_Calidad_+_Lab.txt.txt,2.33756,4.5704756,4.525562
24_Aprendizaje_y_Servicio_PASEC.txt.txt,0.83771396,5.0229697,1.8089156
34_Inteligencia_Artificial.txt.txt,1.75724,6.0686603,4.2312093
3_Calculo_Diferencial_+_Ej.txt.txt,3.543246,5.986457,3.7833693
11_Ser_y_Cosmos.txt.txt,0.9061688,5.341624,1.7547364
89_Ensenanza_Integrada_de_CITIAM.txt.txt,1.1460866,6.447644,2.587943
155_Logica_y_Teoria_de_Conjuntos.txt.txt,2.9382539,5.961621,4.813186
26_Electronica_Basica_+Lab.txt.txt,1.9418422,5.248596,4.6407456
7_Ingles_Nivel_2.txt.txt,-0.63816047,4.815531,3.3711321
65_Alta_Cocina_Mundial.txt.txt,1.0740423,3.7841046,2.6158128
110_Creatividad_Empresarial.txt.txt,1.0448977,4.3634114,2.23172
101_Analisis_de_Datos.txt.txt,2.9568422,4.219572,4.2183337
63_Servicio_y_Protocolo.txt.txt,1.9341263,3.5560925,3.6237535
161_Algebra_Lineal_2.txt.txt,2.6815767,6.7878165,3.916897
171_Barra_para_danza_contemporanea.txt.txt,0.9140558,5.9459705,3.540536
"183_Procesos,_Metodos_y_Estandares.txt.txt",1.5220779,4.50213,4.7382
129_Coloquios_ART.txt.txt,0.19763435,5.3977084,2.5371132
67_Innovacion_Culinaria.txt.txt,0.77638316,3.8505952,2.5694773
116_Analisis_Estrategico_ADM.txt.txt,2.41368,4.811502,3.1799264
10_Autoconocimiento.txt.txt,1.6458904,5.383023,3.066065
47_Conceptos_y_Tecnicas_1.txt.txt,0.63888925,3.4578488,3.4051995
35_Base_de_Datos.txt.txt,1.1598014,4.622338,5.2229004
119_Composicion_Visual_1.txt.txt,-0.06579954,6.4835095,3.6766047
79_Coloquios_EDU.txt.txt,0.43143576,5.3961506,2.0793872
130_Arte_y_Contexto_Social.txt.txt,0.8544408,5.7029357,2.7960942
178_Sonido.txt.txt,-0.1159359,6.100054,4.3465085
44_Aplicaciones_Distribuidas.txt.txt,1.0433382,4.3622212,4.8490276
62_Pasteleria.txt.txt,0.744359,3.1136882,3.862916
151_Ecuaciones_Diferenciales.txt.txt,3.0037372,6.039669,3.819897
18_Calculo_Vectorial.txt.txt,3.3261683,6.4006844,3.5096602
125_Nuevos_Medios.txt.txt,0.55364233,6.308384,3.2332618
100_Principios_de_Seguros.txt.txt,1.2868848,3.9401317,3.7247024
36_Aprendizaje_Automatico.txt.txt,2.1302345,5.274371,4.116988
72_Fundamentos_de_la_Educacion.txt.txt,1.5800585,5.727611,2.1308672
56_Carniceria.txt.txt,0.89225304,3.4170756,4.0218344
28_Probabilidad_y_Estadistica_+Ej.txt.txt,3.7805786,5.4164987,3.7291324
58_Introduccion_a_la_Biologia_+Ej.txt.txt,3.2026782,5.2547054,3.2993357
102_Principios_de_Finanzas.txt.txt,1.5283506,4.1721945,1.9882162
181_Inv._de_Operaciones_1_+Lab.txt.txt,2.4573097,5.0117316,4.4381394
85_Arte_y_Educacion.txt.txt,0.93845284,6.2429543,1.885987
186_Sistemas_Lean.txt.txt,1.6926601,4.522572,4.153819
25_Cultura_Gastronomica.txt.txt,1.2531257,5.2692056,2.6184325
4_Quimica_General_1_+Lab_Ej.txt.txt,3.4527638,5.209913,3.535407
138_Enfasis_3.txt.txt,-0.118604116,5.451611,2.0986712
55_Administracion_de_A_&_B.txt.txt,2.1325505,3.5184379,3.9774005
64_Practica_Culinaria_2.txt.txt,0.33363008,3.4669297,2.865757
42_Seguridad_Informatica.txt.txt,2.0084155,4.0674295,4.480287
135_Gestion_y_Produccion_Cultural.txt.txt,1.3421669,4.470809,3.1684144
162_Algebra_Abstracta_1.txt.txt,3.0182517,6.477229,4.9387493
99_Gerencia_de_Costos.txt.txt,2.6503696,3.814982,3.3548715
17_Fisica_para_Ingenieria_1_+Lab_Ej.txt.txt,3.215181,5.40177,4.178111
127_Laboratorio_de_Creacion_2.txt.txt,-0.12935808,4.89369,4.331928
176_Lenguaje_Visual_y_Montaje.txt.txt,0.346672,6.676399,4.198885
78_Planificacion_y_Evaluacion_2.txt.txt,2.1095643,6.165884,2.9399946
80_Ensenanza_de_Lenguaje.txt.txt,0.8034597,6.039694,2.161831
66_Reposteria_y_Chocolateria.txt.txt,0.3602476,3.506303,3.8236635
30_Programacion_Avanzada_de_Apps.txt.txt,1.1102228,4.753401,4.934952
53_Conceptos_y_Tecnicas_2_+PRA.txt.txt,0.20175226,3.293507,3.0676599
54_Practica_Culinaria_1.txt.txt,0.63853425,3.3129349,2.9944634
50_Nutricion_Humana_+Lab.txt.txt,2.1339915,5.0067115,3.5926862
182_Control_de_Produccion.txt.txt,1.5446073,4.257524,4.4124475
60_Coloquios_Gastr.txt.txt,0.63373274,4.9172306,2.2738864
118_Fundamentos_de_las_Artes.txt.txt,0.48293486,5.2983465,3.8115385
106_Negociacion.txt.txt,2.8999949,3.7061987,3.5586076
164_Analisis_Funcional.txt.txt,3.087512,6.8244467,3.81283
153_Introduccion_a_Probabilidades.txt.txt,3.986243,5.8179135,4.048864
91_Inclusion_y_Diversidad.txt.txt,0.86651856,5.4383507,3.020251
117_Herramientas_Digitales_1.txt.txt,0.43993342,5.9633427,4.432162
150_Variable_Compleja.txt.txt,3.3183515,6.1576967,4.2287717
83_Ensenanza_de_Matematicas.txt.txt,1.3232813,6.287799,2.366171
165_Algebra_Abstracta_2.txt.txt,2.5216897,6.6334715,4.5577354
140_Arte_y_Educacion___Curaduria.txt.txt,0.7641208,5.068859,3.0756977
1_Escritura_Academica.txt.txt,-0.1597593,4.164172,3.5931745
15_Matematicas_Discretas.txt.txt,2.404146,6.062356,4.6508827
115_Tributacion_y_Entorno_Legal.txt.txt,1.5630404,4.2616844,2.9122314
2_Taller_de_Ing._Cs._Computacion.txt.txt,0.38871092,4.685549,4.0983005
93_Practica_4.txt.txt,-0.1604599,3.9683492,2.459273
12_Ingles_Nivel_3.txt.txt,-0.18996033,4.074911,3.4638157
163_Geometria_Diferencial.txt.txt,3.699463,6.541044,3.9059417
22_Algebra_Lineal_1_+Ej.txt.txt,2.9403136,6.7281976,4.1392446
69_Administracion_de_Eventos.txt.txt,2.087406,3.8673484,3.2571318
61_Alta_Cocina_Francesa.txt.txt,0.6688632,3.0260758,3.0982184
123_Fundamentos_de_Escultura.txt.txt,-0.105623595,5.52097,4.0518947
126_Arte_Contemporaneo.txt.txt,0.107734054,5.8479676,3.1854808
86_Bilingualism.txt.txt,1.3382934,5.9695764,2.5158665
180_Diseño_de_Produccion.txt.txt,-0.24324352,6.4740124,3.988949
97_Principios_de_Marketing.txt.txt,2.2067525,4.693592,2.8181865
109_Investigacion_de_Mercados.txt.txt,2.7933931,4.0592904,3.4504223
21_Programacion_de_Apps.txt.txt,1.0033442,5.016136,5.184293
137_Matematicas_Cotidianas.txt.txt,3.035998,5.4665565,4.6898365
169_Improvisacion.txt.txt,0.36494243,5.913336,3.5601435
14_Programacion_Avanzada_en_C++.txt.txt,0.9836531,5.4724436,4.8145266
154_Fundamentos_de_Geometria.txt.txt,3.3774066,6.547638,4.828264
13_Ingles_Nivel_4.txt.txt,-0.4675912,4.523227,3.0435946
43_Mineria_de_Datos.txt.txt,2.8375661,4.3773413,4.339306
149_Teoria_de_Grupos.txt.txt,2.8398364,6.5627494,4.8690953
142_Produccion_&_Exhibicion.txt.txt,0.4731105,4.508803,3.5694306
152_Calculo_para_Ciencias_2.txt.txt,2.9859588,6.5146623,3.5352998
81_Practica_1.txt.txt,0.25976145,4.16129,2.4290004
57_Alta_Cocina_Ecuatoriana.txt.txt,0.6735377,3.185753,2.8252509
16_Introduccion_a_la_Economia.txt.txt,3.0214353,4.3853216,2.858568
75_Planificacion_y_Evaluacion_1.txt.txt,1.7299999,6.036151,2.8009603
8_Programacion_en_C++_+Ej.txt.txt,3.0539377,5.0887885,3.7206817
68_Enologia_y_Cocteleria.txt.txt,1.2255757,3.0992079,3.3559265
143_Programacion_Para_Diseño_1.txt.txt,0.98194516,6.1080756,4.630704
108_Economia_y_Negocios.txt.txt,3.1144214,4.2475033,3.2431653
98_Estadistica_Empresarial_+Lab.txt.txt,3.4024687,4.2174788,3.8359976
82_Metodologias_de_Ensenanza.txt.txt,1.3734344,5.9327407,2.246489
160_Ecuaciones_Diferenciales_Parciales.txt.txt,2.943733,6.374701,4.398173
48_Principios_de_Administracion.txt.txt,2.295118,4.1370454,3.7736871
90_Practica_3.txt.txt,0.2972191,4.0666027,2.0633645
52_Contabilidad_Empresarial.txt.txt,2.7368038,4.0619063,4.060511
121_Dibujo_para_Arte_y_Diseno.txt.txt,0.13252701,5.383779,4.4934416
76_Estadistica_para_CCSS.txt.txt,3.868241,4.9851136,3.9371836
45_Proyecto_Integrador_CMP.txt.txt,0.8053367,4.345612,3.538015
131_Taller_de_Investigacion.txt.txt,0.05212245,4.5916944,3.8517292
84_Ensenanza_de_Ciencias_Sociales.txt.txt,1.1344471,6.536162,2.171897
9_Calculo_Integral_+_Ej.txt.txt,3.5993848,6.272088,3.9443989
23_Fisica_para_Ingenieria_2_+Lab_Ej.txt.txt,2.8438053,5.4479785,4.185106
132_Enfasis_1.txt.txt,-0.37005097,5.601386,2.3590753
107_Operaciones_+Lab.txt.txt,2.7972975,4.930517,4.7153225
145_Programacion_Para_Diseño_3.txt.txt,0.7201048,5.672635,4.6712
94_Zoologia_+Lab.txt.txt,2.954227,5.7143135,2.7637858
113_Negocios_Internacionales.txt.txt,1.7627877,4.178863,2.2606034
20_Ingles_Nivel_6.txt.txt,-0.4032357,4.3469043,2.984819
112_Gestion_del_Talento.txt.txt,1.5936946,4.391133,3.066465
77_Neurociencia_y_Educacion.txt.txt,1.9280301,5.7696495,2.1447806
166_Topologia_1.txt.txt,3.54461,6.559007,4.631048
95_Fisiologia_+Lab.txt.txt,2.996118,5.2403994,2.6842785
134_Enfasis_2.txt.txt,-0.30516365,5.27627,2.1653054
148_Calculo_para_Ciencias_1.txt.txt,3.5626488,6.5038037,3.5940812
31_Organizacion_de_Computadores.txt.txt,1.7898395,4.702323,5.2318745
46_Matematica_Empresarial_+Ej.txt.txt,3.256622,4.564134,3.6590018
147_Modelado_3D_1.txt.txt,0.8644909,5.3880167,5.1582103
114_Innovacion_y_Sustentabilidad.txt.txt,1.0693907,5.0289454,1.5591904
39_Proyectos__Gerencia_y_Analisis.txt.txt,1.8380053,3.7578933,3.9302225
27_Estructuras_de_Datos.txt.txt,1.7360488,5.2574124,4.7319493
87_Practica_2.txt.txt,0.051847298,3.9946792,2.194089
174_Proyecto_final_en_Danza.txt.txt,0.27703786,4.9474416,3.1162071
173_Performance.txt.txt,-0.1579691,5.485327,3.3471596
96_Evolucion.txt.txt,3.049335,5.4344077,2.767555
41_Coloquios_ING.txt.txt,0.24203104,5.0674906,1.9981854
59_Introduccion_al_Marketing_HSP.txt.txt,2.326774,4.3683424,3.399967
111_Proyectos_Empresariales.txt.txt,1.5624627,4.1029134,3.3872879
157_Analisis_Numerico.txt.txt,2.4391334,6.4205203,4.1124506
88_Ensenanza_de_Ciencias.txt.txt,1.5090704,6.4633694,1.9116397
104_Finanzas_Corporativas.txt.txt,1.6165146,4.4228163,2.060972
156_Inferencia_Estadistica.txt.txt,3.7633061,4.9422626,4.111783
29_Teoria_de_la_Computacion.txt.txt,1.4992502,5.28053,3.6723917
73_Teorias_del_Aprendizaje.txt.txt,1.0556997,5.888172,1.6157937
168_Analisis_Real.txt.txt,3.2804048,6.5211735,3.9795759
74_Desarrollo__Niño_y_Adolescente.txt.txt,1.7841014,5.6777945,2.6503122
92_Proyecto_Integrador_EDU.txt.txt,0.5766496,4.489544,2.6372402
38_Sistemas_Operativos.txt.txt,1.5607284,4.2247834,4.856682
40_Practica_Pre-Profesional_PASEM.txt.txt,0.2956752,4.073591,2.8252556
70_Gerencia_Financiera_HSP.txt.txt,2.5511935,3.537263,3.4784734
172_Composicion.txt.txt,-0.17172076,6.093872,3.5028045
136_Laboratorio_de_Creacion_3.txt.txt,-0.24158461,5.064142,4.060939
5_Cosmos.txt.txt,1.4028614,5.1168985,2.1205375
122_Fotografia_1.txt.txt,0.2550308,6.353393,4.397444
128_Taller_de_Arte_1.txt.txt,-0.29339805,5.0235167,3.6333728
49_Panaderia.txt.txt,0.65291244,3.0901647,3.542247
144_Programacion_Para_Diseño_2.txt.txt,0.96275896,5.676597,4.924959
170_Danza_Moderna_2.txt.txt,1.1362985,6.098763,3.9161158
159_Combinatoria_y_Grafos.txt.txt,1.9742732,5.655915,4.588335
103_Coloquios_adm.txt.txt,0.19116738,4.8543463,2.406259
71_Identidad_Culinaria.txt.txt,0.8954892,4.8717146,2.4125576
120_Laboratorio_de_Creacion_1.txt.txt,0.08879453,4.844669,4.706285
51_Introduccion_a_la_Hospitalidad.txt.txt,2.4268653,3.4284093,3.6172905
175_Lenguaje_del_Cine.txt.txt,0.15807994,6.827439,3.9914625
19_Ingles_Nivel_5.txt.txt,-0.32680205,5.06743,2.6089585
177_Cinematografia.txt.txt,-0.2980284,6.201046,4.118974
133_Taller_de_Arte_2.txt.txt,0.10024604,4.787419,3.8159306
6_Ingles_Nivel_1.txt.txt,-0.5271105,4.686908,2.9812524
179_Storytelling.txt.txt,0.02381991,6.693278,4.000526
37_Redes_+Lab.txt.txt,2.186739,4.400771,4.9689965
146_Juegos_y_Narrativa.txt.txt,0.6655153,6.6747293,3.804022
167_Topologia_2.txt.txt,3.0057485,6.583998,4.794903
139_Taller_de_Arte_3.txt.txt,0.25728732,4.8287697,3.6467075
33_Diseño_de_Sistemas.txt.txt,0.8006951,4.536112,5.0576777
141_Temas_en_Comunicacion_y_Arte.txt.txt,0.26428983,5.9081106,2.8015926
124_Teoria_Critica_1__Arte_&_Media.txt.txt,0.38432524,6.2221236,2.6286733
158_Teoria_de_Numeros.txt.txt,3.605078,6.163265,4.433546
