original_column,0,1,2
184_Ergonomia.txt.txt,11.2948,5.289121,8.090972
105_Marketing_Digital.txt.txt,10.32088,3.923583,8.17176
32_Emprendimiento.txt.txt,11.4787245,5.131782,7.7784157
185_Ingenieria_de_la_Calidad_+_Lab.txt.txt,10.779039,5.8460746,9.940117
24_Aprendizaje_y_Servicio_PASEC.txt.txt,10.426554,5.2764835,8.500524
34_Inteligencia_Artificial.txt.txt,10.873919,4.235366,7.441916
3_Calculo_Diferencial_+_Ej.txt.txt,9.951156,6.055219,7.337154
11_Ser_y_Cosmos.txt.txt,9.405195,4.7328043,8.158874
89_Ensenanza_Integrada_de_CITIAM.txt.txt,10.823075,5.866143,8.174364
155_Logica_y_Teoria_de_Conjuntos.txt.txt,10.95059,4.8090925,7.9875417
26_Electronica_Basica_+Lab.txt.txt,10.082239,5.251552,7.3773723
7_Ingles_Nivel_2.txt.txt,10.394353,4.9807606,8.833373
65_Alta_Cocina_Mundial.txt.txt,10.145908,5.1941566,9.129904
110_Creatividad_Empresarial.txt.txt,11.456446,4.577114,7.7404985
101_Analisis_de_Datos.txt.txt,9.872239,5.838757,8.650929
63_Servicio_y_Protocolo.txt.txt,10.967635,4.9062963,8.568367
161_Algebra_Lineal_2.txt.txt,11.772238,6.271306,8.344681
171_Barra_para_danza_contemporanea.txt.txt,11.249558,4.925999,9.422007
"183_Procesos,_Metodos_y_Estandares.txt.txt",11.186548,5.7589893,9.934073
129_Coloquios_ART.txt.txt,11.142974,3.92431,8.805157
67_Innovacion_Culinaria.txt.txt,11.079219,4.723359,8.508887
116_Analisis_Estrategico_ADM.txt.txt,10.718974,4.289349,9.003721
10_Autoconocimiento.txt.txt,10.811501,4.219445,8.334099
47_Conceptos_y_Tecnicas_1.txt.txt,10.975549,4.106776,7.422299
35_Base_de_Datos.txt.txt,11.681614,4.208283,8.164884
119_Composicion_Visual_1.txt.txt,11.065366,4.95383,9.346615
79_Coloquios_EDU.txt.txt,11.493994,3.5435243,8.820754
130_Arte_y_Contexto_Social.txt.txt,9.289322,3.8892355,8.878394
178_Sonido.txt.txt,9.956131,4.766764,8.265792
44_Aplicaciones_Distribuidas.txt.txt,10.145589,4.839317,7.647699
62_Pasteleria.txt.txt,11.758237,5.0079637,7.715063
151_Ecuaciones_Diferenciales.txt.txt,11.03634,4.9522266,7.7033577
18_Calculo_Vectorial.txt.txt,10.90502,5.7425737,7.1491113
125_Nuevos_Medios.txt.txt,9.556082,4.390485,7.5974827
100_Principios_de_Seguros.txt.txt,11.423137,4.1531744,8.8164215
36_Aprendizaje_Automatico.txt.txt,10.417106,5.238036,7.3036604
72_Fundamentos_de_la_Educacion.txt.txt,10.33534,3.707328,8.0215
56_Carniceria.txt.txt,10.200172,4.658166,8.0159235
28_Probabilidad_y_Estadistica_+Ej.txt.txt,10.225275,6.1025686,8.160351
58_Introduccion_a_la_Biologia_+Ej.txt.txt,9.695957,4.542685,8.914839
102_Principios_de_Finanzas.txt.txt,12.13948,4.8571835,9.090708
181_Inv._de_Operaciones_1_+Lab.txt.txt,11.6663265,4.4401536,7.4382873
85_Arte_y_Educacion.txt.txt,10.809201,4.7381535,8.699209
186_Sistemas_Lean.txt.txt,11.354132,6.0146847,8.934262
25_Cultura_Gastronomica.txt.txt,11.588305,4.9174604,8.339631
4_Quimica_General_1_+Lab_Ej.txt.txt,9.974723,5.6205325,7.8596435
138_Enfasis_3.txt.txt,10.813592,4.3533244,10.241566
55_Administracion_de_A_&_B.txt.txt,10.505436,6.106454,9.892748
64_Practica_Culinaria_2.txt.txt,10.891373,5.4726048,9.094729
42_Seguridad_Informatica.txt.txt,10.305895,5.465515,8.575602
135_Gestion_y_Produccion_Cultural.txt.txt,11.243093,4.1066008,7.8153796
162_Algebra_Abstracta_1.txt.txt,9.974786,3.4742692,8.969827
99_Gerencia_de_Costos.txt.txt,10.350803,6.4384675,9.05113
17_Fisica_para_Ingenieria_1_+Lab_Ej.txt.txt,10.941291,5.4634366,7.7696166
127_Laboratorio_de_Creacion_2.txt.txt,11.070708,6.0751677,8.358786
176_Lenguaje_Visual_y_Montaje.txt.txt,9.537753,5.114285,8.166197
78_Planificacion_y_Evaluacion_2.txt.txt,9.520342,4.58614,8.603802
80_Ensenanza_de_Lenguaje.txt.txt,11.211282,4.4050803,9.315521
66_Reposteria_y_Chocolateria.txt.txt,10.6309185,5.805561,8.441964
30_Programacion_Avanzada_de_Apps.txt.txt,10.847825,3.3675742,9.996123
53_Conceptos_y_Tecnicas_2_+PRA.txt.txt,10.601951,4.3862615,9.641854
54_Practica_Culinaria_1.txt.txt,11.324692,5.672365,8.897865
50_Nutricion_Humana_+Lab.txt.txt,10.129867,3.9429586,8.498292
182_Control_de_Produccion.txt.txt,11.056563,6.05032,9.725957
60_Coloquios_Gastr.txt.txt,10.680909,2.970678,9.080423
118_Fundamentos_de_las_Artes.txt.txt,11.849363,5.6726847,8.7558975
106_Negociacion.txt.txt,10.025601,5.866112,10.214758
164_Analisis_Funcional.txt.txt,10.973654,6.289925,8.919837
153_Introduccion_a_Probabilidades.txt.txt,10.329503,6.6591206,9.394423
91_Inclusion_y_Diversidad.txt.txt,12.473811,4.4494357,8.8736925
117_Herramientas_Digitales_1.txt.txt,10.042471,5.727548,9.499413
150_Variable_Compleja.txt.txt,11.7753935,5.4409046,6.9589024
83_Ensenanza_de_Matematicas.txt.txt,12.073584,4.0902743,9.7388735
165_Algebra_Abstracta_2.txt.txt,8.777478,4.15409,8.721055
140_Arte_y_Educacion___Curaduria.txt.txt,9.781443,6.1703305,9.048515
1_Escritura_Academica.txt.txt,11.975158,3.9833052,7.2910633
15_Matematicas_Discretas.txt.txt,12.337848,4.396757,8.442617
115_Tributacion_y_Entorno_Legal.txt.txt,10.607803,4.011378,7.3419604
2_Taller_de_Ing._Cs._Computacion.txt.txt,10.834574,2.8244095,7.5489793
93_Practica_4.txt.txt,10.137436,5.78747,7.246892
12_Ingles_Nivel_3.txt.txt,12.242741,4.679193,9.811332
163_Geometria_Diferencial.txt.txt,9.877308,6.876638,7.7329473
22_Algebra_Lineal_1_+Ej.txt.txt,11.98658,6.636927,7.8529754
69_Administracion_de_Eventos.txt.txt,11.160479,4.981024,10.618573
61_Alta_Cocina_Francesa.txt.txt,9.404342,5.8917165,8.568827
123_Fundamentos_de_Escultura.txt.txt,11.397292,4.9819407,10.216401
126_Arte_Contemporaneo.txt.txt,10.22622,4.6913714,9.517232
86_Bilingualism.txt.txt,9.414128,4.386395,7.8882904
180_Diseño_de_Produccion.txt.txt,12.1201315,3.6898365,7.7325854
97_Principios_de_Marketing.txt.txt,11.599181,3.5412877,9.1551285
109_Investigacion_de_Mercados.txt.txt,9.777148,3.5385811,8.565026
21_Programacion_de_Apps.txt.txt,11.0565815,3.288072,10.057163
137_Matematicas_Cotidianas.txt.txt,11.959514,4.7463703,9.06346
169_Improvisacion.txt.txt,10.449636,4.014916,6.864838
14_Programacion_Avanzada_en_C++.txt.txt,9.920017,4.1989565,9.606453
154_Fundamentos_de_Geometria.txt.txt,9.821034,5.390789,6.7050333
13_Ingles_Nivel_4.txt.txt,11.527981,3.4495509,7.647789
43_Mineria_de_Datos.txt.txt,10.555223,6.970165,8.333092
149_Teoria_de_Grupos.txt.txt,12.318775,3.6027324,8.905312
142_Produccion_&_Exhibicion.txt.txt,10.130437,3.869818,7.1261134
152_Calculo_para_Ciencias_2.txt.txt,10.570869,5.5080166,6.5379443
81_Practica_1.txt.txt,11.812795,4.751346,8.476165
57_Alta_Cocina_Ecuatoriana.txt.txt,10.263888,3.3738706,7.8188233
16_Introduccion_a_la_Economia.txt.txt,12.322541,5.070505,8.106002
75_Planificacion_y_Evaluacion_1.txt.txt,12.359414,5.012375,7.941288
8_Programacion_en_C++_+Ej.txt.txt,9.641033,5.0438876,9.697598
68_Enologia_y_Cocteleria.txt.txt,12.313907,6.226858,8.6004
143_Programacion_Para_Diseño_1.txt.txt,11.563846,4.140381,9.782282
108_Economia_y_Negocios.txt.txt,9.313039,3.2059422,8.227476
98_Estadistica_Empresarial_+Lab.txt.txt,11.054762,6.863897,8.813391
82_Metodologias_de_Ensenanza.txt.txt,12.491725,4.269011,9.849258
160_Ecuaciones_Diferenciales_Parciales.txt.txt,10.421591,3.0693574,8.289476
48_Principios_de_Administracion.txt.txt,11.590763,6.814842,8.404481
90_Practica_3.txt.txt,11.858783,3.1496375,8.147057
52_Contabilidad_Empresarial.txt.txt,12.025584,5.6609507,7.429993
121_Dibujo_para_Arte_y_Diseno.txt.txt,9.857633,5.685155,9.322633
76_Estadistica_para_CCSS.txt.txt,10.269154,7.0199146,8.445555
45_Proyecto_Integrador_CMP.txt.txt,8.646442,4.9701724,8.792801
131_Taller_de_Investigacion.txt.txt,10.195802,3.399783,9.419863
84_Ensenanza_de_Ciencias_Sociales.txt.txt,10.065198,2.9762914,8.570848
9_Calculo_Integral_+_Ej.txt.txt,10.991992,5.190692,6.453521
23_Fisica_para_Ingenieria_2_+Lab_Ej.txt.txt,9.425331,6.48925,8.40156
132_Enfasis_1.txt.txt,10.204091,4.4527183,10.727974
107_Operaciones_+Lab.txt.txt,11.390619,3.321687,7.2270136
145_Programacion_Para_Diseño_3.txt.txt,9.501086,3.850701,7.271024
94_Zoologia_+Lab.txt.txt,12.875065,5.335932,7.9062285
113_Negocios_Internacionales.txt.txt,11.324938,4.8404055,6.9687243
20_Ingles_Nivel_6.txt.txt,12.201407,4.410973,7.0205994
112_Gestion_del_Talento.txt.txt,12.425105,3.8544116,9.124213
77_Neurociencia_y_Educacion.txt.txt,11.354062,5.797637,7.4353685
166_Topologia_1.txt.txt,10.959196,6.7307725,7.595582
95_Fisiologia_+Lab.txt.txt,11.950037,6.176992,9.201107
134_Enfasis_2.txt.txt,10.689069,4.0826263,10.633134
148_Calculo_para_Ciencias_1.txt.txt,9.571922,6.5259166,7.7112193
31_Organizacion_de_Computadores.txt.txt,10.485185,4.6590223,8.586555
46_Matematica_Empresarial_+Ej.txt.txt,12.502098,5.7821856,7.9362197
147_Modelado_3D_1.txt.txt,12.0657425,5.6591783,9.624042
114_Innovacion_y_Sustentabilidad.txt.txt,9.706044,4.31926,9.484508
39_Proyectos__Gerencia_y_Analisis.txt.txt,11.678197,6.6087313,9.041159
27_Estructuras_de_Datos.txt.txt,11.350884,4.6548014,6.8257165
87_Practica_2.txt.txt,10.85806,3.724315,8.576905
174_Proyecto_final_en_Danza.txt.txt,11.423239,4.014909,9.988668
173_Performance.txt.txt,12.256537,3.2375004,8.472364
96_Evolucion.txt.txt,12.397374,5.251045,9.395193
41_Coloquios_ING.txt.txt,11.345355,3.0012364,9.505877
59_Introduccion_al_Marketing_HSP.txt.txt,10.764817,4.8888974,10.199141
111_Proyectos_Empresariales.txt.txt,12.556178,4.404238,7.8077745
157_Analisis_Numerico.txt.txt,10.682821,6.418055,7.2504926
88_Ensenanza_de_Ciencias.txt.txt,12.144762,6.085703,8.036492
104_Finanzas_Corporativas.txt.txt,12.664908,5.097435,8.646101
156_Inferencia_Estadistica.txt.txt,11.314142,6.693725,9.735311
29_Teoria_de_la_Computacion.txt.txt,9.693986,5.34447,8.711546
73_Teorias_del_Aprendizaje.txt.txt,8.702702,5.5352397,8.644385
168_Analisis_Real.txt.txt,11.2795,6.376342,6.8725533
74_Desarrollo__Niño_y_Adolescente.txt.txt,12.935043,4.567196,8.475908
92_Proyecto_Integrador_EDU.txt.txt,9.305327,5.2219067,9.9739485
38_Sistemas_Operativos.txt.txt,11.453263,3.0903451,8.467821
40_Practica_Pre-Profesional_PASEM.txt.txt,8.864462,4.917051,9.477634
70_Gerencia_Financiera_HSP.txt.txt,9.66136,5.5886827,7.2797546
172_Composicion.txt.txt,11.47089,5.4361916,9.395139
136_Laboratorio_de_Creacion_3.txt.txt,11.123723,2.755818,9.395895
5_Cosmos.txt.txt,10.011823,3.5148878,7.5207186
122_Fotografia_1.txt.txt,10.332514,4.776198,6.468968
128_Taller_de_Arte_1.txt.txt,10.677224,3.643417,10.167625
49_Panaderia.txt.txt,9.650939,4.515141,6.9062295
144_Programacion_Para_Diseño_2.txt.txt,9.644678,4.0259786,10.224305
170_Danza_Moderna_2.txt.txt,9.4475355,4.148575,9.570808
159_Combinatoria_y_Grafos.txt.txt,8.759532,4.9493437,7.6069365
103_Coloquios_adm.txt.txt,12.350147,3.898411,7.9739633
71_Identidad_Culinaria.txt.txt,9.120541,3.6409676,8.147464
120_Laboratorio_de_Creacion_1.txt.txt,9.925678,5.1499095,9.909812
51_Introduccion_a_la_Hospitalidad.txt.txt,11.937003,6.1299443,7.47925
175_Lenguaje_del_Cine.txt.txt,8.492463,4.502224,8.536736
19_Ingles_Nivel_5.txt.txt,11.107781,2.7108479,8.900214
177_Cinematografia.txt.txt,11.093697,4.125156,6.527243
133_Taller_de_Arte_2.txt.txt,11.049133,3.1202452,7.996785
6_Ingles_Nivel_1.txt.txt,11.742231,4.8941603,9.584201
179_Storytelling.txt.txt,9.143158,5.1632023,7.4303236
37_Redes_+Lab.txt.txt,11.404294,5.7935796,6.787051
146_Juegos_y_Narrativa.txt.txt,10.575517,6.5228324,7.6403584
167_Topologia_2.txt.txt,9.176685,5.8226857,9.518413
139_Taller_de_Arte_3.txt.txt,8.978247,5.694131,8.10722
33_Diseño_de_Sistemas.txt.txt,9.643014,5.4433928,6.969025
141_Temas_en_Comunicacion_y_Arte.txt.txt,9.03649,4.0623903,7.9501543
124_Teoria_Critica_1__Arte_&_Media.txt.txt,9.689419,3.3688776,9.824998
158_Teoria_de_Numeros.txt.txt,10.323675,6.289983,6.622813
