original_column,0,1,2,3,4
184_Ergonomia.txt.txt,9.944642,6.320449,5.868049,6.7109437,3.8614466
105_Marketing_Digital.txt.txt,9.686695,5.651255,5.2538023,6.873759,3.6217074
32_Emprendimiento.txt.txt,9.342875,6.4011307,5.6081133,7.070402,4.020038
185_Ingenieria_de_la_Calidad_+_Lab.txt.txt,10.527716,6.3257675,5.3040314,6.5971246,3.1678753
24_Aprendizaje_y_Servicio_PASEC.txt.txt,9.604401,5.913965,5.7981863,7.1417317,3.8939788
34_Inteligencia_Artificial.txt.txt,9.773187,6.4879704,5.126714,6.624286,4.024226
3_Calculo_Diferencial_+_Ej.txt.txt,9.970917,6.37307,5.3597946,5.7177687,3.9888484
11_Ser_y_Cosmos.txt.txt,9.2831135,5.893084,5.4792295,6.7498407,3.9981937
89_Ensenanza_Integrada_de_CITIAM.txt.txt,9.441766,6.0217986,5.8739877,6.6676097,3.4927824
155_Logica_y_Teoria_de_Conjuntos.txt.txt,10.045297,6.1966424,5.3853674,6.7051272,3.9595082
26_Electronica_Basica_+Lab.txt.txt,10.098037,6.3968987,5.976701,6.770647,3.909016
7_Ingles_Nivel_2.txt.txt,9.787097,5.970281,5.579712,6.793931,3.4936757
65_Alta_Cocina_Mundial.txt.txt,9.745407,6.0569797,4.897234,6.956009,3.997861
110_Creatividad_Empresarial.txt.txt,9.662491,6.1285386,5.226346,7.175401,3.4503875
101_Analisis_de_Datos.txt.txt,9.3005,6.0238495,5.684867,7.053161,3.9374943
63_Servicio_y_Protocolo.txt.txt,9.499949,6.0738716,6.149657,6.957014,3.693008
161_Algebra_Lineal_2.txt.txt,9.186615,6.0533795,5.3060784,6.012154,3.568721
171_Barra_para_danza_contemporanea.txt.txt,9.662494,6.390224,5.403228,6.6982603,3.873604
"183_Procesos,_Metodos_y_Estandares.txt.txt",10.516358,6.158817,5.5477605,6.5898967,3.3861907
129_Coloquios_ART.txt.txt,9.164792,6.451742,4.780409,7.2208037,3.9924955
67_Innovacion_Culinaria.txt.txt,9.727867,6.605988,5.4585905,6.723708,3.210937
116_Analisis_Estrategico_ADM.txt.txt,9.512622,6.531032,5.662991,6.811338,3.9442284
10_Autoconocimiento.txt.txt,9.503039,6.4676385,5.3786316,7.4039526,3.8229504
47_Conceptos_y_Tecnicas_1.txt.txt,9.915223,6.316013,5.491236,6.2750163,3.9056544
35_Base_de_Datos.txt.txt,9.648819,6.4132667,5.13598,6.8620567,3.7117324
119_Composicion_Visual_1.txt.txt,9.322347,6.698098,5.2217917,7.385296,3.4320965
79_Coloquios_EDU.txt.txt,9.564975,6.4495225,4.570288,7.182823,3.9500601
130_Arte_y_Contexto_Social.txt.txt,9.302199,5.5164104,5.2811246,7.5129886,3.7294436
178_Sonido.txt.txt,9.28471,6.202511,5.834588,7.2309318,3.413348
44_Aplicaciones_Distribuidas.txt.txt,9.121573,5.7617426,5.1178255,7.2159624,3.4728274
62_Pasteleria.txt.txt,9.618983,6.5751557,5.8451757,7.0145173,3.442279
151_Ecuaciones_Diferenciales.txt.txt,9.387816,5.8943357,5.644671,6.329736,4.0382175
18_Calculo_Vectorial.txt.txt,9.822395,6.07585,5.369265,5.726556,3.3279421
125_Nuevos_Medios.txt.txt,9.382056,5.747174,4.841256,7.538631,3.82742
100_Principios_de_Seguros.txt.txt,9.11949,6.10832,5.4675374,7.1488523,3.8750815
36_Aprendizaje_Automatico.txt.txt,9.065862,6.263046,5.193201,6.569133,3.3152246
72_Fundamentos_de_la_Educacion.txt.txt,9.159182,6.1234884,5.087665,7.0691395,3.7042208
56_Carniceria.txt.txt,9.234,6.2502317,5.5871453,6.71626,3.283223
28_Probabilidad_y_Estadistica_+Ej.txt.txt,9.314092,6.8153205,5.2131934,6.41431,3.539126
58_Introduccion_a_la_Biologia_+Ej.txt.txt,9.721292,6.830018,5.199224,6.915746,3.4908068
102_Principios_de_Finanzas.txt.txt,9.913471,6.0134554,5.706522,7.149934,4.451526
181_Inv._de_Operaciones_1_+Lab.txt.txt,9.710952,6.638498,5.978282,6.5472226,3.4056692
85_Arte_y_Educacion.txt.txt,9.495147,6.3330135,5.3653746,7.144283,3.0477107
186_Sistemas_Lean.txt.txt,10.149634,6.4748917,5.293904,6.152653,3.1106062
25_Cultura_Gastronomica.txt.txt,9.263373,6.1716805,5.510868,7.5637097,3.3730104
4_Quimica_General_1_+Lab_Ej.txt.txt,9.732768,6.4007597,5.5296845,7.3582554,3.5633552
138_Enfasis_3.txt.txt,9.815526,6.9618387,4.8425493,7.560478,3.9607766
55_Administracion_de_A_&_B.txt.txt,10.474538,6.383563,4.9958906,6.5466223,3.1865978
64_Practica_Culinaria_2.txt.txt,9.784417,6.220413,5.9104176,7.559629,3.361608
42_Seguridad_Informatica.txt.txt,9.850896,6.5615005,5.340732,7.2811847,3.3272266
135_Gestion_y_Produccion_Cultural.txt.txt,9.042706,6.4415936,5.7549005,7.4322624,3.3157995
162_Algebra_Abstracta_1.txt.txt,9.887389,5.7044992,4.998378,6.4629374,3.5872097
99_Gerencia_de_Costos.txt.txt,9.975365,6.728527,5.5012264,7.3837595,3.921451
17_Fisica_para_Ingenieria_1_+Lab_Ej.txt.txt,9.692564,6.1295924,5.176648,6.6482234,3.0401773
127_Laboratorio_de_Creacion_2.txt.txt,9.762435,6.598349,5.6920915,7.045287,2.8513684
176_Lenguaje_Visual_y_Montaje.txt.txt,9.823346,5.857508,5.128694,7.430243,3.2007616
78_Planificacion_y_Evaluacion_2.txt.txt,10.314229,6.4932523,5.3456006,7.224359,4.1715527
80_Ensenanza_de_Lenguaje.txt.txt,9.540918,5.9664283,5.253368,7.759943,3.6082506
66_Reposteria_y_Chocolateria.txt.txt,10.505629,6.0466075,5.0927353,6.9592857,3.3709726
30_Programacion_Avanzada_de_Apps.txt.txt,9.285066,6.950335,4.507402,6.530594,3.8309808
53_Conceptos_y_Tecnicas_2_+PRA.txt.txt,10.154551,6.1242633,5.7096357,7.445618,3.3265672
54_Practica_Culinaria_1.txt.txt,10.363757,6.530236,5.515987,7.1731153,3.4243546
50_Nutricion_Humana_+Lab.txt.txt,9.533294,5.9586005,5.0258636,7.514857,3.9959557
182_Control_de_Produccion.txt.txt,10.61606,6.5888023,5.348451,6.796865,3.05414
60_Coloquios_Gastr.txt.txt,10.007278,6.5491476,5.64122,7.006827,4.832057
118_Fundamentos_de_las_Artes.txt.txt,9.345464,6.6659045,5.3849425,7.701194,3.6568673
106_Negociacion.txt.txt,10.053126,6.4516826,5.351749,7.1320353,2.616416
164_Analisis_Funcional.txt.txt,10.419207,6.6531157,4.9784446,6.558649,3.864972
153_Introduccion_a_Probabilidades.txt.txt,9.976385,6.113552,5.6710763,5.715086,3.5788639
91_Inclusion_y_Diversidad.txt.txt,10.1741295,6.042864,4.630846,7.343126,3.0381818
117_Herramientas_Digitales_1.txt.txt,10.017367,6.2481933,4.824593,7.36204,4.363501
150_Variable_Compleja.txt.txt,9.873844,6.166871,5.464033,5.8907804,2.882267
83_Ensenanza_de_Matematicas.txt.txt,10.240689,5.8649025,6.1280675,7.309961,3.3544633
165_Algebra_Abstracta_2.txt.txt,10.05686,5.43429,4.994712,6.5693326,3.0731583
140_Arte_y_Educacion___Curaduria.txt.txt,9.908373,6.333264,4.792298,7.7282953,3.70597
1_Escritura_Academica.txt.txt,9.684782,5.6844826,4.3901954,6.629116,3.6199856
15_Matematicas_Discretas.txt.txt,9.435058,5.5694213,5.141561,7.321476,4.467224
115_Tributacion_y_Entorno_Legal.txt.txt,9.391345,5.1341233,5.3816586,7.178135,3.7047694
2_Taller_de_Ing._Cs._Computacion.txt.txt,10.026278,6.0558324,4.5796094,6.635695,2.9446433
93_Practica_4.txt.txt,10.208415,6.0157304,4.604038,6.223503,3.5727918
12_Ingles_Nivel_3.txt.txt,8.928177,5.7366214,5.4613485,6.8822694,3.077078
163_Geometria_Diferencial.txt.txt,9.954824,6.657681,5.4393406,5.6569176,3.7808518
22_Algebra_Lineal_1_+Ej.txt.txt,9.114203,6.107093,5.285188,5.899896,3.2857904
69_Administracion_de_Eventos.txt.txt,9.732374,5.7495055,6.3290043,6.4261394,3.599538
61_Alta_Cocina_Francesa.txt.txt,10.117189,5.4144645,5.30558,7.5321307,3.6873167
123_Fundamentos_de_Escultura.txt.txt,10.414826,6.3444924,4.975592,7.566546,3.899291
126_Arte_Contemporaneo.txt.txt,9.737064,6.1051974,4.86117,7.8223352,3.34959
86_Bilingualism.txt.txt,9.403198,5.5730333,5.4938784,7.786716,3.2494478
180_Diseño_de_Produccion.txt.txt,9.411361,5.8965635,4.761092,6.2378273,4.193198
97_Principios_de_Marketing.txt.txt,10.022874,5.7659225,6.0850444,6.655461,3.111513
109_Investigacion_de_Mercados.txt.txt,10.224709,6.8209968,4.76151,6.4216323,3.602438
21_Programacion_de_Apps.txt.txt,9.322213,6.840926,4.372691,6.6078005,3.9562418
137_Matematicas_Cotidianas.txt.txt,10.238757,5.3951635,5.4865084,7.1644654,3.652382
169_Improvisacion.txt.txt,9.969079,5.4505744,5.1739154,7.4177628,2.9949486
14_Programacion_Avanzada_en_C++.txt.txt,10.554907,5.8509207,5.3544765,7.0025463,3.9102924
154_Fundamentos_de_Geometria.txt.txt,10.036994,6.270901,4.8823195,5.987383,3.3811355
13_Ingles_Nivel_4.txt.txt,10.687834,6.1449113,5.6674,7.3501573,3.4721434
43_Mineria_de_Datos.txt.txt,9.16407,6.543906,4.743921,6.486793,3.1446674
149_Teoria_de_Grupos.txt.txt,10.499484,6.1465797,5.4558463,6.278785,4.179757
142_Produccion_&_Exhibicion.txt.txt,9.545857,5.5816336,4.8013225,6.717634,4.2369547
152_Calculo_para_Ciencias_2.txt.txt,10.015885,6.0991335,5.179448,5.7669096,3.5345352
81_Practica_1.txt.txt,9.755542,6.445187,5.7717714,6.5391026,2.7107117
57_Alta_Cocina_Ecuatoriana.txt.txt,9.618031,6.893675,5.072568,6.131365,3.3118615
16_Introduccion_a_la_Economia.txt.txt,9.624214,5.5627327,5.2293754,6.1656103,3.1974583
75_Planificacion_y_Evaluacion_1.txt.txt,9.866663,5.09563,5.2873864,6.804999,3.565097
8_Programacion_en_C++_+Ej.txt.txt,9.979149,5.5757093,5.5475016,6.259074,4.1363454
68_Enologia_y_Cocteleria.txt.txt,9.419994,5.47993,5.87894,6.47043,3.2815695
143_Programacion_Para_Diseño_1.txt.txt,10.370865,5.8093224,5.062593,6.9444427,4.311365
108_Economia_y_Negocios.txt.txt,8.777647,6.518092,5.5740304,6.394769,3.8710973
98_Estadistica_Empresarial_+Lab.txt.txt,9.146916,6.758996,4.76454,6.6565146,3.445636
82_Metodologias_de_Ensenanza.txt.txt,10.223052,5.662422,6.220405,7.198041,3.7975917
160_Ecuaciones_Diferenciales_Parciales.txt.txt,9.973687,6.4357867,5.508183,5.895924,3.420717
48_Principios_de_Administracion.txt.txt,9.828411,6.8133616,5.5901165,6.1639514,4.256821
90_Practica_3.txt.txt,9.868706,6.3667903,4.309055,6.9397073,3.8223631
52_Contabilidad_Empresarial.txt.txt,9.263842,6.0656037,5.814138,5.9329433,4.071126
121_Dibujo_para_Arte_y_Diseno.txt.txt,10.550508,6.2439046,4.7881155,7.0957203,4.048853
76_Estadistica_para_CCSS.txt.txt,9.144461,6.8880873,4.8147945,6.4923706,3.2516854
45_Proyecto_Integrador_CMP.txt.txt,9.227886,5.655692,4.8866706,6.4021206,4.1629577
131_Taller_de_Investigacion.txt.txt,9.77188,5.6967087,4.6112757,6.659303,3.5226047
84_Ensenanza_de_Ciencias_Sociales.txt.txt,9.010827,5.6565347,5.065413,7.097264,2.9635072
9_Calculo_Integral_+_Ej.txt.txt,9.523176,6.361782,5.2997828,5.8702383,3.1259573
23_Fisica_para_Ingenieria_2_+Lab_Ej.txt.txt,9.1742525,6.538516,6.0573454,6.1271343,3.456353
132_Enfasis_1.txt.txt,9.850073,7.0417514,4.847412,7.675048,4.004578
107_Operaciones_+Lab.txt.txt,10.163295,5.7524557,5.5925374,6.614408,4.4804254
145_Programacion_Para_Diseño_3.txt.txt,9.966414,6.1715503,5.2315063,6.379538,4.7133036
94_Zoologia_+Lab.txt.txt,9.2734995,6.0333166,5.5905967,5.66504,3.6368933
113_Negocios_Internacionales.txt.txt,9.231204,6.21313,6.078112,7.4283075,4.2878294
20_Ingles_Nivel_6.txt.txt,9.031335,5.6008506,4.5806417,7.2217593,3.600197
112_Gestion_del_Talento.txt.txt,9.159283,6.393517,5.5481067,7.0938797,4.6981916
77_Neurociencia_y_Educacion.txt.txt,8.665557,6.305605,5.526553,6.707974,3.1529994
166_Topologia_1.txt.txt,9.48034,6.8896556,6.264567,6.8593163,3.264948
95_Fisiologia_+Lab.txt.txt,9.20411,5.489586,5.9533534,6.684673,4.2535877
134_Enfasis_2.txt.txt,9.826715,7.0468144,4.8645706,7.6406918,3.9811392
148_Calculo_para_Ciencias_1.txt.txt,9.908855,6.643883,5.157412,5.675849,3.796855
31_Organizacion_de_Computadores.txt.txt,9.378936,6.848173,6.076227,6.7105465,4.0168395
46_Matematica_Empresarial_+Ej.txt.txt,9.184225,6.2381434,5.458208,6.0954947,4.2641616
147_Modelado_3D_1.txt.txt,9.55925,6.422122,5.34586,7.0171456,4.6900873
114_Innovacion_y_Sustentabilidad.txt.txt,8.99283,6.1117105,5.3345065,6.78657,4.465395
39_Proyectos__Gerencia_y_Analisis.txt.txt,8.992173,6.5406528,6.219202,7.1641235,3.8809433
27_Estructuras_de_Datos.txt.txt,9.666283,5.6537666,6.319794,6.697741,4.0127506
87_Practica_2.txt.txt,8.918546,5.9547844,6.169743,6.9483624,3.218563
174_Proyecto_final_en_Danza.txt.txt,9.725393,6.5973253,6.1337423,7.113604,4.2791533
173_Performance.txt.txt,8.618933,5.9161572,5.4224763,7.1445727,4.0385556
96_Evolucion.txt.txt,9.02076,6.4099455,5.200241,7.681088,4.1734047
41_Coloquios_ING.txt.txt,10.001516,6.5524845,5.6495614,7.027465,4.8634696
59_Introduccion_al_Marketing_HSP.txt.txt,9.111356,6.13271,6.41161,6.675445,3.624043
111_Proyectos_Empresariales.txt.txt,9.96095,5.686451,5.5436172,7.135131,4.4758224
157_Analisis_Numerico.txt.txt,9.528189,6.161126,6.0922155,5.9247174,3.2513416
88_Ensenanza_de_Ciencias.txt.txt,9.469293,6.452391,6.496343,6.83178,3.3793511
104_Finanzas_Corporativas.txt.txt,9.484662,5.6869926,5.9655113,7.3912015,4.2831345
156_Inferencia_Estadistica.txt.txt,9.728655,6.336467,5.895811,7.746,4.1303444
29_Teoria_de_la_Computacion.txt.txt,9.860738,6.2135253,5.8265815,7.289543,2.7909575
73_Teorias_del_Aprendizaje.txt.txt,9.134979,6.848667,5.685411,7.510499,3.2678673
168_Analisis_Real.txt.txt,9.247222,6.5861444,5.8762074,6.465551,2.801667
74_Desarrollo__Niño_y_Adolescente.txt.txt,10.262694,5.72518,4.506181,7.258286,3.768567
92_Proyecto_Integrador_EDU.txt.txt,9.655812,6.3583,6.4152937,7.2550087,3.6238625
38_Sistemas_Operativos.txt.txt,9.9084015,6.4541087,5.039009,6.327589,2.6602151
40_Practica_Pre-Profesional_PASEM.txt.txt,8.880691,5.9487834,5.3560095,7.669408,3.4683807
70_Gerencia_Financiera_HSP.txt.txt,8.8448925,6.395512,5.9921865,7.499047,3.5608296
172_Composicion.txt.txt,10.27832,6.412933,6.1515503,7.298662,3.1551406
136_Laboratorio_de_Creacion_3.txt.txt,9.782126,7.120866,5.810667,7.1255465,4.077302
5_Cosmos.txt.txt,9.519706,5.560601,5.9781156,7.052977,3.1578288
122_Fotografia_1.txt.txt,9.978596,6.3119082,4.655542,7.32749,4.5874066
128_Taller_de_Arte_1.txt.txt,10.790404,6.640376,5.5228295,6.964156,3.6775515
49_Panaderia.txt.txt,8.953465,6.3318987,5.4297323,7.1980524,2.8822355
144_Programacion_Para_Diseño_2.txt.txt,10.284373,6.1550465,4.7285132,6.8620534,4.428939
170_Danza_Moderna_2.txt.txt,10.205194,5.432837,5.833623,6.827131,3.4933069
159_Combinatoria_y_Grafos.txt.txt,10.036245,5.786424,5.544429,7.0393558,2.7938256
103_Coloquios_adm.txt.txt,9.34374,5.951596,6.1720233,6.513088,4.3433123
71_Identidad_Culinaria.txt.txt,9.158692,5.3015327,5.1640854,7.671224,3.5036972
120_Laboratorio_de_Creacion_1.txt.txt,10.329406,6.8978643,5.810431,6.728721,4.199988
51_Introduccion_a_la_Hospitalidad.txt.txt,9.354043,6.0758667,6.20475,7.2605343,2.870832
175_Lenguaje_del_Cine.txt.txt,9.468367,6.22943,4.851167,5.7078605,3.4196675
19_Ingles_Nivel_5.txt.txt,9.382711,6.273546,4.428051,7.4673142,3.5464547
177_Cinematografia.txt.txt,9.6639805,6.845917,5.2123117,7.2284684,2.8698025
133_Taller_de_Arte_2.txt.txt,10.216029,5.896302,4.5558567,7.0436206,3.1683273
6_Ingles_Nivel_1.txt.txt,9.981733,6.7100487,5.593516,7.8705964,3.605953
179_Storytelling.txt.txt,10.081424,6.0919647,5.7782254,7.8671036,3.7497864
37_Redes_+Lab.txt.txt,10.307927,6.8040667,5.894591,6.5403366,3.206382
146_Juegos_y_Narrativa.txt.txt,10.067214,7.251624,4.9784245,6.92114,3.5307558
167_Topologia_2.txt.txt,9.699276,6.180097,4.588151,6.0537457,3.089869
139_Taller_de_Arte_3.txt.txt,9.294045,5.703355,5.879452,6.6451216,2.7534535
33_Diseño_de_Sistemas.txt.txt,9.822692,7.401347,5.4769297,6.6242027,3.7124784
141_Temas_en_Comunicacion_y_Arte.txt.txt,9.4629965,5.398167,4.8423944,7.5273733,3.3058474
124_Teoria_Critica_1__Arte_&_Media.txt.txt,9.292508,5.6234074,4.6455646,7.638914,3.8011436
158_Teoria_de_Numeros.txt.txt,9.089394,5.8401723,5.578334,6.1878247,2.8095052
