original_column,0,1,2,3,4
184_Ergonomia.txt.txt,7.2855,5.358308,7.5868573,3.925381,8.953435
105_Marketing_Digital.txt.txt,6.8022027,5.578642,7.4484963,3.6499145,9.317251
32_Emprendimiento.txt.txt,6.862606,5.9072633,7.8671765,3.7773333,8.38436
185_Ingenieria_de_la_Calidad_+_Lab.txt.txt,6.5887322,4.2457104,8.052821,3.5714147,9.334132
24_Aprendizaje_y_Servicio_PASEC.txt.txt,6.7397685,5.6732473,7.8922434,4.587139,8.38298
34_Inteligencia_Artificial.txt.txt,6.651623,5.4424815,7.6630697,4.348857,9.26859
3_Calculo_Diferencial_+_Ej.txt.txt,7.1014004,4.840961,6.682174,4.406612,9.405486
11_Ser_y_Cosmos.txt.txt,6.9308705,5.727336,7.7959213,4.29003,8.826724
89_Ensenanza_Integrada_de_CITIAM.txt.txt,6.89328,5.2086763,8.119562,4.0481,8.197917
155_Logica_y_Teoria_de_Conjuntos.txt.txt,7.248861,5.0408955,8.027795,4.1967025,8.988031
26_Electronica_Basica_+Lab.txt.txt,7.2797685,5.214928,7.4384804,4.4841385,8.359409
7_Ingles_Nivel_2.txt.txt,6.4230537,5.660597,7.6297355,4.113859,8.501765
65_Alta_Cocina_Mundial.txt.txt,6.4792013,5.5979,7.010621,4.055996,8.555696
110_Creatividad_Empresarial.txt.txt,6.2561474,5.076808,7.192421,3.9369361,8.571744
101_Analisis_de_Datos.txt.txt,6.286402,5.692079,7.2495613,3.3390942,8.773908
63_Servicio_y_Protocolo.txt.txt,6.928327,5.617751,7.6580577,3.3871143,8.326652
161_Algebra_Lineal_2.txt.txt,7.176701,4.5456176,7.3766155,4.6016936,9.057401
171_Barra_para_danza_contemporanea.txt.txt,6.5436144,5.4499726,7.8803654,4.338468,8.254005
"183_Procesos,_Metodos_y_Estandares.txt.txt",6.665157,4.4876328,8.334695,3.600742,9.025986
129_Coloquios_ART.txt.txt,6.7735324,5.8715773,7.0859756,4.4853654,9.123867
67_Innovacion_Culinaria.txt.txt,6.4160776,4.644022,7.560874,4.062677,8.235332
116_Analisis_Estrategico_ADM.txt.txt,6.78845,5.065978,7.6751423,4.264325,8.846836
10_Autoconocimiento.txt.txt,6.2574224,4.9319396,7.8377037,4.1303487,7.9912524
47_Conceptos_y_Tecnicas_1.txt.txt,6.090042,5.143519,7.9255652,3.9102483,8.93191
35_Base_de_Datos.txt.txt,6.1885886,5.1520905,7.516385,3.802581,8.50684
119_Composicion_Visual_1.txt.txt,6.4486523,4.765799,8.31595,3.7572434,8.220306
79_Coloquios_EDU.txt.txt,6.15977,5.849054,7.5194154,4.7535763,8.98015
130_Arte_y_Contexto_Social.txt.txt,7.577444,5.4332857,7.343767,3.426296,8.764263
178_Sonido.txt.txt,6.431499,5.022276,7.9409184,3.3214862,8.229573
44_Aplicaciones_Distribuidas.txt.txt,6.7017646,5.307596,7.1677814,3.1257508,8.783825
62_Pasteleria.txt.txt,6.6704392,4.8215284,7.2701864,3.632257,8.531435
151_Ecuaciones_Diferenciales.txt.txt,6.5395927,5.0356774,6.9909754,4.461669,8.858447
18_Calculo_Vectorial.txt.txt,7.1275263,4.895503,6.584246,4.126089,8.777812
125_Nuevos_Medios.txt.txt,6.8293123,6.0395174,7.9019203,3.5841167,9.26284
100_Principios_de_Seguros.txt.txt,6.9397616,5.8761497,7.3385262,3.8217828,8.92066
36_Aprendizaje_Automatico.txt.txt,6.6021,5.1515026,7.457024,3.6488376,7.727882
72_Fundamentos_de_la_Educacion.txt.txt,7.2209,5.355382,7.602596,3.657306,8.221213
56_Carniceria.txt.txt,6.640647,5.478442,8.14882,3.3891375,8.258231
28_Probabilidad_y_Estadistica_+Ej.txt.txt,6.321132,5.4986234,6.6332326,3.5482805,9.029075
58_Introduccion_a_la_Biologia_+Ej.txt.txt,6.671321,5.1231685,6.952227,3.8868723,9.154121
102_Principios_de_Finanzas.txt.txt,6.0702367,5.9675307,7.3794723,4.1156683,8.474878
181_Inv._de_Operaciones_1_+Lab.txt.txt,7.279336,4.699392,7.7745423,4.3299623,8.537934
85_Arte_y_Educacion.txt.txt,6.675868,5.798193,8.002059,3.9229624,7.9996033
186_Sistemas_Lean.txt.txt,6.6218166,4.140791,7.345647,3.3938887,9.12265
25_Cultura_Gastronomica.txt.txt,6.9430475,5.1541295,7.5403438,3.1739256,8.0706215
4_Quimica_General_1_+Lab_Ej.txt.txt,6.065474,5.460704,7.6559534,3.5410907,8.296416
138_Enfasis_3.txt.txt,5.9620442,4.5453954,7.0367494,4.3097563,8.193424
55_Administracion_de_A_&_B.txt.txt,6.4201813,4.2155504,8.191902,3.4284189,9.299534
64_Practica_Culinaria_2.txt.txt,7.102295,4.6580024,7.54323,3.246874,8.197607
42_Seguridad_Informatica.txt.txt,6.7235,5.074344,8.114507,3.733248,8.981226
135_Gestion_y_Produccion_Cultural.txt.txt,7.701618,5.0434036,7.4562926,3.3208573,8.4339285
162_Algebra_Abstracta_1.txt.txt,7.180022,5.144313,7.8000774,3.0406926,8.770813
99_Gerencia_de_Costos.txt.txt,6.1981025,5.52699,7.9137077,3.4027128,9.26191
17_Fisica_para_Ingenieria_1_+Lab_Ej.txt.txt,7.0998034,4.9355927,6.895288,3.6942995,8.213312
127_Laboratorio_de_Creacion_2.txt.txt,6.984722,5.373007,7.393807,4.374188,7.889414
176_Lenguaje_Visual_y_Montaje.txt.txt,6.385382,5.550057,7.908452,2.8723073,8.401887
78_Planificacion_y_Evaluacion_2.txt.txt,6.3034883,5.7391715,6.9567294,3.918124,9.214508
80_Ensenanza_de_Lenguaje.txt.txt,5.7421465,5.0101995,7.9378486,3.720478,8.629287
66_Reposteria_y_Chocolateria.txt.txt,6.5159936,4.7822323,7.3668137,2.9871762,9.032063
30_Programacion_Avanzada_de_Apps.txt.txt,5.940603,4.68993,8.090197,4.670986,8.349735
53_Conceptos_y_Tecnicas_2_+PRA.txt.txt,6.899137,4.2890315,7.6080294,3.168461,8.392131
54_Practica_Culinaria_1.txt.txt,6.8006687,4.6603117,8.12896,3.1243231,8.746344
50_Nutricion_Humana_+Lab.txt.txt,6.9173236,5.041023,7.649077,3.253949,9.221669
182_Control_de_Produccion.txt.txt,6.8234506,4.1555552,8.164924,3.1579971,9.054689
60_Coloquios_Gastr.txt.txt,5.4528513,5.0310707,7.3673286,4.4213552,8.946903
118_Fundamentos_de_las_Artes.txt.txt,6.4229927,5.3448434,7.4987187,2.83297,8.706043
106_Negociacion.txt.txt,6.753011,5.5411577,7.627083,2.7048943,9.399837
164_Analisis_Funcional.txt.txt,6.099628,4.849319,6.753364,3.1112764,8.792047
153_Introduccion_a_Probabilidades.txt.txt,6.2771974,4.05837,7.381542,3.9975908,8.783941
91_Inclusion_y_Diversidad.txt.txt,6.2591696,4.1657457,7.9133506,3.3714125,8.087445
117_Herramientas_Digitales_1.txt.txt,5.6544156,5.3215156,7.5397797,3.7588701,9.51433
150_Variable_Compleja.txt.txt,6.9255934,5.133497,6.9197283,2.9421651,7.9287605
83_Ensenanza_de_Matematicas.txt.txt,6.8080406,5.2819023,8.654851,4.4025764,9.1499195
165_Algebra_Abstracta_2.txt.txt,6.973831,5.4945517,7.5855923,2.5002608,8.554481
140_Arte_y_Educacion___Curaduria.txt.txt,5.9192905,4.4811325,8.130455,3.4483123,8.719937
1_Escritura_Academica.txt.txt,7.1582775,4.460198,8.102302,4.495765,9.252187
15_Matematicas_Discretas.txt.txt,6.4249654,5.040222,7.60363,4.774209,9.3983
115_Tributacion_y_Entorno_Legal.txt.txt,6.7848897,4.882965,8.70593,3.4953463,8.1368
2_Taller_de_Ing._Cs._Computacion.txt.txt,6.6090593,4.1943793,6.996847,3.463633,8.5497055
93_Practica_4.txt.txt,5.972126,4.529931,7.0817122,3.6247697,9.200355
12_Ingles_Nivel_3.txt.txt,6.459739,5.073389,8.353181,3.1448152,9.528488
163_Geometria_Diferencial.txt.txt,7.079396,4.647434,6.412357,4.499923,8.904526
22_Algebra_Lineal_1_+Ej.txt.txt,7.203014,4.2034383,7.07195,4.4009504,9.051351
69_Administracion_de_Eventos.txt.txt,7.68222,4.372996,8.070647,3.682593,8.802171
61_Alta_Cocina_Francesa.txt.txt,6.279102,5.166443,8.846571,3.407533,8.752376
123_Fundamentos_de_Escultura.txt.txt,5.8062654,5.0718884,7.7370114,3.027661,9.129745
126_Arte_Contemporaneo.txt.txt,6.923237,5.816522,8.1932535,3.1417828,9.053057
86_Bilingualism.txt.txt,7.715785,5.496278,7.846241,3.0542881,8.505285
180_Diseño_de_Produccion.txt.txt,7.4201427,4.504788,7.831053,3.5201688,9.563621
97_Principios_de_Marketing.txt.txt,7.217316,4.67326,8.618408,4.0694437,8.800679
109_Investigacion_de_Mercados.txt.txt,5.9009786,4.6872354,8.036548,3.3432126,9.354873
21_Programacion_de_Apps.txt.txt,5.9006567,4.574811,8.011427,4.783857,8.7821245
137_Matematicas_Cotidianas.txt.txt,6.8266377,4.487492,7.9846115,4.7270083,8.76634
169_Improvisacion.txt.txt,7.6353445,5.709268,7.7903323,3.1991036,9.239837
14_Programacion_Avanzada_en_C++.txt.txt,6.0584564,5.8224025,8.43543,3.9479232,8.802199
154_Fundamentos_de_Geometria.txt.txt,6.602691,4.5206304,6.8688827,3.6179216,9.55029
13_Ingles_Nivel_4.txt.txt,6.1326756,5.957526,7.506715,3.2954004,9.478738
43_Mineria_de_Datos.txt.txt,6.098819,5.2389274,6.8533993,2.9476526,8.3463955
149_Teoria_de_Grupos.txt.txt,6.3031173,4.320595,7.1808844,4.3409247,9.321478
142_Produccion_&_Exhibicion.txt.txt,6.649703,4.708666,7.50337,3.6300519,9.798261
152_Calculo_para_Ciencias_2.txt.txt,7.007547,4.6026855,6.7858863,4.0845404,9.341052
81_Practica_1.txt.txt,7.625062,4.751994,7.881733,3.1770954,8.3491535
57_Alta_Cocina_Ecuatoriana.txt.txt,7.332188,5.188584,6.7003174,3.5773077,9.053678
16_Introduccion_a_la_Economia.txt.txt,6.9203105,5.090061,6.9086213,2.9679048,9.315726
75_Planificacion_y_Evaluacion_1.txt.txt,6.5228167,5.463928,7.029595,3.0720592,9.607392
8_Programacion_en_C++_+Ej.txt.txt,7.1213765,5.634006,7.0722504,3.8914285,9.698009
68_Enologia_y_Cocteleria.txt.txt,7.557941,4.6975026,7.458931,3.292281,9.320114
143_Programacion_Para_Diseño_1.txt.txt,5.8452992,5.3145227,8.0230665,3.914534,9.533245
108_Economia_y_Negocios.txt.txt,7.454315,5.8953366,8.069714,4.3288736,8.807619
98_Estadistica_Empresarial_+Lab.txt.txt,6.068543,5.5267034,6.8426213,2.988834,9.004159
82_Metodologias_de_Ensenanza.txt.txt,7.303057,5.154555,8.172553,4.0262356,9.803652
160_Ecuaciones_Diferenciales_Parciales.txt.txt,6.9767456,4.268327,7.4138193,4.285634,8.139041
48_Principios_de_Administracion.txt.txt,6.2325935,4.8408895,7.119451,4.4277782,9.650042
90_Practica_3.txt.txt,6.568571,5.531438,7.127177,4.3234534,7.5874977
52_Contabilidad_Empresarial.txt.txt,6.709597,5.3793397,6.3683805,4.27922,9.033066
121_Dibujo_para_Arte_y_Diseno.txt.txt,6.369011,5.0520487,7.890137,4.123042,9.884256
76_Estadistica_para_CCSS.txt.txt,5.9772563,5.53157,6.5078044,3.034344,8.871772
45_Proyecto_Integrador_CMP.txt.txt,7.1367583,5.419394,7.2101173,4.401659,9.650131
131_Taller_de_Investigacion.txt.txt,6.7216935,4.5483713,8.12228,4.3981357,9.392159
84_Ensenanza_de_Ciencias_Sociales.txt.txt,8.0342245,5.3187985,7.8154836,3.9948134,8.80439
9_Calculo_Integral_+_Ej.txt.txt,6.893484,4.4630876,6.5677924,3.4553893,8.871794
23_Fisica_para_Ingenieria_2_+Lab_Ej.txt.txt,7.012985,5.2262087,8.0192585,4.960913,8.300366
132_Enfasis_1.txt.txt,5.9119034,4.2447214,6.9981384,4.4678087,8.214145
107_Operaciones_+Lab.txt.txt,7.1091175,4.028844,7.851241,3.9744644,9.025537
145_Programacion_Para_Diseño_3.txt.txt,6.0793233,5.411596,7.4921193,4.3437896,9.83266
94_Zoologia_+Lab.txt.txt,7.423917,5.0560083,7.234478,4.8155613,8.477413
113_Negocios_Internacionales.txt.txt,6.308784,6.354721,7.3407984,4.171514,8.728515
20_Ingles_Nivel_6.txt.txt,7.561778,5.7538915,7.620695,3.9824479,9.639287
112_Gestion_del_Talento.txt.txt,6.952089,5.390825,8.429306,3.7061646,9.539523
77_Neurociencia_y_Educacion.txt.txt,6.452536,5.487154,8.7779045,3.8027594,8.370024
166_Topologia_1.txt.txt,6.6007996,4.7858872,6.262231,3.985464,9.182691
95_Fisiologia_+Lab.txt.txt,7.1470013,5.6741858,6.8625097,3.1714187,9.299632
134_Enfasis_2.txt.txt,5.829508,4.367222,7.061531,4.328602,8.240879
148_Calculo_para_Ciencias_1.txt.txt,6.938478,4.652204,6.4434466,4.4777164,9.18262
31_Organizacion_de_Computadores.txt.txt,6.586892,6.322982,8.227201,3.9041953,9.164188
46_Matematica_Empresarial_+Ej.txt.txt,6.461095,5.2454386,6.6922636,4.5698237,9.3286705
147_Modelado_3D_1.txt.txt,6.3399515,6.244626,7.68686,4.1672106,9.282262
114_Innovacion_y_Sustentabilidad.txt.txt,6.020946,5.497948,7.817122,4.8729844,8.626618
39_Proyectos__Gerencia_y_Analisis.txt.txt,7.6133723,5.602929,7.007458,4.274263,8.584172
27_Estructuras_de_Datos.txt.txt,7.335627,6.1320252,7.2468405,4.216028,8.517772
87_Practica_2.txt.txt,7.464215,5.8746524,7.2753916,3.5688226,7.9208922
174_Proyecto_final_en_Danza.txt.txt,6.1600556,5.4545507,7.343468,4.5380187,7.9507275
173_Performance.txt.txt,6.699443,5.8362846,6.6886153,3.5923774,8.21476
96_Evolucion.txt.txt,6.712068,4.665552,8.224058,4.736049,8.244732
41_Coloquios_ING.txt.txt,5.5653024,4.9709435,7.0689826,4.5427265,8.9658785
59_Introduccion_al_Marketing_HSP.txt.txt,7.803053,4.904081,8.158053,3.9903257,8.204965
111_Proyectos_Empresariales.txt.txt,7.213186,5.0187383,8.188877,3.4737983,9.536552
157_Analisis_Numerico.txt.txt,6.6944537,4.77841,6.730782,4.16723,7.8029556
88_Ensenanza_de_Ciencias.txt.txt,7.458687,5.380867,8.375394,4.2688913,7.9964476
104_Finanzas_Corporativas.txt.txt,7.203136,6.276804,8.011396,4.0738344,8.448497
156_Inferencia_Estadistica.txt.txt,6.57968,6.051542,6.6374426,3.937963,8.999193
29_Teoria_de_la_Computacion.txt.txt,6.722107,6.1022663,7.6709194,4.2259083,7.803835
73_Teorias_del_Aprendizaje.txt.txt,6.079888,5.649218,8.25514,3.7384,7.809753
168_Analisis_Real.txt.txt,7.5434265,4.4075065,6.949447,3.724672,8.661009
74_Desarrollo__Niño_y_Adolescente.txt.txt,7.5954432,5.0547457,7.0323954,3.9928188,8.052505
92_Proyecto_Integrador_EDU.txt.txt,6.6404595,4.824827,6.4970737,3.8124604,8.3271055
38_Sistemas_Operativos.txt.txt,6.5120063,5.887923,7.8835626,2.7851546,9.000115
40_Practica_Pre-Profesional_PASEM.txt.txt,7.205757,5.473027,7.449842,4.0734305,7.599662
70_Gerencia_Financiera_HSP.txt.txt,7.21638,5.608318,8.001197,2.90654,7.983001
172_Composicion.txt.txt,6.6996098,5.2961197,7.936265,3.8472757,7.3908257
136_Laboratorio_de_Creacion_3.txt.txt,5.995585,5.21602,8.417997,4.490295,8.590493
5_Cosmos.txt.txt,6.9920373,4.436737,8.3516445,3.3323221,8.195094
122_Fotografia_1.txt.txt,5.7090163,5.5303893,7.228285,3.680241,9.718126
128_Taller_de_Arte_1.txt.txt,6.281272,4.247299,8.261597,4.373663,8.542831
49_Panaderia.txt.txt,7.2942624,4.5415645,7.869592,3.651853,7.79047
144_Programacion_Para_Diseño_2.txt.txt,6.014133,5.759217,8.577423,4.0704103,9.276432
170_Danza_Moderna_2.txt.txt,7.1970825,5.2329645,8.157853,3.8752697,7.5764575
159_Combinatoria_y_Grafos.txt.txt,7.35697,5.5227537,8.515854,3.4387863,8.875224
103_Coloquios_adm.txt.txt,6.1724954,5.476744,6.884762,3.9247797,9.776435
71_Identidad_Culinaria.txt.txt,7.8460693,5.992815,7.558951,3.2979841,8.656082
120_Laboratorio_de_Creacion_1.txt.txt,6.14537,4.9077134,8.266543,4.5958323,9.235983
51_Introduccion_a_la_Hospitalidad.txt.txt,5.455574,5.5746245,7.4041224,3.4403067,9.202438
175_Lenguaje_del_Cine.txt.txt,6.995041,5.301127,6.862363,2.9270997,8.146596
19_Ingles_Nivel_5.txt.txt,6.703178,6.4466443,7.323748,3.6134465,9.058737
177_Cinematografia.txt.txt,6.7989006,4.0112815,7.126409,3.686482,9.010276
133_Taller_de_Arte_2.txt.txt,6.2266583,4.141779,7.9905457,3.9421499,8.086299
6_Ingles_Nivel_1.txt.txt,5.5159726,4.8851175,7.030738,3.580627,8.735504
179_Storytelling.txt.txt,6.0238695,6.100227,7.6001496,3.2635872,8.157031
37_Redes_+Lab.txt.txt,6.814303,4.0124397,7.1693616,3.4288516,8.121693
146_Juegos_y_Narrativa.txt.txt,5.6415286,5.961914,7.4927516,3.9702866,8.990123
167_Topologia_2.txt.txt,6.715578,5.288575,8.582719,2.929077,8.924182
139_Taller_de_Arte_3.txt.txt,6.954926,5.349829,8.7966385,4.31289,8.4780035
33_Diseño_de_Sistemas.txt.txt,5.5520463,4.738401,8.165204,3.253825,8.562537
141_Temas_en_Comunicacion_y_Arte.txt.txt,7.3896956,6.155735,7.529507,3.1703496,9.070116
124_Teoria_Critica_1__Arte_&_Media.txt.txt,7.6056137,5.9539027,7.7216654,3.7401917,9.398073
158_Teoria_de_Numeros.txt.txt,7.6442027,4.621792,6.726555,3.3270142,8.891345
