original_column,0,1
184_Ergonomia.txt.txt,6.3111935,9.880945
105_Marketing_Digital.txt.txt,6.4963093,10.627565
32_Emprendimiento.txt.txt,6.4056854,9.652216
185_Ingenieria_de_la_Calidad_+_Lab.txt.txt,4.718117,10.006496
24_Aprendizaje_y_Servicio_PASEC.txt.txt,5.929639,9.595894
34_Inteligencia_Artificial.txt.txt,5.8113956,10.1149845
3_Calculo_Diferencial_+_Ej.txt.txt,5.82863,10.657149
11_Ser_y_Cosmos.txt.txt,5.832574,10.577525
89_Ensenanza_Integrada_de_CITIAM.txt.txt,5.2236476,9.434382
155_Logica_y_Teoria_de_Conjuntos.txt.txt,5.6361957,9.5578785
26_Electronica_Basica_+Lab.txt.txt,5.353915,10.152198
7_Ingles_Nivel_2.txt.txt,5.3617563,10.210359
65_Alta_Cocina_Mundial.txt.txt,5.0199323,9.750607
110_Creatividad_Empresarial.txt.txt,6.0871415,10.253238
101_Analisis_de_Datos.txt.txt,5.1252623,10.040787
63_Servicio_y_Protocolo.txt.txt,5.821335,9.510806
161_Algebra_Lineal_2.txt.txt,6.685405,10.095261
171_Barra_para_danza_contemporanea.txt.txt,6.0320325,10.312962
"183_Procesos,_Metodos_y_Estandares.txt.txt",6.113325,9.458558
129_Coloquios_ART.txt.txt,6.3099504,11.068786
67_Innovacion_Culinaria.txt.txt,5.1105947,9.862956
116_Analisis_Estrategico_ADM.txt.txt,5.9335346,9.827986
10_Autoconocimiento.txt.txt,5.8373623,10.337557
47_Conceptos_y_Tecnicas_1.txt.txt,6.282641,9.995951
35_Base_de_Datos.txt.txt,5.277744,10.386688
119_Composicion_Visual_1.txt.txt,5.2314706,9.37453
79_Coloquios_EDU.txt.txt,5.7373805,10.917014
130_Arte_y_Contexto_Social.txt.txt,6.628159,10.519819
178_Sonido.txt.txt,6.1264052,9.172258
44_Aplicaciones_Distribuidas.txt.txt,5.670828,9.266162
62_Pasteleria.txt.txt,4.9136105,9.472656
151_Ecuaciones_Diferenciales.txt.txt,5.385215,10.653405
18_Calculo_Vectorial.txt.txt,6.5120263,9.039892
125_Nuevos_Medios.txt.txt,5.806989,11.4232235
100_Principios_de_Seguros.txt.txt,5.4291058,9.346986
36_Aprendizaje_Automatico.txt.txt,5.4779835,9.8145275
72_Fundamentos_de_la_Educacion.txt.txt,6.441179,10.318079
56_Carniceria.txt.txt,4.9736886,10.438194
28_Probabilidad_y_Estadistica_+Ej.txt.txt,5.2671084,10.258158
58_Introduccion_a_la_Biologia_+Ej.txt.txt,5.3661423,9.639991
102_Principios_de_Finanzas.txt.txt,4.9278975,9.610895
181_Inv._de_Operaciones_1_+Lab.txt.txt,5.336121,10.061
85_Arte_y_Educacion.txt.txt,5.5412674,10.359729
186_Sistemas_Lean.txt.txt,5.638408,9.552832
25_Cultura_Gastronomica.txt.txt,6.1668496,9.850117
4_Quimica_General_1_+Lab_Ej.txt.txt,6.2361073,9.831887
138_Enfasis_3.txt.txt,4.4897404,8.68477
55_Administracion_de_A_&_B.txt.txt,5.7400928,9.028986
64_Practica_Culinaria_2.txt.txt,5.559297,9.920232
42_Seguridad_Informatica.txt.txt,5.9201417,10.207349
135_Gestion_y_Produccion_Cultural.txt.txt,5.761441,9.217872
162_Algebra_Abstracta_1.txt.txt,5.3775973,9.94662
99_Gerencia_de_Costos.txt.txt,6.1187735,8.757416
17_Fisica_para_Ingenieria_1_+Lab_Ej.txt.txt,4.8462605,10.052741
127_Laboratorio_de_Creacion_2.txt.txt,5.475341,10.920757
176_Lenguaje_Visual_y_Montaje.txt.txt,5.053989,10.343603
78_Planificacion_y_Evaluacion_2.txt.txt,5.861618,9.514295
80_Ensenanza_de_Lenguaje.txt.txt,6.0800724,9.363104
66_Reposteria_y_Chocolateria.txt.txt,5.4319487,10.46258
30_Programacion_Avanzada_de_Apps.txt.txt,5.157496,9.633461
53_Conceptos_y_Tecnicas_2_+PRA.txt.txt,5.556628,10.019215
54_Practica_Culinaria_1.txt.txt,4.812726,10.610833
50_Nutricion_Humana_+Lab.txt.txt,5.064145,8.677157
182_Control_de_Produccion.txt.txt,5.562432,9.007288
60_Coloquios_Gastr.txt.txt,6.975451,11.078135
118_Fundamentos_de_las_Artes.txt.txt,5.8699355,8.739093
106_Negociacion.txt.txt,4.0169845,10.758084
164_Analisis_Funcional.txt.txt,6.3519793,8.419022
153_Introduccion_a_Probabilidades.txt.txt,6.867046,9.381505
91_Inclusion_y_Diversidad.txt.txt,4.408108,8.357047
117_Herramientas_Digitales_1.txt.txt,4.7211914,10.895442
150_Variable_Compleja.txt.txt,6.3957214,8.956948
83_Ensenanza_de_Matematicas.txt.txt,7.22589,8.897927
165_Algebra_Abstracta_2.txt.txt,6.093693,8.570714
140_Arte_y_Educacion___Curaduria.txt.txt,6.167553,11.238812
1_Escritura_Academica.txt.txt,7.02773,10.643459
15_Matematicas_Discretas.txt.txt,4.4657836,9.795103
115_Tributacion_y_Entorno_Legal.txt.txt,5.2795877,10.910174
2_Taller_de_Ing._Cs._Computacion.txt.txt,6.9636884,9.057823
93_Practica_4.txt.txt,3.893981,9.90237
12_Ingles_Nivel_3.txt.txt,4.7235208,8.153887
163_Geometria_Diferencial.txt.txt,5.6758747,8.3584385
22_Algebra_Lineal_1_+Ej.txt.txt,6.5984135,10.033519
69_Administracion_de_Eventos.txt.txt,5.639702,8.673063
61_Alta_Cocina_Francesa.txt.txt,4.423625,9.851699
123_Fundamentos_de_Escultura.txt.txt,4.417532,9.422216
126_Arte_Contemporaneo.txt.txt,4.5018606,10.499923
86_Bilingualism.txt.txt,6.710059,8.743644
180_Diseño_de_Produccion.txt.txt,4.0840235,9.302789
97_Principios_de_Marketing.txt.txt,6.4849844,10.733811
109_Investigacion_de_Mercados.txt.txt,6.18488,8.894129
21_Programacion_de_Apps.txt.txt,4.819625,9.616826
137_Matematicas_Cotidianas.txt.txt,6.1609097,8.972907
169_Improvisacion.txt.txt,5.9569845,10.810398
14_Programacion_Avanzada_en_C++.txt.txt,4.5934553,10.464096
154_Fundamentos_de_Geometria.txt.txt,4.636588,8.990806
13_Ingles_Nivel_4.txt.txt,4.3197765,10.132757
43_Mineria_de_Datos.txt.txt,4.2406745,9.586802
149_Teoria_de_Grupos.txt.txt,6.4473314,9.363593
142_Produccion_&_Exhibicion.txt.txt,5.386557,8.41312
152_Calculo_para_Ciencias_2.txt.txt,5.5025125,8.232491
81_Practica_1.txt.txt,5.311103,8.728733
57_Alta_Cocina_Ecuatoriana.txt.txt,4.8064613,9.145984
16_Introduccion_a_la_Economia.txt.txt,5.013273,11.547826
75_Planificacion_y_Evaluacion_1.txt.txt,6.4434137,8.507463
8_Programacion_en_C++_+Ej.txt.txt,4.3907537,10.159619
68_Enologia_y_Cocteleria.txt.txt,4.9457355,10.696437
143_Programacion_Para_Diseño_1.txt.txt,6.796896,9.928352
108_Economia_y_Negocios.txt.txt,5.1851654,8.858896
98_Estadistica_Empresarial_+Lab.txt.txt,4.0381184,9.457118
82_Metodologias_de_Ensenanza.txt.txt,5.130034,7.9471917
160_Ecuaciones_Diferenciales_Parciales.txt.txt,6.882518,10.297978
48_Principios_de_Administracion.txt.txt,5.7303796,9.155947
90_Practica_3.txt.txt,4.976598,8.197818
52_Contabilidad_Empresarial.txt.txt,5.8811555,10.774207
121_Dibujo_para_Arte_y_Diseno.txt.txt,6.4016666,9.389184
76_Estadistica_para_CCSS.txt.txt,5.653983,11.360687
45_Proyecto_Integrador_CMP.txt.txt,5.9446034,8.169076
131_Taller_de_Investigacion.txt.txt,7.3045697,9.627815
84_Ensenanza_de_Ciencias_Sociales.txt.txt,4.948771,11.070907
9_Calculo_Integral_+_Ej.txt.txt,4.545988,9.738025
23_Fisica_para_Ingenieria_2_+Lab_Ej.txt.txt,6.4540014,10.525926
132_Enfasis_1.txt.txt,3.9965262,8.580987
107_Operaciones_+Lab.txt.txt,5.006434,10.903301
145_Programacion_Para_Diseño_3.txt.txt,6.9770837,9.810767
94_Zoologia_+Lab.txt.txt,4.481797,9.342257
113_Negocios_Internacionales.txt.txt,4.4302926,9.125409
20_Ingles_Nivel_6.txt.txt,6.0505295,11.082739
112_Gestion_del_Talento.txt.txt,6.362114,11.534052
77_Neurociencia_y_Educacion.txt.txt,5.856328,8.807907
166_Topologia_1.txt.txt,4.259551,10.780141
95_Fisiologia_+Lab.txt.txt,4.490974,8.812019
134_Enfasis_2.txt.txt,4.077316,8.664434
148_Calculo_para_Ciencias_1.txt.txt,5.529398,8.252524
31_Organizacion_de_Computadores.txt.txt,6.105972,10.474916
46_Matematica_Empresarial_+Ej.txt.txt,5.5399117,9.079827
147_Modelado_3D_1.txt.txt,4.01459,10.041606
114_Innovacion_y_Sustentabilidad.txt.txt,6.6079717,9.702672
39_Proyectos__Gerencia_y_Analisis.txt.txt,4.7526555,8.930969
27_Estructuras_de_Datos.txt.txt,7.4680023,9.793556
87_Practica_2.txt.txt,4.8359795,10.057869
174_Proyecto_final_en_Danza.txt.txt,5.220283,7.924707
173_Performance.txt.txt,4.544661,10.688454
96_Evolucion.txt.txt,5.093452,9.013613
41_Coloquios_ING.txt.txt,6.975124,11.016927
59_Introduccion_al_Marketing_HSP.txt.txt,5.4911504,11.0506735
111_Proyectos_Empresariales.txt.txt,5.978688,8.430022
157_Analisis_Numerico.txt.txt,4.567147,11.357169
88_Ensenanza_de_Ciencias.txt.txt,6.747525,8.226232
104_Finanzas_Corporativas.txt.txt,4.9732175,8.964899
156_Inferencia_Estadistica.txt.txt,5.2064695,8.756115
29_Teoria_de_la_Computacion.txt.txt,3.7018833,9.342495
73_Teorias_del_Aprendizaje.txt.txt,6.607014,11.180716
168_Analisis_Real.txt.txt,3.5995421,9.874879
74_Desarrollo__Niño_y_Adolescente.txt.txt,4.999616,11.4456415
92_Proyecto_Integrador_EDU.txt.txt,5.8757095,8.032298
38_Sistemas_Operativos.txt.txt,4.302758,11.010332
40_Practica_Pre-Profesional_PASEM.txt.txt,7.3291435,10.278474
70_Gerencia_Financiera_HSP.txt.txt,6.3230906,7.997691
172_Composicion.txt.txt,4.6182117,10.316863
136_Laboratorio_de_Creacion_3.txt.txt,7.305361,10.066776
5_Cosmos.txt.txt,5.4117346,11.113082
122_Fotografia_1.txt.txt,7.099845,8.661669
128_Taller_de_Arte_1.txt.txt,6.446388,9.336755
49_Panaderia.txt.txt,6.978134,9.2665
144_Programacion_Para_Diseño_2.txt.txt,6.6918597,9.316918
170_Danza_Moderna_2.txt.txt,6.4468913,10.020605
159_Combinatoria_y_Grafos.txt.txt,4.051491,10.544378
103_Coloquios_adm.txt.txt,4.976115,9.258038
71_Identidad_Culinaria.txt.txt,7.2948856,10.533859
120_Laboratorio_de_Creacion_1.txt.txt,4.782589,10.851938
51_Introduccion_a_la_Hospitalidad.txt.txt,4.9946947,11.221832
175_Lenguaje_del_Cine.txt.txt,6.8827143,8.798734
19_Ingles_Nivel_5.txt.txt,6.62563,11.126871
177_Cinematografia.txt.txt,3.773786,10.187585
133_Taller_de_Arte_2.txt.txt,3.9939966,9.845208
6_Ingles_Nivel_1.txt.txt,3.8141127,10.598009
179_Storytelling.txt.txt,5.4293995,11.725564
37_Redes_+Lab.txt.txt,3.9875746,9.117963
146_Juegos_y_Narrativa.txt.txt,6.1592336,11.027036
167_Topologia_2.txt.txt,7.0550146,9.865252
139_Taller_de_Arte_3.txt.txt,7.263191,9.404537
33_Diseño_de_Sistemas.txt.txt,4.281846,8.353047
141_Temas_en_Comunicacion_y_Arte.txt.txt,6.8580623,10.599867
124_Teoria_Critica_1__Arte_&_Media.txt.txt,6.0238953,11.619851
158_Teoria_de_Numeros.txt.txt,5.5113444,7.842774
