original_column,0,1,2,3,4
184_Ergonomia.txt.txt,11.257451,8.94041,7.736476,7.425644,7.19705
105_Marketing_Digital.txt.txt,10.377752,9.132607,7.598404,6.996696,6.6434526
32_Emprendimiento.txt.txt,10.614466,9.720856,8.433004,7.801865,6.7658105
185_Ingenieria_de_la_Calidad_+_Lab.txt.txt,10.620659,8.166062,7.8861938,7.3001795,6.8364005
24_Aprendizaje_y_Servicio_PASEC.txt.txt,10.471091,9.846787,7.891798,7.4119062,6.0212073
34_Inteligencia_Artificial.txt.txt,9.965487,9.221913,8.021338,7.391185,6.744808
3_Calculo_Diferencial_+_Ej.txt.txt,10.040788,8.836058,7.278233,7.8608384,7.497096
11_Ser_y_Cosmos.txt.txt,10.522069,9.039356,7.8558607,7.0116487,6.0277762
89_Ensenanza_Integrada_de_CITIAM.txt.txt,10.457231,9.499595,8.061365,7.3862324,7.063187
155_Logica_y_Teoria_de_Conjuntos.txt.txt,10.541152,9.050725,7.6113267,7.3479843,7.1418176
26_Electronica_Basica_+Lab.txt.txt,11.138757,9.6522045,8.285676,7.64792,5.96763
7_Ingles_Nivel_2.txt.txt,10.847453,9.450504,7.7901597,7.4645786,6.279222
65_Alta_Cocina_Mundial.txt.txt,10.472865,9.555499,8.272518,7.0936317,6.3299117
110_Creatividad_Empresarial.txt.txt,11.167186,9.07022,8.32817,7.147502,6.371117
101_Analisis_de_Datos.txt.txt,10.429652,9.881233,7.3720856,7.2171745,6.615877
63_Servicio_y_Protocolo.txt.txt,11.123126,9.573003,8.540335,7.5411687,6.6174254
161_Algebra_Lineal_2.txt.txt,10.008672,8.936552,7.12825,8.609919,7.1030536
171_Barra_para_danza_contemporanea.txt.txt,10.732147,9.525639,7.540707,8.246736,6.4805245
"183_Procesos,_Metodos_y_Estandares.txt.txt",11.0764885,8.077877,7.555705,7.360067,6.612178
129_Coloquios_ART.txt.txt,10.407128,9.276594,7.216488,6.687433,6.929515
67_Innovacion_Culinaria.txt.txt,10.502481,8.941513,8.341821,7.512094,6.3106737
116_Analisis_Estrategico_ADM.txt.txt,10.578745,9.863667,7.730105,7.5291543,6.645986
10_Autoconocimiento.txt.txt,10.796555,9.077018,8.028518,7.986141,6.966398
47_Conceptos_y_Tecnicas_1.txt.txt,10.681368,8.828719,8.284462,7.35934,7.031098
35_Base_de_Datos.txt.txt,11.069619,9.139417,8.049683,8.099693,6.496157
119_Composicion_Visual_1.txt.txt,10.72667,8.938886,8.172336,7.205168,6.1992784
79_Coloquios_EDU.txt.txt,10.237061,9.583393,7.1177626,6.773715,7.2413387
130_Arte_y_Contexto_Social.txt.txt,10.901798,9.51806,7.19408,6.555792,6.037489
178_Sonido.txt.txt,11.025543,9.004338,8.299203,7.5697885,7.04179
44_Aplicaciones_Distribuidas.txt.txt,11.358461,9.158433,7.882355,7.29719,6.0090804
62_Pasteleria.txt.txt,10.790697,9.38138,8.144062,7.921124,6.019695
151_Ecuaciones_Diferenciales.txt.txt,10.057396,9.130674,7.923654,7.7961783,6.9979677
18_Calculo_Vectorial.txt.txt,10.270751,8.903319,7.2362165,8.213061,7.5210166
125_Nuevos_Medios.txt.txt,10.929172,9.116951,7.0692635,6.7399187,6.4924116
100_Principios_de_Seguros.txt.txt,11.345753,9.52645,7.3044434,7.360083,6.8001995
36_Aprendizaje_Automatico.txt.txt,11.340425,9.473061,8.169271,8.031082,6.4996066
72_Fundamentos_de_la_Educacion.txt.txt,11.147174,9.69132,8.079811,7.3659296,6.5513096
56_Carniceria.txt.txt,11.167084,9.392179,7.831206,7.578421,7.120099
28_Probabilidad_y_Estadistica_+Ej.txt.txt,10.352757,9.69436,7.0982556,7.4951406,7.1290317
58_Introduccion_a_la_Biologia_+Ej.txt.txt,11.018085,9.201475,7.149299,7.5414066,6.8047385
102_Principios_de_Finanzas.txt.txt,10.893899,10.014729,7.5110908,8.060778,6.988605
181_Inv._de_Operaciones_1_+Lab.txt.txt,10.914661,8.453338,8.168008,7.568887,6.164776
85_Arte_y_Educacion.txt.txt,11.224312,9.636461,7.394087,7.1125035,6.338844
186_Sistemas_Lean.txt.txt,10.666687,8.222746,7.272148,7.829577,7.1053753
25_Cultura_Gastronomica.txt.txt,11.367882,9.231775,7.759144,6.9029098,6.575101
4_Quimica_General_1_+Lab_Ej.txt.txt,11.298065,9.508129,7.6413617,7.958383,6.8543663
138_Enfasis_3.txt.txt,10.017917,9.072127,8.598985,7.870089,7.6469154
55_Administracion_de_A_&_B.txt.txt,11.114314,8.392522,7.6168075,7.139888,6.676566
64_Practica_Culinaria_2.txt.txt,11.554536,9.166604,7.6559443,7.968665,6.2713623
42_Seguridad_Informatica.txt.txt,11.400737,8.726877,8.092605,7.68218,6.5448437
135_Gestion_y_Produccion_Cultural.txt.txt,10.976885,8.836722,8.032303,6.64896,6.8485703
162_Algebra_Abstracta_1.txt.txt,11.075042,9.096181,7.0179014,8.064684,6.867426
99_Gerencia_de_Costos.txt.txt,10.609126,9.225346,7.372743,7.686972,5.9279447
17_Fisica_para_Ingenieria_1_+Lab_Ej.txt.txt,10.938575,9.099712,7.3472424,8.201508,6.9410543
127_Laboratorio_de_Creacion_2.txt.txt,11.460949,9.906832,7.61996,7.9420586,6.400452
176_Lenguaje_Visual_y_Montaje.txt.txt,11.455334,8.800766,7.1608534,7.367889,6.6875076
78_Planificacion_y_Evaluacion_2.txt.txt,11.662106,9.037277,7.623422,8.211058,6.8438487
80_Ensenanza_de_Lenguaje.txt.txt,10.976038,9.28483,6.8552814,7.3111105,5.8347363
66_Reposteria_y_Chocolateria.txt.txt,11.48136,9.283118,7.0108695,7.7487645,6.26239
30_Programacion_Avanzada_de_Apps.txt.txt,10.184642,9.277351,7.761735,8.588598,5.448432
53_Conceptos_y_Tecnicas_2_+PRA.txt.txt,11.485946,9.168665,7.473385,8.412149,6.0422196
54_Practica_Culinaria_1.txt.txt,11.093908,8.390592,7.5237103,8.010499,6.3420424
50_Nutricion_Humana_+Lab.txt.txt,11.380415,8.798239,7.5602307,7.5815344,5.8166738
182_Control_de_Produccion.txt.txt,11.109456,8.052393,7.82692,7.3853593,6.8746276
60_Coloquios_Gastr.txt.txt,10.494435,10.235059,7.496231,6.5324864,6.9488287
118_Fundamentos_de_las_Artes.txt.txt,11.668628,8.666458,7.628496,7.451692,6.6468053
106_Negociacion.txt.txt,10.473419,9.082765,6.4131365,7.035745,6.4636655
164_Analisis_Funcional.txt.txt,10.513683,8.712103,7.0069394,8.579867,6.8318434
153_Introduccion_a_Probabilidades.txt.txt,10.725243,9.017489,6.5549955,7.846612,7.0253277
91_Inclusion_y_Diversidad.txt.txt,11.263589,8.372016,8.426157,8.151086,6.8725753
117_Herramientas_Digitales_1.txt.txt,11.195847,8.707561,6.9223185,6.7220097,7.0567946
150_Variable_Compleja.txt.txt,10.942756,8.952012,7.332717,8.462925,7.5666065
83_Ensenanza_de_Matematicas.txt.txt,10.612989,8.388229,7.7637386,7.612335,5.544832
165_Algebra_Abstracta_2.txt.txt,11.801096,8.801196,6.8957987,7.623853,6.8475437
140_Arte_y_Educacion___Curaduria.txt.txt,10.583566,8.756805,7.1877265,6.5341477,6.310289
1_Escritura_Academica.txt.txt,10.756517,8.04566,7.991501,8.023632,6.792844
15_Matematicas_Discretas.txt.txt,10.128879,8.643044,7.3839493,6.8163404,6.014784
115_Tributacion_y_Entorno_Legal.txt.txt,11.217058,8.541395,7.065737,7.783951,5.853072
2_Taller_de_Ing._Cs._Computacion.txt.txt,10.872224,8.535969,8.490484,8.480665,6.710283
93_Practica_4.txt.txt,10.18113,8.613588,7.9499435,8.544431,6.677614
12_Ingles_Nivel_3.txt.txt,10.894657,9.539741,7.1683803,7.538238,7.6648946
163_Geometria_Diferencial.txt.txt,9.9806795,8.7680855,7.2256875,7.585854,7.866112
22_Algebra_Lineal_1_+Ej.txt.txt,10.322273,9.014562,6.8206606,8.529467,7.314663
69_Administracion_de_Eventos.txt.txt,10.589592,7.9722075,8.224251,7.542437,6.4798355
61_Alta_Cocina_Francesa.txt.txt,10.327105,9.312328,8.832957,7.5763006,6.503683
123_Fundamentos_de_Escultura.txt.txt,11.092125,8.492776,6.822508,7.1414127,7.081375
126_Arte_Contemporaneo.txt.txt,11.022948,9.054967,6.6587915,6.943345,6.3479266
86_Bilingualism.txt.txt,11.401784,8.829484,7.155578,6.9044676,5.8155274
180_Diseño_de_Produccion.txt.txt,10.563475,8.047518,7.168098,7.3141184,6.3380165
97_Principios_de_Marketing.txt.txt,11.064106,8.0808735,7.5793843,7.759097,7.3571997
109_Investigacion_de_Mercados.txt.txt,10.619562,8.266955,7.478784,7.021861,7.0894537
21_Programacion_de_Apps.txt.txt,9.994312,8.9932785,7.442206,8.51642,5.503918
137_Matematicas_Cotidianas.txt.txt,10.567697,8.625572,6.598385,7.4301295,6.3597565
169_Improvisacion.txt.txt,9.73272,9.2958765,6.805612,7.207754,6.3320274
14_Programacion_Avanzada_en_C++.txt.txt,11.032511,9.133383,7.6068697,8.717944,6.179629
154_Fundamentos_de_Geometria.txt.txt,9.8299675,8.432181,7.365522,7.4772086,6.9507933
13_Ingles_Nivel_4.txt.txt,9.97425,8.539168,6.9924946,7.3174543,6.2487745
43_Mineria_de_Datos.txt.txt,10.432947,9.778213,6.332073,7.7341456,6.093944
149_Teoria_de_Grupos.txt.txt,10.320177,7.9524093,7.4328756,7.3889318,6.7532797
142_Produccion_&_Exhibicion.txt.txt,10.187757,9.256766,8.691133,8.402962,6.4334173
152_Calculo_para_Ciencias_2.txt.txt,9.979548,8.525677,7.098367,8.0718775,7.4387774
81_Practica_1.txt.txt,10.194222,9.044873,8.068894,7.9328895,6.0728426
57_Alta_Cocina_Ecuatoriana.txt.txt,10.93003,8.407327,7.395419,8.477515,6.245863
16_Introduccion_a_la_Economia.txt.txt,10.133141,9.971588,7.325906,7.113409,7.084524
75_Planificacion_y_Evaluacion_1.txt.txt,9.782411,9.122669,7.2554955,8.096591,5.8283005
8_Programacion_en_C++_+Ej.txt.txt,10.054268,8.853724,6.638126,7.9824653,7.0041785
68_Enologia_y_Cocteleria.txt.txt,11.294728,8.678963,6.7326503,7.988863,6.750629
143_Programacion_Para_Diseño_1.txt.txt,10.34866,8.571239,7.3889394,8.4501505,5.860762
108_Economia_y_Negocios.txt.txt,9.681379,9.418892,7.280485,8.295839,6.9472094
98_Estadistica_Empresarial_+Lab.txt.txt,10.397755,10.142435,6.6066766,7.6039,6.3021126
82_Metodologias_de_Ensenanza.txt.txt,10.315536,8.442496,7.4302125,7.391844,5.6283827
160_Ecuaciones_Diferenciales_Parciales.txt.txt,9.633089,8.859858,7.776313,7.2409797,6.978232
48_Principios_de_Administracion.txt.txt,9.994674,9.082359,7.676582,7.7676616,5.5387263
90_Practica_3.txt.txt,10.494678,8.460212,8.408381,8.164678,6.4169264
52_Contabilidad_Empresarial.txt.txt,10.37025,10.107598,7.190873,7.954877,7.4385867
121_Dibujo_para_Arte_y_Diseno.txt.txt,11.316713,9.352557,6.890985,8.089012,6.011377
76_Estadistica_para_CCSS.txt.txt,10.27028,10.297223,6.516224,7.6398773,6.547274
45_Proyecto_Integrador_CMP.txt.txt,9.99611,9.73675,8.102454,8.526099,6.277131
131_Taller_de_Investigacion.txt.txt,9.910578,8.306103,7.8951406,8.054278,6.717404
84_Ensenanza_de_Ciencias_Sociales.txt.txt,9.769808,8.933488,7.4622827,6.7479143,6.381682
9_Calculo_Integral_+_Ej.txt.txt,10.235174,8.407779,6.894479,8.007837,7.035281
23_Fisica_para_Ingenieria_2_+Lab_Ej.txt.txt,10.384785,9.289229,6.884864,8.649457,6.3519144
132_Enfasis_1.txt.txt,9.900387,8.928983,8.616771,7.9467254,7.794012
107_Operaciones_+Lab.txt.txt,9.65434,8.865315,7.2693896,8.19473,6.5216374
145_Programacion_Para_Diseño_3.txt.txt,9.732077,9.162103,6.726648,7.8384895,6.214709
94_Zoologia_+Lab.txt.txt,9.969352,9.56429,7.570508,7.8689823,7.7464576
113_Negocios_Internacionales.txt.txt,10.714281,9.605604,8.044513,8.701634,6.6797647
20_Ingles_Nivel_6.txt.txt,10.2366705,9.498234,6.899746,6.887,5.957422
112_Gestion_del_Talento.txt.txt,10.300509,10.089606,7.5401993,7.8484197,5.7664766
77_Neurociencia_y_Educacion.txt.txt,10.718995,9.871921,7.154109,8.652518,6.8127456
166_Topologia_1.txt.txt,10.975347,10.068734,6.9703827,7.3023257,6.338334
95_Fisiologia_+Lab.txt.txt,10.255383,8.882893,8.384298,6.7448654,6.6903744
134_Enfasis_2.txt.txt,9.827488,8.878453,8.564504,8.036146,7.822813
148_Calculo_para_Ciencias_1.txt.txt,10.071735,8.671454,7.01722,7.355872,7.5804267
31_Organizacion_de_Computadores.txt.txt,10.096952,9.480796,7.671384,7.3290324,7.6409826
46_Matematica_Empresarial_+Ej.txt.txt,10.046224,9.843363,6.8237424,7.7680345,7.302564
147_Modelado_3D_1.txt.txt,10.659318,9.67965,6.5164256,8.159051,6.620543
114_Innovacion_y_Sustentabilidad.txt.txt,10.14663,9.691715,7.621667,7.163557,5.6572943
39_Proyectos__Gerencia_y_Analisis.txt.txt,10.224769,10.333496,7.4912167,7.8957314,6.467477
27_Estructuras_de_Datos.txt.txt,9.748181,9.515969,6.850939,7.507513,6.6828766
87_Practica_2.txt.txt,11.636708,9.493833,8.400727,7.199409,6.5805364
174_Proyecto_final_en_Danza.txt.txt,10.293859,9.651807,8.605839,8.557409,6.3685217
173_Performance.txt.txt,11.257014,9.223686,7.5220485,6.760263,7.387669
96_Evolucion.txt.txt,9.79526,9.472634,7.817215,6.7720995,6.6631765
41_Coloquios_ING.txt.txt,10.327877,10.174103,7.4081697,6.498664,7.1024785
59_Introduccion_al_Marketing_HSP.txt.txt,11.485221,9.233705,8.053797,6.988388,7.24347
111_Proyectos_Empresariales.txt.txt,10.632223,9.736008,7.127278,7.919827,5.590006
157_Analisis_Numerico.txt.txt,9.716064,9.851896,8.039709,7.792705,7.053468
88_Ensenanza_de_Ciencias.txt.txt,10.918085,8.960946,8.661676,6.862144,7.025115
104_Finanzas_Corporativas.txt.txt,10.912824,10.138467,7.4119034,8.252101,6.3720036
156_Inferencia_Estadistica.txt.txt,10.029334,10.164843,8.128492,7.093295,6.671946
29_Teoria_de_la_Computacion.txt.txt,10.250669,9.459308,8.555232,7.8067245,5.747069
73_Teorias_del_Aprendizaje.txt.txt,10.514093,10.199088,8.349528,8.0778885,6.576491
168_Analisis_Real.txt.txt,9.791184,9.763209,7.727348,8.382598,7.110892
74_Desarrollo__Niño_y_Adolescente.txt.txt,10.585211,9.058609,8.037375,6.786846,7.408108
92_Proyecto_Integrador_EDU.txt.txt,10.885234,9.732009,8.444145,8.268688,5.8618712
38_Sistemas_Operativos.txt.txt,10.729327,9.861234,8.607747,7.901993,7.130937
40_Practica_Pre-Profesional_PASEM.txt.txt,10.376964,9.186006,8.982764,7.7831693,6.3592844
70_Gerencia_Financiera_HSP.txt.txt,10.808441,9.428801,8.086495,6.4536595,6.3863645
172_Composicion.txt.txt,10.931692,8.552,8.267113,8.121051,7.388301
136_Laboratorio_de_Creacion_3.txt.txt,11.271107,10.226765,8.077632,7.725691,6.0054493
5_Cosmos.txt.txt,11.249495,10.114337,7.647497,7.151793,7.0625343
122_Fotografia_1.txt.txt,11.072261,8.590345,7.087167,6.7820473,7.3926883
128_Taller_de_Arte_1.txt.txt,10.50836,8.545306,8.782173,8.386647,6.7107105
49_Panaderia.txt.txt,11.271665,9.825074,7.9857254,6.856278,6.2780504
144_Programacion_Para_Diseño_2.txt.txt,10.599808,8.809303,7.8287754,8.983116,6.1656103
170_Danza_Moderna_2.txt.txt,11.636351,9.653632,8.122901,8.339813,6.731275
159_Combinatoria_y_Grafos.txt.txt,11.261033,10.382356,7.706741,7.7702374,6.688923
103_Coloquios_adm.txt.txt,10.407434,10.232382,8.002593,7.332673,7.2997746
71_Identidad_Culinaria.txt.txt,10.881005,9.659342,7.0506554,6.545839,5.8073206
120_Laboratorio_de_Creacion_1.txt.txt,11.309376,10.1857605,7.5521674,7.816428,5.740213
51_Introduccion_a_la_Hospitalidad.txt.txt,10.810062,10.015737,8.236007,7.253375,7.5915074
175_Lenguaje_del_Cine.txt.txt,11.722522,9.718617,7.430424,7.3373384,5.9800377
19_Ingles_Nivel_5.txt.txt,10.88108,9.71349,6.822888,6.681744,6.6505213
177_Cinematografia.txt.txt,11.289483,8.777971,8.34281,7.2238746,7.4592133
133_Taller_de_Arte_2.txt.txt,10.408706,8.597164,8.432882,8.274847,7.0939918
6_Ingles_Nivel_1.txt.txt,11.320625,8.519563,7.9272957,6.6905627,6.582592
179_Storytelling.txt.txt,12.015085,9.2590065,7.592432,7.6111526,6.987134
37_Redes_+Lab.txt.txt,11.959671,8.786231,7.779995,7.827483,6.159123
146_Juegos_y_Narrativa.txt.txt,11.25895,9.20737,7.4302053,6.9072733,5.614358
167_Topologia_2.txt.txt,10.991264,9.219696,8.1704235,8.516874,7.420197
139_Taller_de_Arte_3.txt.txt,11.021741,9.271252,8.856577,8.424777,6.4616766
33_Diseño_de_Sistemas.txt.txt,11.485444,9.867687,7.6329565,8.210209,5.858765
141_Temas_en_Comunicacion_y_Arte.txt.txt,10.595269,9.610443,7.0217543,7.0733304,5.485752
124_Teoria_Critica_1__Arte_&_Media.txt.txt,10.537071,9.527433,6.692242,6.633104,6.0287614
158_Teoria_de_Numeros.txt.txt,10.692131,9.538433,7.4862003,8.977237,7.0754313
