original_column,0,1,2,3,4
184_Ergonomia.txt.txt,7.6400657,7.318589,8.361088,7.8475537,-0.25687894
105_Marketing_Digital.txt.txt,7.4271665,6.7645683,8.116653,7.7831864,0.077472515
32_Emprendimiento.txt.txt,7.5696635,6.7977242,8.210047,7.6046867,-1.0849171
185_Ingenieria_de_la_Calidad_+_Lab.txt.txt,7.2579355,6.341071,8.387183,7.7012353,-1.1533674
24_Aprendizaje_y_Servicio_PASEC.txt.txt,6.7353354,6.5715914,8.156604,7.718268,-0.38787204
34_Inteligencia_Artificial.txt.txt,7.159731,6.5026684,8.039285,7.78683,-0.30984885
3_Calculo_Diferencial_+_Ej.txt.txt,7.88109,6.39304,8.60184,6.9523993,-0.20197059
11_Ser_y_Cosmos.txt.txt,6.7982187,6.7864647,8.098019,8.129861,-0.74251217
89_Ensenanza_Integrada_de_CITIAM.txt.txt,7.348594,7.2028494,8.276163,8.136091,-0.10486294
155_Logica_y_Teoria_de_Conjuntos.txt.txt,7.366721,6.711834,8.336746,7.731058,0.10077936
26_Electronica_Basica_+Lab.txt.txt,7.1854677,7.411764,8.172349,7.6823134,-0.8843603
7_Ingles_Nivel_2.txt.txt,7.9035134,6.8635383,8.3006525,7.796078,-0.12487613
65_Alta_Cocina_Mundial.txt.txt,6.833771,6.703656,8.61619,7.431765,-0.48163018
110_Creatividad_Empresarial.txt.txt,7.0856495,7.0486336,8.363154,7.1562166,-0.7699731
101_Analisis_de_Datos.txt.txt,7.202958,6.8092046,8.814447,7.7826605,-0.871798
63_Servicio_y_Protocolo.txt.txt,7.2783365,7.1352706,8.499978,8.176172,-0.628343
161_Algebra_Lineal_2.txt.txt,7.8309793,7.124868,7.9340653,7.017219,-0.40246293
171_Barra_para_danza_contemporanea.txt.txt,7.4033246,6.9376783,8.195485,7.69715,-0.77817535
"183_Procesos,_Metodos_y_Estandares.txt.txt",7.3815336,6.339493,8.377172,8.231907,-1.0813742
129_Coloquios_ART.txt.txt,6.658907,6.90188,8.662749,8.107978,-0.04374674
67_Innovacion_Culinaria.txt.txt,7.2222953,7.0351458,8.455132,7.5806746,-0.67209154
116_Analisis_Estrategico_ADM.txt.txt,6.8781757,6.9844694,8.574626,7.6462264,-0.9424144
10_Autoconocimiento.txt.txt,6.884832,7.0760546,7.9012303,7.513239,-0.19601531
47_Conceptos_y_Tecnicas_1.txt.txt,7.200871,6.9329967,8.177128,7.266033,-0.18609606
35_Base_de_Datos.txt.txt,7.548483,6.75336,8.204974,8.122224,-0.3428847
119_Composicion_Visual_1.txt.txt,7.2280307,7.3451014,8.597967,7.294082,-0.4200273
79_Coloquios_EDU.txt.txt,6.479626,6.7718005,8.855919,7.808658,-0.12481787
130_Arte_y_Contexto_Social.txt.txt,6.8033295,6.6086354,7.729141,8.364774,-0.51529956
178_Sonido.txt.txt,7.2571945,7.3664036,8.037511,8.150114,-0.86025953
44_Aplicaciones_Distribuidas.txt.txt,6.7441797,6.941625,8.313044,8.125441,-0.33271405
62_Pasteleria.txt.txt,7.090449,7.131372,8.35999,7.8120666,-0.4403282
151_Ecuaciones_Diferenciales.txt.txt,7.6413383,6.5401406,8.719469,7.531658,-0.30848333
18_Calculo_Vectorial.txt.txt,7.8403053,6.200405,8.302165,7.131096,0.049287874
125_Nuevos_Medios.txt.txt,6.9089303,7.0353923,7.571755,7.9626327,0.004427755
100_Principios_de_Seguros.txt.txt,6.6814327,6.929414,7.959996,7.8111854,-0.9412558
36_Aprendizaje_Automatico.txt.txt,7.5681105,6.7622886,8.12901,7.8355865,-0.5589758
72_Fundamentos_de_la_Educacion.txt.txt,6.7644258,7.254887,8.128288,8.2795515,-0.1952211
56_Carniceria.txt.txt,7.178286,7.451544,8.271616,7.8672733,-0.12815848
28_Probabilidad_y_Estadistica_+Ej.txt.txt,7.622346,6.403667,8.973387,7.7844915,-0.7029978
58_Introduccion_a_la_Biologia_+Ej.txt.txt,7.0881205,7.0874777,8.712199,7.473463,0.06121259
102_Principios_de_Finanzas.txt.txt,6.9362636,6.579603,9.035446,7.3854847,-0.49430138
181_Inv._de_Operaciones_1_+Lab.txt.txt,6.8728514,6.385929,8.250401,7.5429482,0.32431567
85_Arte_y_Educacion.txt.txt,6.8895407,7.286333,7.9507966,7.710382,-0.7161178
186_Sistemas_Lean.txt.txt,7.578315,6.0730805,8.193325,7.8811398,-0.66171634
25_Cultura_Gastronomica.txt.txt,7.046105,7.140244,8.067064,8.406752,-0.27685043
4_Quimica_General_1_+Lab_Ej.txt.txt,7.2018733,7.101065,8.19338,8.050019,-0.32256234
138_Enfasis_3.txt.txt,7.2282934,7.7829566,8.750019,7.6973214,-0.48098606
55_Administracion_de_A_&_B.txt.txt,7.57628,6.091207,8.146704,8.102341,-0.8480448
64_Practica_Culinaria_2.txt.txt,7.500606,6.5741806,7.601716,7.50081,-0.31577522
42_Seguridad_Informatica.txt.txt,7.0671134,6.6168637,8.194066,8.190793,-0.85652983
135_Gestion_y_Produccion_Cultural.txt.txt,7.2072477,7.4754276,8.168915,8.518795,-0.4645974
162_Algebra_Abstracta_1.txt.txt,7.857455,6.8262215,8.283396,7.5888186,-0.5701796
99_Gerencia_de_Costos.txt.txt,7.0004587,6.2829213,7.983331,7.6305404,-1.0164287
17_Fisica_para_Ingenieria_1_+Lab_Ej.txt.txt,7.2126083,6.47459,8.115492,8.251312,0.05677926
127_Laboratorio_de_Creacion_2.txt.txt,7.746447,7.412949,8.28183,7.9283986,-0.8971462
176_Lenguaje_Visual_y_Montaje.txt.txt,7.5900693,7.4580235,7.6801744,7.796286,-0.3696083
78_Planificacion_y_Evaluacion_2.txt.txt,7.186956,7.499572,7.6351895,7.673833,-0.43452722
80_Ensenanza_de_Lenguaje.txt.txt,6.841912,6.480576,7.565009,8.012807,-0.20676903
66_Reposteria_y_Chocolateria.txt.txt,7.5422344,6.83565,7.5243845,8.160278,-0.45655733
30_Programacion_Avanzada_de_Apps.txt.txt,7.3407006,7.4180117,8.427744,7.057779,0.4900632
53_Conceptos_y_Tecnicas_2_+PRA.txt.txt,7.726021,6.5862136,7.518367,7.3910203,-0.17950064
54_Practica_Culinaria_1.txt.txt,6.8340607,6.851042,7.55294,7.222882,-0.31693825
50_Nutricion_Humana_+Lab.txt.txt,7.322583,6.686698,8.351322,7.424006,0.48554114
182_Control_de_Produccion.txt.txt,7.5710692,6.27052,8.043405,8.243475,-0.9951341
60_Coloquios_Gastr.txt.txt,6.202928,7.3085427,8.619805,7.9882693,-0.10109629
118_Fundamentos_de_las_Artes.txt.txt,7.3729715,7.0298595,7.470665,8.075202,-0.69476235
106_Negociacion.txt.txt,7.7545567,6.453121,7.476452,7.9168983,-0.7825472
164_Analisis_Funcional.txt.txt,7.613284,6.6748047,7.792001,7.6578345,-1.2591552
153_Introduccion_a_Probabilidades.txt.txt,8.143655,6.236726,8.346421,7.5415263,-0.5922179
91_Inclusion_y_Diversidad.txt.txt,6.6773934,6.7880173,7.8200283,7.482493,0.49805874
117_Herramientas_Digitales_1.txt.txt,7.572102,7.3230042,7.5872025,7.673689,0.16888358
150_Variable_Compleja.txt.txt,7.8006735,6.3241105,7.995636,7.1467566,0.33127686
83_Ensenanza_de_Matematicas.txt.txt,6.637051,6.6173725,8.6071,7.728186,0.4802422
165_Algebra_Abstracta_2.txt.txt,8.023902,6.888697,7.6761446,7.502333,-0.8516847
140_Arte_y_Educacion___Curaduria.txt.txt,6.4782987,6.784388,7.550294,7.6536303,-0.6878514
1_Escritura_Academica.txt.txt,6.9663553,6.886348,7.5131197,7.0171022,-0.83888793
15_Matematicas_Discretas.txt.txt,7.5060487,7.0004272,8.229584,6.6393237,-0.43504885
115_Tributacion_y_Entorno_Legal.txt.txt,7.4058805,7.3158355,7.430399,7.1960692,-0.54897046
2_Taller_de_Ing._Cs._Computacion.txt.txt,6.986307,6.919324,7.9760475,6.627509,-0.23116386
93_Practica_4.txt.txt,6.9810615,7.202199,8.209704,6.8779464,0.2407017
12_Ingles_Nivel_3.txt.txt,7.249928,6.3966928,8.047646,6.7691097,0.19297259
163_Geometria_Diferencial.txt.txt,8.151187,6.5900726,8.42241,6.865298,-0.09812267
22_Algebra_Lineal_1_+Ej.txt.txt,7.954795,7.146915,7.7514353,7.0219893,-0.43525496
69_Administracion_de_Eventos.txt.txt,7.50223,6.7335114,7.299869,7.622016,0.15845317
61_Alta_Cocina_Francesa.txt.txt,7.767068,6.5916724,8.756203,6.905403,-0.18159586
123_Fundamentos_de_Escultura.txt.txt,6.370219,6.413229,8.013494,7.4267435,-0.09232158
126_Arte_Contemporaneo.txt.txt,7.012502,6.963427,7.7787614,8.321086,0.3087524
86_Bilingualism.txt.txt,7.804184,6.136317,7.893206,7.838475,0.18976927
180_Diseño_de_Produccion.txt.txt,7.0091085,6.3561177,7.434204,7.14377,-0.44633105
97_Principios_de_Marketing.txt.txt,7.3011346,6.687882,7.184655,7.7870264,-0.52175707
109_Investigacion_de_Mercados.txt.txt,6.9227667,5.948946,8.330424,7.0784845,-0.5481024
21_Programacion_de_Apps.txt.txt,7.485923,7.291665,8.499716,6.903051,0.5831039
137_Matematicas_Cotidianas.txt.txt,7.6726794,6.784656,7.8252206,6.95102,0.05601253
169_Improvisacion.txt.txt,6.9323416,7.5705996,8.625077,7.012038,-0.643382
14_Programacion_Avanzada_en_C++.txt.txt,7.8531637,6.991868,7.9496408,8.01133,0.32465696
154_Fundamentos_de_Geometria.txt.txt,7.4242487,5.940423,8.240282,7.3983054,0.13455619
13_Ingles_Nivel_4.txt.txt,6.6751103,6.0614944,8.077491,7.1222854,-0.70157915
43_Mineria_de_Datos.txt.txt,7.6350617,5.962471,8.708801,7.440822,-0.6410544
149_Teoria_de_Grupos.txt.txt,7.554699,6.1182227,7.76474,7.127742,-0.63721937
142_Produccion_&_Exhibicion.txt.txt,6.896095,7.232874,8.012182,6.9728928,-1.0465226
152_Calculo_para_Ciencias_2.txt.txt,8.1167345,6.3222027,8.06057,7.1921606,-0.30359447
81_Practica_1.txt.txt,6.5293245,6.6726055,8.50261,6.9637766,-0.31713265
57_Alta_Cocina_Ecuatoriana.txt.txt,6.234956,6.6926007,8.054216,8.272712,-0.40572333
16_Introduccion_a_la_Economia.txt.txt,6.9182653,6.1996174,8.79492,8.313542,0.04565096
75_Planificacion_y_Evaluacion_1.txt.txt,6.833374,6.743027,7.8416324,6.7940106,0.010606133
8_Programacion_en_C++_+Ej.txt.txt,7.144521,6.2372994,8.656932,6.920673,-0.17061806
68_Enologia_y_Cocteleria.txt.txt,6.985727,6.474499,7.8747206,7.1893425,-1.2029479
143_Programacion_Para_Diseño_1.txt.txt,7.6728654,7.2930365,8.090438,7.3562717,0.3968387
108_Economia_y_Negocios.txt.txt,7.974125,7.455936,8.115612,7.424048,-0.747758
98_Estadistica_Empresarial_+Lab.txt.txt,7.4807544,6.076712,8.994122,7.4431467,-0.6824703
82_Metodologias_de_Ensenanza.txt.txt,6.7622194,6.7959213,8.368888,7.5996723,0.7798893
160_Ecuaciones_Diferenciales_Parciales.txt.txt,7.605253,6.82724,8.651293,6.9751906,-0.9694146
48_Principios_de_Administracion.txt.txt,6.599664,5.882314,8.424875,7.5577197,-0.57839704
90_Practica_3.txt.txt,6.4376497,7.1299844,8.592507,7.08894,-0.30297998
52_Contabilidad_Empresarial.txt.txt,7.3106146,6.372003,9.325637,7.4401345,-0.1629531
121_Dibujo_para_Arte_y_Diseno.txt.txt,7.411236,7.419204,8.174436,7.33189,-1.2211188
76_Estadistica_para_CCSS.txt.txt,7.5988784,6.216152,9.219906,7.556843,-0.82007766
45_Proyecto_Integrador_CMP.txt.txt,6.601964,7.1298723,8.2734785,6.986122,-0.9975947
131_Taller_de_Investigacion.txt.txt,6.866561,6.763308,7.9279027,6.839733,-0.8555844
84_Ensenanza_de_Ciencias_Sociales.txt.txt,7.2869987,6.298838,7.9695215,8.268956,0.42693332
9_Calculo_Integral_+_Ej.txt.txt,7.8379974,6.0935435,8.240828,7.187808,-0.52471393
23_Fisica_para_Ingenieria_2_+Lab_Ej.txt.txt,7.4280415,6.576572,8.5784645,7.1635733,-1.2958937
132_Enfasis_1.txt.txt,7.3556705,8.070433,8.473825,7.523586,-0.37059036
107_Operaciones_+Lab.txt.txt,7.5239267,6.953055,8.615499,6.9015293,0.18536165
145_Programacion_Para_Diseño_3.txt.txt,8.1145,6.533901,8.340242,6.80861,-0.76789
94_Zoologia_+Lab.txt.txt,7.8617473,7.211282,9.058223,7.395534,-0.48779178
113_Negocios_Internacionales.txt.txt,7.5842633,6.437906,9.171038,7.881769,0.0077581597
20_Ingles_Nivel_6.txt.txt,6.4670215,6.8000236,7.3626075,7.9692006,-0.2340782
112_Gestion_del_Talento.txt.txt,7.0034018,5.835953,8.697159,7.8859696,-0.3106301
77_Neurociencia_y_Educacion.txt.txt,6.923527,6.988,9.228439,7.881331,-0.9117163
166_Topologia_1.txt.txt,7.5161996,6.339794,8.663674,7.8391423,0.65622807
95_Fisiologia_+Lab.txt.txt,7.118863,7.2090616,8.3273735,8.479098,0.5123242
134_Enfasis_2.txt.txt,7.300177,7.9875336,8.739069,7.576085,-0.4251342
148_Calculo_para_Ciencias_1.txt.txt,8.107365,6.473442,8.452776,6.8882065,-0.17365079
31_Organizacion_de_Computadores.txt.txt,7.9805584,6.7938986,8.59058,8.065613,0.22970611
46_Matematica_Empresarial_+Ej.txt.txt,7.1314874,6.055634,9.009934,7.2773123,-0.14402986
147_Modelado_3D_1.txt.txt,7.549382,7.4750214,9.075702,7.5390096,-0.18774599
114_Innovacion_y_Sustentabilidad.txt.txt,6.5081453,6.693515,8.411174,7.50066,-1.0824193
39_Proyectos__Gerencia_y_Analisis.txt.txt,6.724333,6.258702,8.906984,8.349592,-0.5098873
27_Estructuras_de_Datos.txt.txt,7.2615924,6.713375,9.094864,7.7491417,0.3834904
87_Practica_2.txt.txt,7.4987984,7.6008344,8.550268,8.409092,-0.48622197
174_Proyecto_final_en_Danza.txt.txt,6.4498224,7.0747213,8.8959675,7.449368,-0.7061005
173_Performance.txt.txt,7.06987,6.883813,8.90364,8.50466,0.123229586
96_Evolucion.txt.txt,7.330428,6.24535,9.070982,8.182589,-0.098830774
41_Coloquios_ING.txt.txt,6.186744,7.1802955,8.703939,7.933309,-0.0050503705
59_Introduccion_al_Marketing_HSP.txt.txt,7.4007797,6.098422,7.601072,8.096899,-0.7069539
111_Proyectos_Empresariales.txt.txt,6.635074,6.078766,8.220739,7.9136906,-0.800541
157_Analisis_Numerico.txt.txt,7.5841565,6.6128817,8.5834055,8.714246,-0.50876427
88_Ensenanza_de_Ciencias.txt.txt,7.266801,7.352146,8.512384,8.1238365,-1.3650697
104_Finanzas_Corporativas.txt.txt,7.176639,6.7129946,9.113855,8.183956,-1.0565535
156_Inferencia_Estadistica.txt.txt,7.5516734,7.211281,8.881171,8.066431,-1.0202796
29_Teoria_de_la_Computacion.txt.txt,7.8428726,7.090128,8.405412,8.405972,-0.9269329
73_Teorias_del_Aprendizaje.txt.txt,6.761227,6.9043884,8.287541,8.40447,-1.0125693
168_Analisis_Real.txt.txt,7.175667,7.1537476,9.086265,8.28125,-0.70149815
74_Desarrollo__Niño_y_Adolescente.txt.txt,7.2719364,7.715542,7.7871757,8.149048,-0.9017461
92_Proyecto_Integrador_EDU.txt.txt,7.0836406,7.066389,7.731148,7.349186,-1.3240014
38_Sistemas_Operativos.txt.txt,8.1866255,7.488727,8.283653,8.077714,-0.22642119
40_Practica_Pre-Profesional_PASEM.txt.txt,7.424329,7.3901806,7.9531536,8.160579,-1.2480595
70_Gerencia_Financiera_HSP.txt.txt,7.9733477,7.17283,7.8253226,8.362197,-0.80687505
172_Composicion.txt.txt,7.02412,6.8362103,7.6418333,8.639381,0.0038924732
136_Laboratorio_de_Creacion_3.txt.txt,6.4228563,7.5619655,8.290322,7.815619,-0.7915434
5_Cosmos.txt.txt,7.6572595,6.56146,8.028311,8.64321,-0.20256068
122_Fotografia_1.txt.txt,7.4991784,7.3854995,7.4783893,7.68725,0.29309914
128_Taller_de_Arte_1.txt.txt,6.6045527,7.3410606,7.6988506,7.02019,-0.5508372
49_Panaderia.txt.txt,7.666408,7.3139343,8.063011,8.64239,-0.36203438
144_Programacion_Para_Diseño_2.txt.txt,7.8007936,7.054626,8.161232,7.6817894,0.6807169
170_Danza_Moderna_2.txt.txt,8.229587,7.2434154,7.836207,7.7051406,-0.07032503
159_Combinatoria_y_Grafos.txt.txt,6.3909945,6.5947723,7.6811347,7.411271,0.03428096
103_Coloquios_adm.txt.txt,6.9840803,6.5744343,9.049226,8.339556,-0.2580196
71_Identidad_Culinaria.txt.txt,6.650618,6.7411056,7.7516594,8.681019,-0.35336173
120_Laboratorio_de_Creacion_1.txt.txt,6.5813007,7.694094,8.07712,7.327721,-0.63149756
51_Introduccion_a_la_Hospitalidad.txt.txt,6.8696084,7.72504,7.711889,7.6506176,0.059235178
175_Lenguaje_del_Cine.txt.txt,7.136541,6.893399,7.8179946,8.541721,-1.1451819
19_Ingles_Nivel_5.txt.txt,6.257455,7.029649,8.467948,7.841274,0.2577761
177_Cinematografia.txt.txt,7.3728247,7.7477217,7.7459297,8.299213,-0.095391184
133_Taller_de_Arte_2.txt.txt,6.813836,7.144468,7.5644064,7.1225758,0.08410726
6_Ingles_Nivel_1.txt.txt,6.6541686,5.79911,7.957471,7.9744334,-0.37638864
179_Storytelling.txt.txt,6.775524,7.84396,8.357988,7.99394,-0.06595468
37_Redes_+Lab.txt.txt,7.8274403,6.706056,8.863626,8.557848,-0.1849367
146_Juegos_y_Narrativa.txt.txt,7.2325797,7.0943475,7.952778,8.855413,-0.5356902
167_Topologia_2.txt.txt,8.385823,6.5917063,8.150409,7.8973417,-0.40108955
139_Taller_de_Arte_3.txt.txt,7.0235314,7.2762184,8.47621,7.4573064,-1.5207131
33_Diseño_de_Sistemas.txt.txt,7.2874637,7.946078,7.9929695,7.239627,-0.6155427
141_Temas_en_Comunicacion_y_Arte.txt.txt,6.431418,6.7043467,7.708715,8.2921095,0.05642898
124_Teoria_Critica_1__Arte_&_Media.txt.txt,6.4891534,6.551705,7.53697,8.074334,0.19122759
158_Teoria_de_Numeros.txt.txt,8.290008,7.131451,8.661627,7.65335,-0.86190784
