original_column,0,1
184_Ergonomia.txt.txt,-1.4141527,3.2852442
105_Marketing_Digital.txt.txt,-1.2884867,4.6028953
32_Emprendimiento.txt.txt,-0.6325415,3.7359886
185_Ingenieria_de_la_Calidad_+_Lab.txt.txt,0.7254171,3.9158776
24_Aprendizaje_y_Servicio_PASEC.txt.txt,-1.8045111,2.7753503
34_Inteligencia_Artificial.txt.txt,-0.8187456,2.1741853
3_Calculo_Diferencial_+_Ej.txt.txt,-0.28302446,1.3731394
11_Ser_y_Cosmos.txt.txt,-2.6871529,2.003372
89_Ensenanza_Integrada_de_CITIAM.txt.txt,-3.2461746,2.828765
155_Logica_y_Teoria_de_Conjuntos.txt.txt,-0.92036223,0.9583233
26_Electronica_Basica_+Lab.txt.txt,0.84409815,2.860427
7_Ingles_Nivel_2.txt.txt,-1.240148,2.00914
65_Alta_Cocina_Mundial.txt.txt,-1.0503596,4.7931256
110_Creatividad_Empresarial.txt.txt,-1.5676854,3.4566844
101_Analisis_de_Datos.txt.txt,0.55008507,3.4775326
63_Servicio_y_Protocolo.txt.txt,0.94837683,4.7258477
161_Algebra_Lineal_2.txt.txt,-1.2055923,1.336247
171_Barra_para_danza_contemporanea.txt.txt,-2.3794682,4.8167286
"183_Procesos,_Metodos_y_Estandares.txt.txt",0.57548034,4.2293687
129_Coloquios_ART.txt.txt,-2.8755624,1.856598
67_Innovacion_Culinaria.txt.txt,-1.4459944,4.4434786
116_Analisis_Estrategico_ADM.txt.txt,-0.57336605,3.9943795
10_Autoconocimiento.txt.txt,-1.5754995,3.184142
47_Conceptos_y_Tecnicas_1.txt.txt,-0.53669435,4.6759305
35_Base_de_Datos.txt.txt,0.38639575,3.112778
119_Composicion_Visual_1.txt.txt,-1.9885482,5.123871
79_Coloquios_EDU.txt.txt,-2.8501253,2.2399957
130_Arte_y_Contexto_Social.txt.txt,-3.114338,4.1538854
178_Sonido.txt.txt,-1.3720058,5.2514234
44_Aplicaciones_Distribuidas.txt.txt,-0.48173606,2.9375675
62_Pasteleria.txt.txt,-0.46984124,4.829041
151_Ecuaciones_Diferenciales.txt.txt,-0.22120643,0.7568607
18_Calculo_Vectorial.txt.txt,-0.6006687,1.4829267
125_Nuevos_Medios.txt.txt,-2.3367617,4.223042
100_Principios_de_Seguros.txt.txt,-0.23995042,4.1533346
36_Aprendizaje_Automatico.txt.txt,-0.31245753,2.5100365
72_Fundamentos_de_la_Educacion.txt.txt,-2.7479901,2.934454
56_Carniceria.txt.txt,-0.1247504,4.41806
28_Probabilidad_y_Estadistica_+Ej.txt.txt,0.49803382,1.5911492
58_Introduccion_a_la_Biologia_+Ej.txt.txt,-0.049332373,2.0849297
102_Principios_de_Finanzas.txt.txt,-0.7603794,3.224531
181_Inv._de_Operaciones_1_+Lab.txt.txt,0.2739449,2.7541354
85_Arte_y_Educacion.txt.txt,-3.1881511,3.4548376
186_Sistemas_Lean.txt.txt,0.9598507,4.219402
25_Cultura_Gastronomica.txt.txt,-3.0242593,4.349543
4_Quimica_General_1_+Lab_Ej.txt.txt,0.37192738,2.2795572
138_Enfasis_3.txt.txt,-3.4589548,2.3841543
55_Administracion_de_A_&_B.txt.txt,1.0815567,4.1220584
64_Practica_Culinaria_2.txt.txt,-1.1227245,4.301279
42_Seguridad_Informatica.txt.txt,1.0469711,3.5703106
135_Gestion_y_Produccion_Cultural.txt.txt,0.11077845,5.129634
162_Algebra_Abstracta_1.txt.txt,-1.3286899,0.75404567
99_Gerencia_de_Costos.txt.txt,0.1453161,4.4011126
17_Fisica_para_Ingenieria_1_+Lab_Ej.txt.txt,0.2838147,2.0208972
127_Laboratorio_de_Creacion_2.txt.txt,-1.3857967,3.6744447
176_Lenguaje_Visual_y_Montaje.txt.txt,-1.8262734,5.313771
78_Planificacion_y_Evaluacion_2.txt.txt,-2.1251385,3.088922
80_Ensenanza_de_Lenguaje.txt.txt,-2.9545712,3.4123764
66_Reposteria_y_Chocolateria.txt.txt,-0.886831,4.4601903
30_Programacion_Avanzada_de_Apps.txt.txt,-0.5338864,2.6364014
53_Conceptos_y_Tecnicas_2_+PRA.txt.txt,-1.0092328,4.585961
54_Practica_Culinaria_1.txt.txt,-0.4208827,4.3247886
50_Nutricion_Humana_+Lab.txt.txt,-0.21091627,3.21236
182_Control_de_Produccion.txt.txt,0.68455166,4.440853
60_Coloquios_Gastr.txt.txt,-2.4736252,2.677893
118_Fundamentos_de_las_Artes.txt.txt,-1.4363852,3.130141
106_Negociacion.txt.txt,0.40215826,4.640385
164_Analisis_Funcional.txt.txt,-0.75364256,1.0949025
153_Introduccion_a_Probabilidades.txt.txt,0.15661424,1.1946106
91_Inclusion_y_Diversidad.txt.txt,-2.7523682,3.4086697
117_Herramientas_Digitales_1.txt.txt,-1.8021097,4.698958
150_Variable_Compleja.txt.txt,-1.0239108,0.9041647
83_Ensenanza_de_Matematicas.txt.txt,-3.4325855,3.2760544
165_Algebra_Abstracta_2.txt.txt,-1.5105536,1.1776402
140_Arte_y_Educacion___Curaduria.txt.txt,-2.6448655,3.9917083
1_Escritura_Academica.txt.txt,-1.979685,2.4454343
15_Matematicas_Discretas.txt.txt,-0.38676748,0.8025536
115_Tributacion_y_Entorno_Legal.txt.txt,-0.8133719,4.4416833
2_Taller_de_Ing._Cs._Computacion.txt.txt,-1.7762121,3.0751526
93_Practica_4.txt.txt,-2.4058056,2.6126475
12_Ingles_Nivel_3.txt.txt,-1.6566508,2.1738625
163_Geometria_Diferencial.txt.txt,-1.1121641,1.3633015
22_Algebra_Lineal_1_+Ej.txt.txt,-0.22032374,1.0647608
69_Administracion_de_Eventos.txt.txt,0.65420055,4.9971094
61_Alta_Cocina_Francesa.txt.txt,-0.5432613,5.27076
123_Fundamentos_de_Escultura.txt.txt,-1.9289985,4.329333
126_Arte_Contemporaneo.txt.txt,-2.8679488,4.8751564
86_Bilingualism.txt.txt,-3.2368963,3.362049
180_Diseño_de_Produccion.txt.txt,-1.389557,5.805524
97_Principios_de_Marketing.txt.txt,-0.48384112,3.6793256
109_Investigacion_de_Mercados.txt.txt,-0.05572974,3.746503
21_Programacion_de_Apps.txt.txt,-0.038853608,3.147941
137_Matematicas_Cotidianas.txt.txt,0.2715497,1.7576896
169_Improvisacion.txt.txt,-2.5686283,4.59312
14_Programacion_Avanzada_en_C++.txt.txt,-0.721009,2.9910235
154_Fundamentos_de_Geometria.txt.txt,-1.850118,0.96890545
13_Ingles_Nivel_4.txt.txt,-1.8257723,1.7396784
43_Mineria_de_Datos.txt.txt,0.71631783,2.907173
149_Teoria_de_Grupos.txt.txt,-1.636943,1.0856194
142_Produccion_&_Exhibicion.txt.txt,-1.8308265,3.8740473
152_Calculo_para_Ciencias_2.txt.txt,-0.5959647,1.5809616
81_Practica_1.txt.txt,-2.8481472,2.4128993
57_Alta_Cocina_Ecuatoriana.txt.txt,-0.8329321,5.0578833
16_Introduccion_a_la_Economia.txt.txt,-0.70254725,3.2727034
75_Planificacion_y_Evaluacion_1.txt.txt,-2.481329,3.2007415
8_Programacion_en_C++_+Ej.txt.txt,0.0055397865,1.8607465
68_Enologia_y_Cocteleria.txt.txt,-0.30598098,5.0970545
143_Programacion_Para_Diseño_1.txt.txt,-1.2210827,4.1505103
108_Economia_y_Negocios.txt.txt,0.04051717,2.6216156
98_Estadistica_Empresarial_+Lab.txt.txt,1.0691375,2.6140845
82_Metodologias_de_Ensenanza.txt.txt,-2.9113142,3.8767655
160_Ecuaciones_Diferenciales_Parciales.txt.txt,-0.5170909,0.36658442
48_Principios_de_Administracion.txt.txt,1.3686175,3.7210426
90_Practica_3.txt.txt,-2.357337,2.0524998
52_Contabilidad_Empresarial.txt.txt,1.000509,2.9265726
121_Dibujo_para_Arte_y_Diseno.txt.txt,-1.1039201,3.6603978
76_Estadistica_para_CCSS.txt.txt,0.8750881,1.9356117
45_Proyecto_Integrador_CMP.txt.txt,-1.8546011,3.3224988
131_Taller_de_Investigacion.txt.txt,-2.0089514,3.6344063
84_Ensenanza_de_Ciencias_Sociales.txt.txt,-3.5940447,3.772929
9_Calculo_Integral_+_Ej.txt.txt,-0.37799042,1.1146806
23_Fisica_para_Ingenieria_2_+Lab_Ej.txt.txt,0.05544966,2.3732548
132_Enfasis_1.txt.txt,-3.619109,2.4793494
107_Operaciones_+Lab.txt.txt,0.26424098,3.030847
145_Programacion_Para_Diseño_3.txt.txt,-1.0478426,2.7367735
94_Zoologia_+Lab.txt.txt,-1.4468808,2.1608493
113_Negocios_Internacionales.txt.txt,-1.0618802,3.9718556
20_Ingles_Nivel_6.txt.txt,-2.0469036,1.9706706
112_Gestion_del_Talento.txt.txt,0.35272324,5.2381372
77_Neurociencia_y_Educacion.txt.txt,-2.3483043,2.4931843
166_Topologia_1.txt.txt,-1.5021491,0.5915589
95_Fisiologia_+Lab.txt.txt,-0.90687007,2.2472117
134_Enfasis_2.txt.txt,-3.5299065,2.1655757
148_Calculo_para_Ciencias_1.txt.txt,-0.78031147,1.5522085
31_Organizacion_de_Computadores.txt.txt,0.7992135,3.6232195
46_Matematica_Empresarial_+Ej.txt.txt,1.0177779,2.269526
147_Modelado_3D_1.txt.txt,-0.28237724,3.35659
114_Innovacion_y_Sustentabilidad.txt.txt,-1.6086249,2.5951657
39_Proyectos__Gerencia_y_Analisis.txt.txt,0.55569327,3.8133194
27_Estructuras_de_Datos.txt.txt,0.5699066,2.4129374
87_Practica_2.txt.txt,-2.6853259,2.6033847
174_Proyecto_final_en_Danza.txt.txt,-2.3300877,4.175172
173_Performance.txt.txt,-2.3450625,4.79508
96_Evolucion.txt.txt,-0.69176424,2.2802303
41_Coloquios_ING.txt.txt,-3.2105424,2.0208797
59_Introduccion_al_Marketing_HSP.txt.txt,0.021083219,3.9404442
111_Proyectos_Empresariales.txt.txt,0.19729623,4.832598
157_Analisis_Numerico.txt.txt,-0.14870682,1.5081692
88_Ensenanza_de_Ciencias.txt.txt,-3.6579773,3.2036662
104_Finanzas_Corporativas.txt.txt,-0.91350895,3.555426
156_Inferencia_Estadistica.txt.txt,0.93328965,1.6605268
29_Teoria_de_la_Computacion.txt.txt,-1.1305726,2.1867936
73_Teorias_del_Aprendizaje.txt.txt,-3.174814,3.1982484
168_Analisis_Real.txt.txt,-1.2664968,0.42310625
74_Desarrollo__Niño_y_Adolescente.txt.txt,-1.8872546,2.6605847
92_Proyecto_Integrador_EDU.txt.txt,-2.1561184,3.3662403
38_Sistemas_Operativos.txt.txt,0.5568778,3.9671328
40_Practica_Pre-Profesional_PASEM.txt.txt,-2.6270957,2.799079
70_Gerencia_Financiera_HSP.txt.txt,0.48050886,4.0263615
172_Composicion.txt.txt,-2.5231993,5.161311
136_Laboratorio_de_Creacion_3.txt.txt,-1.4219382,3.8922381
5_Cosmos.txt.txt,-2.2911434,1.4910772
122_Fotografia_1.txt.txt,-1.0439807,5.3403974
128_Taller_de_Arte_1.txt.txt,-1.8856629,4.067767
49_Panaderia.txt.txt,-0.17607416,4.997854
144_Programacion_Para_Diseño_2.txt.txt,-1.0555855,2.9616947
170_Danza_Moderna_2.txt.txt,-2.0972562,4.561406
159_Combinatoria_y_Grafos.txt.txt,0.04946853,2.085618
103_Coloquios_adm.txt.txt,-2.7964942,1.6628822
71_Identidad_Culinaria.txt.txt,-2.842691,3.9627419
120_Laboratorio_de_Creacion_1.txt.txt,-0.47130325,3.7454996
51_Introduccion_a_la_Hospitalidad.txt.txt,1.1545606,4.468599
175_Lenguaje_del_Cine.txt.txt,-1.5891232,5.7184486
19_Ingles_Nivel_5.txt.txt,-2.4568594,1.7491035
177_Cinematografia.txt.txt,-1.4718848,5.5893636
133_Taller_de_Arte_2.txt.txt,-2.2729447,3.7854087
6_Ingles_Nivel_1.txt.txt,-1.156153,1.9088943
179_Storytelling.txt.txt,-1.6488528,5.4089437
37_Redes_+Lab.txt.txt,0.8455398,3.3198345
146_Juegos_y_Narrativa.txt.txt,-2.122259,5.3246293
167_Topologia_2.txt.txt,-1.1584578,1.1447059
139_Taller_de_Arte_3.txt.txt,-1.9486321,3.8265324
33_Diseño_de_Sistemas.txt.txt,0.18381307,3.5257883
141_Temas_en_Comunicacion_y_Arte.txt.txt,-2.9961166,4.4871774
124_Teoria_Critica_1__Arte_&_Media.txt.txt,-3.4905078,4.312822
158_Teoria_de_Numeros.txt.txt,-0.75410026,0.48275965
