original_column,0,1,2
184_Ergonomia.txt.txt,0.07993184,1.8377687,9.716834
105_Marketing_Digital.txt.txt,0.07154732,2.834239,8.796681
32_Emprendimiento.txt.txt,-0.44331062,1.3634473,9.512948
185_Ingenieria_de_la_Calidad_+_Lab.txt.txt,-1.3005217,2.6780796,9.359011
24_Aprendizaje_y_Servicio_PASEC.txt.txt,-0.39959478,1.1964144,9.569264
34_Inteligencia_Artificial.txt.txt,0.67779315,2.8592741,9.424954
3_Calculo_Diferencial_+_Ej.txt.txt,0.83154905,0.9150754,10.281881
11_Ser_y_Cosmos.txt.txt,0.3060288,1.6886911,9.947632
89_Ensenanza_Integrada_de_CITIAM.txt.txt,0.19584265,2.4554574,9.7260065
155_Logica_y_Teoria_de_Conjuntos.txt.txt,0.47954863,3.1137528,10.985504
26_Electronica_Basica_+Lab.txt.txt,-1.0875701,2.722037,9.179858
7_Ingles_Nivel_2.txt.txt,0.37022495,2.1097271,9.856431
65_Alta_Cocina_Mundial.txt.txt,0.2395044,3.7707584,10.081279
110_Creatividad_Empresarial.txt.txt,-0.29067641,3.0811253,10.60231
101_Analisis_de_Datos.txt.txt,-0.24513668,1.8180132,8.991284
63_Servicio_y_Protocolo.txt.txt,0.31296095,2.3174262,9.972489
161_Algebra_Lineal_2.txt.txt,-0.4056413,0.94110566,10.153785
171_Barra_para_danza_contemporanea.txt.txt,-0.47961977,2.7356822,9.885692
"183_Procesos,_Metodos_y_Estandares.txt.txt",-1.4819809,2.3008828,10.078211
129_Coloquios_ART.txt.txt,-0.3719215,3.5940483,9.691342
67_Innovacion_Culinaria.txt.txt,0.57212496,2.10137,10.676082
116_Analisis_Estrategico_ADM.txt.txt,0.29181284,2.5403244,8.655111
10_Autoconocimiento.txt.txt,-0.5890251,1.9370017,10.522921
47_Conceptos_y_Tecnicas_1.txt.txt,1.0610359,1.7540836,10.232112
35_Base_de_Datos.txt.txt,-0.01924067,1.950053,10.439931
119_Composicion_Visual_1.txt.txt,-0.2376641,1.8448135,9.548344
79_Coloquios_EDU.txt.txt,1.123725,3.332439,10.515119
130_Arte_y_Contexto_Social.txt.txt,-1.1618214,3.863959,10.258266
178_Sonido.txt.txt,0.68830436,2.2642314,9.926218
44_Aplicaciones_Distribuidas.txt.txt,0.014035468,3.3789995,10.0331135
62_Pasteleria.txt.txt,-0.14518084,2.837066,9.123681
151_Ecuaciones_Diferenciales.txt.txt,0.72187734,1.9189513,11.330929
18_Calculo_Vectorial.txt.txt,0.9395279,1.1674763,9.074393
125_Nuevos_Medios.txt.txt,0.7386076,3.6517622,9.787375
100_Principios_de_Seguros.txt.txt,-0.005368079,2.534713,10.701293
36_Aprendizaje_Automatico.txt.txt,0.35792404,1.8701578,9.119528
72_Fundamentos_de_la_Educacion.txt.txt,-0.2671701,2.7618434,11.1713915
56_Carniceria.txt.txt,-0.87890285,2.1258037,9.894851
28_Probabilidad_y_Estadistica_+Ej.txt.txt,0.73950255,1.4913805,8.984682
58_Introduccion_a_la_Biologia_+Ej.txt.txt,0.9397805,2.0856054,10.056233
102_Principios_de_Finanzas.txt.txt,-0.5363497,1.3720577,10.590058
181_Inv._de_Operaciones_1_+Lab.txt.txt,0.7392179,1.6513108,9.084127
85_Arte_y_Educacion.txt.txt,-0.9219492,2.8087583,9.68402
186_Sistemas_Lean.txt.txt,-0.9189239,2.9601371,11.1008415
25_Cultura_Gastronomica.txt.txt,-0.63056266,2.332111,10.853371
4_Quimica_General_1_+Lab_Ej.txt.txt,-0.3704565,2.7643306,9.442659
138_Enfasis_3.txt.txt,1.8499155,3.0880206,11.172582
55_Administracion_de_A_&_B.txt.txt,-1.4560522,2.5182767,10.501157
64_Practica_Culinaria_2.txt.txt,-0.44510743,2.281102,8.545335
42_Seguridad_Informatica.txt.txt,-0.7169792,1.7665095,9.800567
135_Gestion_y_Produccion_Cultural.txt.txt,-0.58247477,3.242872,10.252221
162_Algebra_Abstracta_1.txt.txt,0.18921359,2.8485472,9.997984
99_Gerencia_de_Costos.txt.txt,-0.3960159,1.8280798,9.203522
17_Fisica_para_Ingenieria_1_+Lab_Ej.txt.txt,0.7069345,2.617944,10.74705
127_Laboratorio_de_Creacion_2.txt.txt,-0.013226122,1.9690506,10.745139
176_Lenguaje_Visual_y_Montaje.txt.txt,-0.85939103,2.1744378,8.491884
78_Planificacion_y_Evaluacion_2.txt.txt,-1.219016,1.7966475,9.021805
80_Ensenanza_de_Lenguaje.txt.txt,-0.036888998,3.6853113,8.87676
66_Reposteria_y_Chocolateria.txt.txt,-0.93583375,1.4909875,8.570413
30_Programacion_Avanzada_de_Apps.txt.txt,2.0029008,1.7713239,8.933183
53_Conceptos_y_Tecnicas_2_+PRA.txt.txt,-0.33287334,1.9211959,8.238217
54_Practica_Culinaria_1.txt.txt,0.609316,2.475082,9.204732
50_Nutricion_Humana_+Lab.txt.txt,-0.623345,2.8349059,8.306274
182_Control_de_Produccion.txt.txt,-1.812554,2.7494535,10.20375
60_Coloquios_Gastr.txt.txt,-1.105991,1.2837218,9.858441
118_Fundamentos_de_las_Artes.txt.txt,-0.1054888,0.8475183,9.464964
106_Negociacion.txt.txt,-0.021966796,2.8804288,7.7078495
164_Analisis_Funcional.txt.txt,1.6953257,2.8025217,9.333632
153_Introduccion_a_Probabilidades.txt.txt,-0.098015025,1.326369,8.177078
91_Inclusion_y_Diversidad.txt.txt,1.0414689,2.4993722,7.749871
117_Herramientas_Digitales_1.txt.txt,1.7548252,2.861335,10.135865
150_Variable_Compleja.txt.txt,1.4999257,1.6893308,8.610133
83_Ensenanza_de_Matematicas.txt.txt,2.0511715,2.857246,9.241076
165_Algebra_Abstracta_2.txt.txt,1.2014998,2.479934,8.5441265
140_Arte_y_Educacion___Curaduria.txt.txt,-1.4268162,3.4014554,9.068835
1_Escritura_Academica.txt.txt,-1.6754559,3.483029,10.886824
15_Matematicas_Discretas.txt.txt,0.12850942,4.556119,9.040749
115_Tributacion_y_Entorno_Legal.txt.txt,0.91045743,2.152003,10.24935
2_Taller_de_Ing._Cs._Computacion.txt.txt,1.1540875,1.7137203,7.9465494
93_Practica_4.txt.txt,0.3010517,3.09248,8.237554
12_Ingles_Nivel_3.txt.txt,1.1577022,3.9935472,9.241004
163_Geometria_Diferencial.txt.txt,0.778366,0.27868637,9.744994
22_Algebra_Lineal_1_+Ej.txt.txt,-0.29872844,0.35422084,9.813085
69_Administracion_de_Eventos.txt.txt,-1.2189245,2.4676774,11.230282
61_Alta_Cocina_Francesa.txt.txt,0.5613993,4.027366,9.051271
123_Fundamentos_de_Escultura.txt.txt,1.3194606,3.6861324,8.485073
126_Arte_Contemporaneo.txt.txt,-1.1560057,3.6639304,8.913643
86_Bilingualism.txt.txt,-0.5280817,4.618253,9.101669
180_Diseño_de_Produccion.txt.txt,0.3160164,4.4045258,10.7515545
97_Principios_de_Marketing.txt.txt,-1.0139847,2.0276976,11.565501
109_Investigacion_de_Mercados.txt.txt,0.36404717,3.9249825,8.389994
21_Programacion_de_Apps.txt.txt,2.4262164,2.0193987,9.227225
137_Matematicas_Cotidianas.txt.txt,-0.08458597,3.7934654,11.348985
169_Improvisacion.txt.txt,-0.1892079,4.6964455,9.818084
14_Programacion_Avanzada_en_C++.txt.txt,1.3460958,3.061806,8.979991
154_Fundamentos_de_Geometria.txt.txt,0.05170937,3.8032014,9.631151
13_Ingles_Nivel_4.txt.txt,0.048373017,4.0815363,8.320071
43_Mineria_de_Datos.txt.txt,0.6427631,1.4109435,7.906368
149_Teoria_de_Grupos.txt.txt,-0.37868103,3.7131472,10.857774
142_Produccion_&_Exhibicion.txt.txt,-0.3565419,3.7305374,8.924132
152_Calculo_para_Ciencias_2.txt.txt,1.1331224,0.8097407,9.523788
81_Practica_1.txt.txt,-0.34975195,3.0846667,9.454068
57_Alta_Cocina_Ecuatoriana.txt.txt,-0.108766474,2.9662254,11.491011
16_Introduccion_a_la_Economia.txt.txt,-0.9433505,4.201894,8.689449
75_Planificacion_y_Evaluacion_1.txt.txt,-0.8258089,4.218341,8.953181
8_Programacion_en_C++_+Ej.txt.txt,0.72047156,4.706664,9.941374
68_Enologia_y_Cocteleria.txt.txt,-0.7497875,3.9944513,7.97793
143_Programacion_Para_Diseño_1.txt.txt,1.664277,2.1967556,9.957528
108_Economia_y_Negocios.txt.txt,1.3434509,2.9866283,9.674373
98_Estadistica_Empresarial_+Lab.txt.txt,0.8115539,1.6185998,8.150738
82_Metodologias_de_Ensenanza.txt.txt,1.5220793,3.9425356,10.000452
160_Ecuaciones_Diferenciales_Parciales.txt.txt,0.2500213,2.8618047,11.836031
48_Principios_de_Administracion.txt.txt,0.16998005,0.77843726,8.781822
90_Practica_3.txt.txt,0.3652764,3.2859557,10.498666
52_Contabilidad_Empresarial.txt.txt,0.61423194,3.948144,11.099622
121_Dibujo_para_Arte_y_Diseno.txt.txt,-1.7468755,3.1270366,9.058816
76_Estadistica_para_CCSS.txt.txt,0.67658883,1.0995898,8.262142
45_Proyecto_Integrador_CMP.txt.txt,-0.5749564,3.663147,11.307771
131_Taller_de_Investigacion.txt.txt,-0.61968344,3.6068692,8.145504
84_Ensenanza_de_Ciencias_Sociales.txt.txt,-0.5527891,4.3317423,10.445575
9_Calculo_Integral_+_Ej.txt.txt,1.3234828,1.2812171,9.862557
23_Fisica_para_Ingenieria_2_+Lab_Ej.txt.txt,0.89490277,3.7807631,10.431169
132_Enfasis_1.txt.txt,1.7344879,3.4803166,11.592911
107_Operaciones_+Lab.txt.txt,1.9291121,1.8926077,10.070056
145_Programacion_Para_Diseño_3.txt.txt,1.6773833,1.8914984,10.813807
94_Zoologia_+Lab.txt.txt,0.35955858,2.2225387,11.612805
113_Negocios_Internacionales.txt.txt,-1.6442938,2.3017204,10.856213
20_Ingles_Nivel_6.txt.txt,-0.7214795,4.518306,10.172142
112_Gestion_del_Talento.txt.txt,-2.14436,2.2026544,10.16856
77_Neurociencia_y_Educacion.txt.txt,1.5120114,1.6531402,9.422655
166_Topologia_1.txt.txt,1.5553807,1.3170236,10.681838
95_Fisiologia_+Lab.txt.txt,-0.42468393,2.2877307,9.900111
134_Enfasis_2.txt.txt,2.1789548,3.3684483,11.358174
148_Calculo_para_Ciencias_1.txt.txt,1.1672524,0.6496293,10.297406
31_Organizacion_de_Computadores.txt.txt,1.0032334,1.1772431,10.667415
46_Matematica_Empresarial_+Ej.txt.txt,0.836051,3.198984,11.256214
147_Modelado_3D_1.txt.txt,0.2951785,1.0025245,8.981597
114_Innovacion_y_Sustentabilidad.txt.txt,-0.018203825,1.8816866,8.343702
39_Proyectos__Gerencia_y_Analisis.txt.txt,0.3197592,1.4096986,10.834202
27_Estructuras_de_Datos.txt.txt,-0.88281435,0.86558044,10.115599
87_Practica_2.txt.txt,-0.30979052,1.9759078,11.003179
174_Proyecto_final_en_Danza.txt.txt,-0.7758386,3.2881155,9.240757
173_Performance.txt.txt,-0.88080674,0.9671034,10.491556
96_Evolucion.txt.txt,0.89584124,3.904842,9.347864
41_Coloquios_ING.txt.txt,-1.7603774,1.283932,10.021747
59_Introduccion_al_Marketing_HSP.txt.txt,-0.66874444,1.6113167,11.231489
111_Proyectos_Empresariales.txt.txt,-2.0579798,2.1811452,9.238023
157_Analisis_Numerico.txt.txt,0.7209353,1.1623778,10.959657
88_Ensenanza_de_Ciencias.txt.txt,0.18320388,0.70798695,10.6216135
104_Finanzas_Corporativas.txt.txt,-1.314569,2.9730318,10.47312
156_Inferencia_Estadistica.txt.txt,1.1496919,2.1909113,9.248984
29_Teoria_de_la_Computacion.txt.txt,0.4246586,1.1062485,11.355954
73_Teorias_del_Aprendizaje.txt.txt,0.7591611,3.4469123,8.407041
168_Analisis_Real.txt.txt,1.0810286,0.5238025,9.309439
74_Desarrollo__Niño_y_Adolescente.txt.txt,-1.3257092,3.166884,9.872956
92_Proyecto_Integrador_EDU.txt.txt,-1.2842041,1.4212756,10.65655
38_Sistemas_Operativos.txt.txt,1.2409548,2.2037697,10.906383
40_Practica_Pre-Profesional_PASEM.txt.txt,-0.7409607,0.8835551,9.115121
70_Gerencia_Financiera_HSP.txt.txt,-0.7096536,1.1559341,8.545634
172_Composicion.txt.txt,-0.6747929,2.574527,7.516469
136_Laboratorio_de_Creacion_3.txt.txt,-0.510114,0.80824655,10.643697
5_Cosmos.txt.txt,-0.80355066,2.2086778,10.258008
122_Fotografia_1.txt.txt,1.9584466,2.6431212,10.512094
128_Taller_de_Arte_1.txt.txt,-0.842222,3.2215402,7.6722274
49_Panaderia.txt.txt,-0.27485123,3.0569828,8.131763
144_Programacion_Para_Diseño_2.txt.txt,1.7306162,2.0729935,9.066447
170_Danza_Moderna_2.txt.txt,1.4471935,4.328329,9.206053
159_Combinatoria_y_Grafos.txt.txt,-1.996925,2.6259542,9.4282
103_Coloquios_adm.txt.txt,0.2929788,0.67068,9.756218
71_Identidad_Culinaria.txt.txt,-1.3620998,4.4992547,9.996261
120_Laboratorio_de_Creacion_1.txt.txt,-1.8079941,2.2998195,8.549783
51_Introduccion_a_la_Hospitalidad.txt.txt,-0.30279207,2.105025,11.861379
175_Lenguaje_del_Cine.txt.txt,-1.392965,1.2440548,9.193358
19_Ingles_Nivel_5.txt.txt,-1.8997799,3.476792,9.44582
177_Cinematografia.txt.txt,-1.1775594,2.5643556,7.9965816
133_Taller_de_Arte_2.txt.txt,0.47927463,2.646985,7.845553
6_Ingles_Nivel_1.txt.txt,1.7538177,3.2567973,9.755416
179_Storytelling.txt.txt,0.974108,2.4972684,8.7612095
37_Redes_+Lab.txt.txt,-1.3996793,3.454475,9.367275
146_Juegos_y_Narrativa.txt.txt,-1.4355068,1.8339949,10.276252
167_Topologia_2.txt.txt,-0.08873777,0.67052126,8.399433
139_Taller_de_Arte_3.txt.txt,-1.1526471,2.9374645,8.250429
33_Diseño_de_Sistemas.txt.txt,-1.2391661,1.99998,8.727415
141_Temas_en_Comunicacion_y_Arte.txt.txt,0.009543356,4.4164243,9.6730995
124_Teoria_Critica_1__Arte_&_Media.txt.txt,-0.9281127,4.820807,9.909916
158_Teoria_de_Numeros.txt.txt,-1.181028,3.829417,10.651442
