original_column,0,1,2
184_Ergonomia.txt.txt,3.1134543,12.0439625,4.969023
105_Marketing_Digital.txt.txt,3.8194304,11.941502,5.0898514
32_Emprendimiento.txt.txt,3.9444354,12.215548,4.5792093
185_Ingenieria_de_la_Calidad_+_Lab.txt.txt,3.2461014,12.826775,4.431319
24_Aprendizaje_y_Servicio_PASEC.txt.txt,3.751077,12.60488,5.151628
34_Inteligencia_Artificial.txt.txt,3.5919747,12.69498,4.18179
3_Calculo_Diferencial_+_Ej.txt.txt,2.5173068,12.522142,5.2114134
11_Ser_y_Cosmos.txt.txt,2.864688,12.317337,4.6253314
89_Ensenanza_Integrada_de_CITIAM.txt.txt,3.2430458,12.874174,4.8167796
155_Logica_y_Teoria_de_Conjuntos.txt.txt,3.3423712,12.029931,4.06034
26_Electronica_Basica_+Lab.txt.txt,2.6274657,12.074621,4.9277678
7_Ingles_Nivel_2.txt.txt,3.4353766,11.882583,4.6394444
65_Alta_Cocina_Mundial.txt.txt,2.9933834,11.697426,4.6192617
110_Creatividad_Empresarial.txt.txt,3.504852,11.593362,4.462844
101_Analisis_de_Datos.txt.txt,4.0967894,12.50568,4.4552784
63_Servicio_y_Protocolo.txt.txt,4.0730014,12.143063,4.608702
161_Algebra_Lineal_2.txt.txt,3.361333,11.337041,5.2589993
171_Barra_para_danza_contemporanea.txt.txt,2.7952237,12.037771,4.5454063
"183_Procesos,_Metodos_y_Estandares.txt.txt",3.859416,13.066127,4.7419996
129_Coloquios_ART.txt.txt,2.920747,12.606991,4.342677
67_Innovacion_Culinaria.txt.txt,3.5099978,11.741487,4.588756
116_Analisis_Estrategico_ADM.txt.txt,2.84232,11.966198,4.8175077
10_Autoconocimiento.txt.txt,3.7938242,11.891165,4.3739552
47_Conceptos_y_Tecnicas_1.txt.txt,3.9384487,12.514285,4.721769
35_Base_de_Datos.txt.txt,3.2015684,12.241353,4.680384
119_Composicion_Visual_1.txt.txt,3.3550303,12.223737,4.007002
79_Coloquios_EDU.txt.txt,3.1910698,13.114353,5.4179945
130_Arte_y_Contexto_Social.txt.txt,2.9751134,12.820094,5.260049
178_Sonido.txt.txt,3.2754548,12.556353,4.7974763
44_Aplicaciones_Distribuidas.txt.txt,3.5627596,11.942362,5.1699142
62_Pasteleria.txt.txt,3.7474163,12.528797,4.4435987
151_Ecuaciones_Diferenciales.txt.txt,3.1437242,13.058444,5.2666044
18_Calculo_Vectorial.txt.txt,3.3980582,12.146443,5.6688247
125_Nuevos_Medios.txt.txt,2.6639638,12.812245,4.703289
100_Principios_de_Seguros.txt.txt,3.149898,12.615574,4.594229
36_Aprendizaje_Automatico.txt.txt,4.03101,12.232959,5.002137
72_Fundamentos_de_la_Educacion.txt.txt,3.237792,12.282039,5.238367
56_Carniceria.txt.txt,3.7127233,12.246044,4.9733725
28_Probabilidad_y_Estadistica_+Ej.txt.txt,4.5391445,12.292862,5.0257287
58_Introduccion_a_la_Biologia_+Ej.txt.txt,3.2012587,12.691835,5.221504
102_Principios_de_Finanzas.txt.txt,3.2118776,11.700489,4.7770042
181_Inv._de_Operaciones_1_+Lab.txt.txt,2.8903656,12.907076,4.630432
85_Arte_y_Educacion.txt.txt,3.6863062,11.9166975,4.70749
186_Sistemas_Lean.txt.txt,3.870388,12.61113,5.391343
25_Cultura_Gastronomica.txt.txt,3.3349626,12.494328,5.2627707
4_Quimica_General_1_+Lab_Ej.txt.txt,3.5095012,12.444327,4.390211
138_Enfasis_3.txt.txt,3.6510375,13.451875,3.93127
55_Administracion_de_A_&_B.txt.txt,3.6153054,12.920565,5.0169597
64_Practica_Culinaria_2.txt.txt,4.124,12.455771,4.1876636
42_Seguridad_Informatica.txt.txt,3.027395,12.278513,5.2235155
135_Gestion_y_Produccion_Cultural.txt.txt,4.231816,12.766737,5.0571284
162_Algebra_Abstracta_1.txt.txt,3.3427656,13.123418,5.5803065
99_Gerencia_de_Costos.txt.txt,2.9326265,12.202813,4.131221
17_Fisica_para_Ingenieria_1_+Lab_Ej.txt.txt,3.089728,12.435455,5.4723105
127_Laboratorio_de_Creacion_2.txt.txt,4.122156,11.755957,4.969678
176_Lenguaje_Visual_y_Montaje.txt.txt,3.6757462,12.633058,4.503443
78_Planificacion_y_Evaluacion_2.txt.txt,4.1561074,12.380704,4.817409
80_Ensenanza_de_Lenguaje.txt.txt,3.2879486,13.181775,4.6043363
66_Reposteria_y_Chocolateria.txt.txt,4.2806244,11.819409,4.6030006
30_Programacion_Avanzada_de_Apps.txt.txt,3.8965023,12.303874,3.2760956
53_Conceptos_y_Tecnicas_2_+PRA.txt.txt,4.1212215,12.140123,3.9282598
54_Practica_Culinaria_1.txt.txt,3.7562535,13.356621,4.715287
50_Nutricion_Humana_+Lab.txt.txt,3.3962598,12.172133,4.3749514
182_Control_de_Produccion.txt.txt,3.8822174,12.98561,5.167842
60_Coloquios_Gastr.txt.txt,2.7064383,13.511264,4.6731057
118_Fundamentos_de_las_Artes.txt.txt,3.1123848,11.985562,4.023614
106_Negociacion.txt.txt,4.31104,13.184518,5.0462813
164_Analisis_Funcional.txt.txt,2.6648118,12.597701,4.167446
153_Introduccion_a_Probabilidades.txt.txt,2.7189753,11.581885,4.8115706
91_Inclusion_y_Diversidad.txt.txt,3.8299694,11.161338,4.30261
117_Herramientas_Digitales_1.txt.txt,3.2738676,13.094895,3.8953755
150_Variable_Compleja.txt.txt,3.5832443,12.221399,5.7681885
83_Ensenanza_de_Matematicas.txt.txt,2.2033484,11.866921,4.949305
165_Algebra_Abstracta_2.txt.txt,3.2782774,11.68623,5.6539493
140_Arte_y_Educacion___Curaduria.txt.txt,3.851566,13.498046,4.3719516
1_Escritura_Academica.txt.txt,3.67703,13.356725,4.861687
15_Matematicas_Discretas.txt.txt,2.484937,12.999455,5.013733
115_Tributacion_y_Entorno_Legal.txt.txt,3.6462898,11.490859,5.5271544
2_Taller_de_Ing._Cs._Computacion.txt.txt,3.1690245,11.518537,3.9704545
93_Practica_4.txt.txt,4.0250196,13.463477,5.0286336
12_Ingles_Nivel_3.txt.txt,2.6483994,11.620235,5.4616985
163_Geometria_Diferencial.txt.txt,2.6694643,12.79672,5.4869413
22_Algebra_Lineal_1_+Ej.txt.txt,3.299452,11.306615,5.471685
69_Administracion_de_Eventos.txt.txt,2.98782,13.304976,4.293341
61_Alta_Cocina_Francesa.txt.txt,3.8159392,11.762465,5.257514
123_Fundamentos_de_Escultura.txt.txt,2.2036345,12.553672,4.5490055
126_Arte_Contemporaneo.txt.txt,2.6428685,12.222668,3.9485273
86_Bilingualism.txt.txt,4.0401044,12.011468,5.8879457
180_Diseño_de_Produccion.txt.txt,3.4898472,11.661945,3.6159382
97_Principios_de_Marketing.txt.txt,4.059238,11.634178,4.704322
109_Investigacion_de_Mercados.txt.txt,3.7582474,13.782217,4.3537207
21_Programacion_de_Apps.txt.txt,3.7672117,12.4738245,3.1721752
137_Matematicas_Cotidianas.txt.txt,3.3149126,13.137381,4.5338583
169_Improvisacion.txt.txt,2.7448153,11.525512,4.2035766
14_Programacion_Avanzada_en_C++.txt.txt,4.2341228,12.0109005,3.8107176
154_Fundamentos_de_Geometria.txt.txt,2.9849503,12.167751,5.755436
13_Ingles_Nivel_4.txt.txt,4.260616,11.625239,3.934877
43_Mineria_de_Datos.txt.txt,4.7704635,12.134291,4.394661
149_Teoria_de_Grupos.txt.txt,2.219706,12.524322,4.407957
142_Produccion_&_Exhibicion.txt.txt,3.216578,12.96759,3.6830966
152_Calculo_para_Ciencias_2.txt.txt,3.9244015,12.487533,5.7435436
81_Practica_1.txt.txt,4.2953954,13.259778,4.4243627
57_Alta_Cocina_Ecuatoriana.txt.txt,4.4367523,12.708546,4.0625334
16_Introduccion_a_la_Economia.txt.txt,4.1787906,11.224694,4.3080616
75_Planificacion_y_Evaluacion_1.txt.txt,4.060869,13.212362,3.8347127
8_Programacion_en_C++_+Ej.txt.txt,3.4813387,12.710313,3.6218781
68_Enologia_y_Cocteleria.txt.txt,3.3877964,13.691449,4.8178005
143_Programacion_Para_Diseño_1.txt.txt,3.833434,12.917909,4.030605
108_Economia_y_Negocios.txt.txt,3.5890021,12.653243,5.6194944
98_Estadistica_Empresarial_+Lab.txt.txt,4.76716,11.996974,4.608905
82_Metodologias_de_Ensenanza.txt.txt,2.1574826,11.778003,4.774129
160_Ecuaciones_Diferenciales_Parciales.txt.txt,2.638238,11.6588,4.018255
48_Principios_de_Administracion.txt.txt,2.589031,11.937906,5.564381
90_Practica_3.txt.txt,4.633824,12.588666,5.2884693
52_Contabilidad_Empresarial.txt.txt,4.17955,13.074812,5.4881873
121_Dibujo_para_Arte_y_Diseno.txt.txt,4.1970544,12.013623,4.239706
76_Estadistica_para_CCSS.txt.txt,4.9513264,12.391586,4.799413
45_Proyecto_Integrador_CMP.txt.txt,2.9928288,12.752604,3.5540235
131_Taller_de_Investigacion.txt.txt,4.1342983,13.443527,4.4095182
84_Ensenanza_de_Ciencias_Sociales.txt.txt,2.6869898,13.167277,5.6425905
9_Calculo_Integral_+_Ej.txt.txt,3.0835342,11.807774,5.6751666
23_Fisica_para_Ingenieria_2_+Lab_Ej.txt.txt,2.6603403,11.365094,5.20842
132_Enfasis_1.txt.txt,3.504851,13.654432,3.7715397
107_Operaciones_+Lab.txt.txt,2.8778725,11.481213,4.8944063
145_Programacion_Para_Diseño_3.txt.txt,4.5493064,13.023527,4.865834
94_Zoologia_+Lab.txt.txt,1.9311515,12.346069,4.929504
113_Negocios_Internacionales.txt.txt,2.6947587,11.941677,3.5936978
20_Ingles_Nivel_6.txt.txt,4.3756304,11.296302,4.6387134
112_Gestion_del_Talento.txt.txt,3.7133667,11.916096,3.9504082
77_Neurociencia_y_Educacion.txt.txt,3.2282097,13.633629,5.1073074
166_Topologia_1.txt.txt,2.9926796,12.720999,6.1091604
95_Fisiologia_+Lab.txt.txt,2.680631,12.421785,5.877767
134_Enfasis_2.txt.txt,3.7322466,13.629174,3.9595807
148_Calculo_para_Ciencias_1.txt.txt,2.4897244,12.89019,5.3461127
31_Organizacion_de_Computadores.txt.txt,3.1382036,12.118185,6.1418085
46_Matematica_Empresarial_+Ej.txt.txt,4.026521,13.374936,5.4003415
147_Modelado_3D_1.txt.txt,3.235021,12.176156,3.3985586
114_Innovacion_y_Sustentabilidad.txt.txt,2.256764,12.978976,4.564777
39_Proyectos__Gerencia_y_Analisis.txt.txt,2.3342602,12.148675,4.2014203
27_Estructuras_de_Datos.txt.txt,2.7086496,11.368925,3.897487
87_Practica_2.txt.txt,3.636371,13.253544,5.6704907
174_Proyecto_final_en_Danza.txt.txt,2.6377463,12.887381,3.8544724
173_Performance.txt.txt,3.5361564,13.067858,5.89023
96_Evolucion.txt.txt,3.0753593,12.89374,3.9273899
41_Coloquios_ING.txt.txt,2.5868394,13.594801,4.573583
59_Introduccion_al_Marketing_HSP.txt.txt,4.652103,12.619081,4.721791
111_Proyectos_Empresariales.txt.txt,2.435746,12.629763,4.7417984
157_Analisis_Numerico.txt.txt,4.5950217,12.152447,5.486039
88_Ensenanza_de_Ciencias.txt.txt,2.2822275,12.665136,5.221884
104_Finanzas_Corporativas.txt.txt,4.0766015,11.619163,5.373797
156_Inferencia_Estadistica.txt.txt,4.708117,12.499747,4.5186906
29_Teoria_de_la_Computacion.txt.txt,4.665289,12.819159,4.296697
73_Teorias_del_Aprendizaje.txt.txt,3.9563851,12.788291,3.913272
168_Analisis_Real.txt.txt,2.431712,12.568535,4.004505
74_Desarrollo__Niño_y_Adolescente.txt.txt,3.4634202,11.0120325,4.4494467
92_Proyecto_Integrador_EDU.txt.txt,3.4326663,12.338086,3.494086
38_Sistemas_Operativos.txt.txt,4.0844393,11.716889,5.882911
40_Practica_Pre-Profesional_PASEM.txt.txt,4.3261085,11.53005,3.9508336
70_Gerencia_Financiera_HSP.txt.txt,3.6251965,11.408895,3.954485
172_Composicion.txt.txt,3.6393275,12.199188,3.7016695
136_Laboratorio_de_Creacion_3.txt.txt,2.3117247,11.622549,4.432979
5_Cosmos.txt.txt,3.0378187,11.223418,4.637611
122_Fotografia_1.txt.txt,3.259642,13.38345,4.2450113
128_Taller_de_Arte_1.txt.txt,4.238219,12.331368,3.5921357
49_Panaderia.txt.txt,4.2753835,11.395011,4.7781324
144_Programacion_Para_Diseño_2.txt.txt,4.409416,12.62466,3.6130888
170_Danza_Moderna_2.txt.txt,3.6145473,11.625575,3.482421
159_Combinatoria_y_Grafos.txt.txt,3.6170938,11.048334,5.030059
103_Coloquios_adm.txt.txt,3.6346626,13.553174,5.338738
71_Identidad_Culinaria.txt.txt,2.1578252,12.20904,5.4142036
120_Laboratorio_de_Creacion_1.txt.txt,2.1945627,12.022139,4.2033873
51_Introduccion_a_la_Hospitalidad.txt.txt,3.272544,12.39493,6.181236
175_Lenguaje_del_Cine.txt.txt,4.1284156,11.347378,5.2724576
19_Ingles_Nivel_5.txt.txt,2.8737047,10.975172,4.8358097
177_Cinematografia.txt.txt,4.203016,12.667474,5.4800873
133_Taller_de_Arte_2.txt.txt,3.799236,11.146174,4.131342
6_Ingles_Nivel_1.txt.txt,4.500843,11.897951,3.674982
179_Storytelling.txt.txt,3.0632591,11.12189,3.9660373
37_Redes_+Lab.txt.txt,4.461145,12.013741,5.546268
146_Juegos_y_Narrativa.txt.txt,2.9652154,11.727612,3.6573849
167_Topologia_2.txt.txt,2.7646947,13.317144,3.9589117
139_Taller_de_Arte_3.txt.txt,4.7187514,12.495439,3.9640315
33_Diseño_de_Sistemas.txt.txt,4.706717,11.711955,5.171763
141_Temas_en_Comunicacion_y_Arte.txt.txt,2.008837,12.028986,4.7378364
124_Teoria_Critica_1__Arte_&_Media.txt.txt,2.649257,13.451687,5.2203484
158_Teoria_de_Numeros.txt.txt,4.3257895,12.489682,5.8981113
