original_column,0,1
184_Ergonomia.txt.txt,4.7392335,0.87479246
105_Marketing_Digital.txt.txt,3.4441135,0.6984363
32_Emprendimiento.txt.txt,3.1875718,1.8155005
185_Ingenieria_de_la_Calidad_+_Lab.txt.txt,4.54841,3.029693
24_Aprendizaje_y_Servicio_PASEC.txt.txt,2.0168939,0.074452974
34_Inteligencia_Artificial.txt.txt,2.8070292,1.896162
3_Calculo_Diferencial_+_Ej.txt.txt,1.344754,3.139263
11_Ser_y_Cosmos.txt.txt,1.1810426,-0.14933124
89_Ensenanza_Integrada_de_CITIAM.txt.txt,1.912831,-0.08683304
155_Logica_y_Teoria_de_Conjuntos.txt.txt,1.1290342,1.4145423
26_Electronica_Basica_+Lab.txt.txt,4.14783,2.9518309
7_Ingles_Nivel_2.txt.txt,2.8902373,0.36952034
65_Alta_Cocina_Mundial.txt.txt,4.5229683,1.1005152
110_Creatividad_Empresarial.txt.txt,3.911289,1.0998704
101_Analisis_de_Datos.txt.txt,3.118929,3.269619
63_Servicio_y_Protocolo.txt.txt,4.3128247,2.4893546
161_Algebra_Lineal_2.txt.txt,1.0020621,1.94285
171_Barra_para_danza_contemporanea.txt.txt,4.747537,-1.4922612
"183_Procesos,_Metodos_y_Estandares.txt.txt",5.3905134,2.408945
129_Coloquios_ART.txt.txt,1.2531188,-0.6666355
67_Innovacion_Culinaria.txt.txt,4.808426,1.9723431
116_Analisis_Estrategico_ADM.txt.txt,2.7902641,1.0849828
10_Autoconocimiento.txt.txt,3.2784307,0.2874248
47_Conceptos_y_Tecnicas_1.txt.txt,5.7316947,2.431655
35_Base_de_Datos.txt.txt,5.016506,3.9981532
119_Composicion_Visual_1.txt.txt,5.646517,-0.50764585
79_Coloquios_EDU.txt.txt,1.7877742,-1.490518
130_Arte_y_Contexto_Social.txt.txt,3.3460355,-0.70965356
178_Sonido.txt.txt,6.022786,0.6564214
44_Aplicaciones_Distribuidas.txt.txt,4.133454,2.4494715
62_Pasteleria.txt.txt,6.1420608,2.5000496
151_Ecuaciones_Diferenciales.txt.txt,1.7100338,2.5291038
18_Calculo_Vectorial.txt.txt,0.85116833,2.5412402
125_Nuevos_Medios.txt.txt,4.5989027,-0.99551535
100_Principios_de_Seguros.txt.txt,4.106915,2.0860162
36_Aprendizaje_Automatico.txt.txt,3.453461,1.998635
72_Fundamentos_de_la_Educacion.txt.txt,2.037329,-0.8347011
56_Carniceria.txt.txt,5.694321,3.2657819
28_Probabilidad_y_Estadistica_+Ej.txt.txt,1.7503636,3.7366953
58_Introduccion_a_la_Biologia_+Ej.txt.txt,2.2867813,2.1630962
102_Principios_de_Finanzas.txt.txt,4.045749,0.8978679
181_Inv._de_Operaciones_1_+Lab.txt.txt,3.4130814,2.5722477
85_Arte_y_Educacion.txt.txt,2.296931,-1.7049562
186_Sistemas_Lean.txt.txt,5.137211,3.0544498
25_Cultura_Gastronomica.txt.txt,2.6175451,0.7189092
4_Quimica_General_1_+Lab_Ej.txt.txt,2.6663547,3.1206179
138_Enfasis_3.txt.txt,3.4864516,-0.96514773
55_Administracion_de_A_&_B.txt.txt,4.548381,3.655291
64_Practica_Culinaria_2.txt.txt,4.990091,1.4925336
42_Seguridad_Informatica.txt.txt,4.312445,3.2770033
135_Gestion_y_Produccion_Cultural.txt.txt,3.1973,1.0249554
162_Algebra_Abstracta_1.txt.txt,0.29533023,1.3734602
99_Gerencia_de_Costos.txt.txt,3.9104793,3.0275247
17_Fisica_para_Ingenieria_1_+Lab_Ej.txt.txt,2.5472825,2.65448
127_Laboratorio_de_Creacion_2.txt.txt,5.0366607,0.10159403
176_Lenguaje_Visual_y_Montaje.txt.txt,6.4468284,-0.104072005
78_Planificacion_y_Evaluacion_2.txt.txt,2.4108813,-0.35804594
80_Ensenanza_de_Lenguaje.txt.txt,2.6550457,-0.9776793
66_Reposteria_y_Chocolateria.txt.txt,6.1914415,1.3893092
30_Programacion_Avanzada_de_Apps.txt.txt,5.004016,2.5977366
53_Conceptos_y_Tecnicas_2_+PRA.txt.txt,5.183519,1.3458139
54_Practica_Culinaria_1.txt.txt,5.0841985,2.190879
50_Nutricion_Humana_+Lab.txt.txt,3.262345,1.6226128
182_Control_de_Produccion.txt.txt,5.814946,3.0924048
60_Coloquios_Gastr.txt.txt,1.7886537,0.5258687
118_Fundamentos_de_las_Artes.txt.txt,2.7944171,0.4642926
106_Negociacion.txt.txt,4.16781,4.2878504
164_Analisis_Funcional.txt.txt,1.2290859,2.278839
153_Introduccion_a_Probabilidades.txt.txt,1.2034632,2.757971
91_Inclusion_y_Diversidad.txt.txt,2.8974564,-0.1739168
117_Herramientas_Digitales_1.txt.txt,5.817679,0.38754278
150_Variable_Compleja.txt.txt,0.5337168,1.8887539
83_Ensenanza_de_Matematicas.txt.txt,1.8707168,-1.211199
165_Algebra_Abstracta_2.txt.txt,0.9364538,1.1323147
140_Arte_y_Educacion___Curaduria.txt.txt,3.966051,-0.36028844
1_Escritura_Academica.txt.txt,3.9297855,-0.37381658
15_Matematicas_Discretas.txt.txt,1.2835517,1.3758336
115_Tributacion_y_Entorno_Legal.txt.txt,4.535326,1.7007178
2_Taller_de_Ing._Cs._Computacion.txt.txt,4.7235746,0.64745843
93_Practica_4.txt.txt,4.0368834,-0.4163965
12_Ingles_Nivel_3.txt.txt,3.3338532,-0.27230972
163_Geometria_Diferencial.txt.txt,0.501009,2.6162052
22_Algebra_Lineal_1_+Ej.txt.txt,1.3721354,3.3392982
69_Administracion_de_Eventos.txt.txt,3.4301705,1.8378117
61_Alta_Cocina_Francesa.txt.txt,5.785535,1.5229975
123_Fundamentos_de_Escultura.txt.txt,5.4400373,0.22374634
126_Arte_Contemporaneo.txt.txt,4.711412,-1.4225574
86_Bilingualism.txt.txt,2.853154,-1.2212793
180_Diseño_de_Produccion.txt.txt,6.2730885,0.26114905
97_Principios_de_Marketing.txt.txt,3.8118885,1.3500689
109_Investigacion_de_Mercados.txt.txt,3.581113,4.043594
21_Programacion_de_Apps.txt.txt,5.265685,3.6997037
137_Matematicas_Cotidianas.txt.txt,1.854413,1.9335389
169_Improvisacion.txt.txt,5.4863033,-1.2671775
14_Programacion_Avanzada_en_C++.txt.txt,6.6154943,1.9065671
154_Fundamentos_de_Geometria.txt.txt,0.39335012,0.95301926
13_Ingles_Nivel_4.txt.txt,3.2881944,-0.8691875
43_Mineria_de_Datos.txt.txt,3.086243,3.3604794
149_Teoria_de_Grupos.txt.txt,0.7170525,0.85906553
142_Produccion_&_Exhibicion.txt.txt,4.637187,0.4642949
152_Calculo_para_Ciencias_2.txt.txt,1.1597757,2.5869288
81_Practica_1.txt.txt,3.9185638,0.10179197
57_Alta_Cocina_Ecuatoriana.txt.txt,5.6594386,1.7289239
16_Introduccion_a_la_Economia.txt.txt,3.2508278,2.676845
75_Planificacion_y_Evaluacion_1.txt.txt,2.4751563,-0.14444354
8_Programacion_en_C++_+Ej.txt.txt,2.0750177,2.5551822
68_Enologia_y_Cocteleria.txt.txt,5.2430363,2.002947
143_Programacion_Para_Diseño_1.txt.txt,6.8323865,1.2300094
108_Economia_y_Negocios.txt.txt,2.6490235,2.4251306
98_Estadistica_Empresarial_+Lab.txt.txt,2.9452252,4.150789
82_Metodologias_de_Ensenanza.txt.txt,2.4769654,-1.2335745
160_Ecuaciones_Diferenciales_Parciales.txt.txt,1.5516726,1.6725426
48_Principios_de_Administracion.txt.txt,3.552353,2.4366019
90_Practica_3.txt.txt,3.701196,-1.2593925
52_Contabilidad_Empresarial.txt.txt,3.251848,3.4586685
121_Dibujo_para_Arte_y_Diseno.txt.txt,4.830437,0.79757667
76_Estadistica_para_CCSS.txt.txt,2.3066206,4.138742
45_Proyecto_Integrador_CMP.txt.txt,4.160416,0.7402311
131_Taller_de_Investigacion.txt.txt,4.5660086,-0.32739004
84_Ensenanza_de_Ciencias_Sociales.txt.txt,2.5234401,-1.7081466
9_Calculo_Integral_+_Ej.txt.txt,0.9403719,3.2491713
23_Fisica_para_Ingenieria_2_+Lab_Ej.txt.txt,2.6416178,3.2527988
132_Enfasis_1.txt.txt,3.170722,-1.7704902
107_Operaciones_+Lab.txt.txt,2.4930131,2.3153372
145_Programacion_Para_Diseño_3.txt.txt,5.6745977,0.9761694
94_Zoologia_+Lab.txt.txt,1.7864873,1.1142238
113_Negocios_Internacionales.txt.txt,3.3588777,0.9180794
20_Ingles_Nivel_6.txt.txt,4.126121,-1.325051
112_Gestion_del_Talento.txt.txt,3.0681624,1.0543711
77_Neurociencia_y_Educacion.txt.txt,1.5302589,-0.5622632
166_Topologia_1.txt.txt,-0.06933676,2.105124
95_Fisiologia_+Lab.txt.txt,2.4676251,1.4155794
134_Enfasis_2.txt.txt,3.2769094,-0.113852784
148_Calculo_para_Ciencias_1.txt.txt,0.808385,3.187592
31_Organizacion_de_Computadores.txt.txt,4.1522875,3.5789354
46_Matematica_Empresarial_+Ej.txt.txt,2.214451,3.5259464
147_Modelado_3D_1.txt.txt,5.9462657,2.2444987
114_Innovacion_y_Sustentabilidad.txt.txt,2.1754427,0.65237457
39_Proyectos__Gerencia_y_Analisis.txt.txt,3.8890464,2.9315493
27_Estructuras_de_Datos.txt.txt,2.8738153,3.845039
87_Practica_2.txt.txt,3.645484,-0.6639662
174_Proyecto_final_en_Danza.txt.txt,5.0803704,-0.73197347
173_Performance.txt.txt,4.6445603,-0.8728913
96_Evolucion.txt.txt,2.2641282,1.4110006
41_Coloquios_ING.txt.txt,1.5345424,0.1818346
59_Introduccion_al_Marketing_HSP.txt.txt,3.615165,1.7646936
111_Proyectos_Empresariales.txt.txt,4.2159104,1.7391772
157_Analisis_Numerico.txt.txt,1.905727,2.921785
88_Ensenanza_de_Ciencias.txt.txt,1.5417173,-1.1355324
104_Finanzas_Corporativas.txt.txt,3.686615,1.0920612
156_Inferencia_Estadistica.txt.txt,2.1499887,3.9618928
29_Teoria_de_la_Computacion.txt.txt,2.1812522,1.4995922
73_Teorias_del_Aprendizaje.txt.txt,2.0706584,-1.2330207
168_Analisis_Real.txt.txt,-0.042785913,1.9477348
74_Desarrollo__Niño_y_Adolescente.txt.txt,2.2586048,-0.29598778
92_Proyecto_Integrador_EDU.txt.txt,3.6399791,0.42112628
38_Sistemas_Operativos.txt.txt,4.9310803,2.9217677
40_Practica_Pre-Profesional_PASEM.txt.txt,4.255097,0.32128376
70_Gerencia_Financiera_HSP.txt.txt,3.5441105,3.9522734
172_Composicion.txt.txt,5.8238597,-0.9550583
136_Laboratorio_de_Creacion_3.txt.txt,5.285514,0.65232694
5_Cosmos.txt.txt,0.8952795,0.23631282
122_Fotografia_1.txt.txt,5.3836193,1.0907035
128_Taller_de_Arte_1.txt.txt,5.339141,-0.34795696
49_Panaderia.txt.txt,5.266717,2.6284585
144_Programacion_Para_Diseño_2.txt.txt,6.442143,1.5921191
170_Danza_Moderna_2.txt.txt,5.129665,-1.7534939
159_Combinatoria_y_Grafos.txt.txt,2.3660975,2.3544095
103_Coloquios_adm.txt.txt,1.8789399,0.80096525
71_Identidad_Culinaria.txt.txt,3.9032028,0.21216977
120_Laboratorio_de_Creacion_1.txt.txt,4.6833515,2.1896207
51_Introduccion_a_la_Hospitalidad.txt.txt,4.40332,4.1341724
175_Lenguaje_del_Cine.txt.txt,6.8629127,-0.065631226
19_Ingles_Nivel_5.txt.txt,3.3160307,-1.993772
177_Cinematografia.txt.txt,6.1998887,-0.097729094
133_Taller_de_Arte_2.txt.txt,4.8152533,-0.3342609
6_Ingles_Nivel_1.txt.txt,3.0990736,-0.09899496
179_Storytelling.txt.txt,6.6732125,0.6922917
37_Redes_+Lab.txt.txt,3.8415327,3.761297
146_Juegos_y_Narrativa.txt.txt,6.72713,0.50380665
167_Topologia_2.txt.txt,0.8040983,1.8722591
139_Taller_de_Arte_3.txt.txt,4.8830543,0.035293717
33_Diseño_de_Sistemas.txt.txt,4.8905497,3.1940866
141_Temas_en_Comunicacion_y_Arte.txt.txt,4.3293757,-2.0335786
124_Teoria_Critica_1__Arte_&_Media.txt.txt,3.7211053,-1.6860934
158_Teoria_de_Numeros.txt.txt,0.37997484,1.8616043
