original_column,0,1,2,3,4
184_Ergonomia.txt.txt,5.7481775,6.712581,3.686554,2.4242535,7.4796863
105_Marketing_Digital.txt.txt,4.89682,6.6295695,4.3638115,3.4847517,6.1010847
32_Emprendimiento.txt.txt,5.706919,4.984193,4.145012,3.708138,5.9243736
185_Ingenieria_de_la_Calidad_+_Lab.txt.txt,5.180484,4.619154,3.1647115,2.7596812,6.7134056
24_Aprendizaje_y_Servicio_PASEC.txt.txt,6.420843,5.559659,4.75167,3.2831209,6.1280746
34_Inteligencia_Artificial.txt.txt,5.122984,6.9203796,3.7062495,1.5798671,6.424788
3_Calculo_Diferencial_+_Ej.txt.txt,5.2709327,5.7666984,3.5947752,0.88502485,5.321159
11_Ser_y_Cosmos.txt.txt,6.907894,5.7394037,4.2491345,3.2960856,5.319997
89_Ensenanza_Integrada_de_CITIAM.txt.txt,6.004523,6.5950727,4.012341,3.0435138,4.9561224
155_Logica_y_Teoria_de_Conjuntos.txt.txt,4.7366004,6.473484,3.7873254,1.7060145,4.998911
26_Electronica_Basica_+Lab.txt.txt,5.606851,4.5263543,2.8364923,2.0061305,6.0790234
7_Ingles_Nivel_2.txt.txt,6.3766356,6.591086,2.6426187,1.4804367,6.154552
65_Alta_Cocina_Mundial.txt.txt,6.6213665,5.2937922,3.8355513,3.0249817,7.4511013
110_Creatividad_Empresarial.txt.txt,6.1566443,5.5725827,3.3531253,3.938087,6.254352
101_Analisis_de_Datos.txt.txt,4.239777,5.25069,3.7958672,2.8820562,6.055048
63_Servicio_y_Protocolo.txt.txt,5.7173133,4.5971045,4.346812,2.7644258,7.29775
161_Algebra_Lineal_2.txt.txt,5.986381,6.2002244,2.6061778,1.9762594,4.9460254
171_Barra_para_danza_contemporanea.txt.txt,6.095127,7.5891128,3.2058125,2.7878935,6.3536696
"183_Procesos,_Metodos_y_Estandares.txt.txt",5.1096907,5.0571976,2.8430269,2.8234863,7.341824
129_Coloquios_ART.txt.txt,6.943401,6.1544533,3.2829344,3.2208374,5.341647
67_Innovacion_Culinaria.txt.txt,6.4799967,5.404695,3.2461398,3.4747837,7.307763
116_Analisis_Estrategico_ADM.txt.txt,4.9865656,5.9696484,4.8004737,3.0245266,5.9326887
10_Autoconocimiento.txt.txt,5.807351,6.9751153,3.6156528,2.6105616,5.6747174
47_Conceptos_y_Tecnicas_1.txt.txt,5.958513,5.038906,3.1741607,2.3563595,7.761576
35_Base_de_Datos.txt.txt,4.6434164,5.196383,2.8155231,1.7458634,6.809505
119_Composicion_Visual_1.txt.txt,5.1741266,6.9025044,2.6219733,3.6683311,6.1676064
79_Coloquios_EDU.txt.txt,7.2979493,6.4378347,3.9477417,2.8553627,5.618481
130_Arte_y_Contexto_Social.txt.txt,6.034682,6.884776,3.9040582,4.023265,6.4391556
178_Sonido.txt.txt,5.0989375,6.164068,3.0836935,3.6622114,7.167964
44_Aplicaciones_Distribuidas.txt.txt,5.509053,5.7729397,3.6081064,1.3570144,7.2538695
62_Pasteleria.txt.txt,5.181302,5.810131,3.158102,2.779418,8.079412
151_Ecuaciones_Diferenciales.txt.txt,5.467237,5.667633,3.7191744,1.7034914,4.7691226
18_Calculo_Vectorial.txt.txt,5.4883075,5.866732,2.3753486,0.9634217,5.4120355
125_Nuevos_Medios.txt.txt,5.5854897,7.0233746,3.005762,3.6620438,5.8132324
100_Principios_de_Seguros.txt.txt,4.882438,6.1702657,4.366858,2.327955,7.3772326
36_Aprendizaje_Automatico.txt.txt,5.2584534,6.1416025,4.2121887,1.3692522,6.6473513
72_Fundamentos_de_la_Educacion.txt.txt,6.7124953,6.881081,4.808134,2.9288676,6.486182
56_Carniceria.txt.txt,5.1648555,5.609598,3.3889322,1.9961766,7.931038
28_Probabilidad_y_Estadistica_+Ej.txt.txt,4.980291,5.046802,2.7791073,1.9074956,5.085298
58_Introduccion_a_la_Biologia_+Ej.txt.txt,5.8622355,4.8545003,3.8708937,1.5884072,5.6183906
102_Principios_de_Finanzas.txt.txt,5.4666567,5.704178,3.1974664,2.9014509,5.836929
181_Inv._de_Operaciones_1_+Lab.txt.txt,4.8168616,5.5306745,4.15826,1.5761417,5.9733124
85_Arte_y_Educacion.txt.txt,6.8585086,6.8272624,4.1915865,3.657358,5.7783885
186_Sistemas_Lean.txt.txt,4.604284,5.550663,3.1571667,2.6153977,6.932659
25_Cultura_Gastronomica.txt.txt,6.197036,6.202558,4.3618608,3.8626652,6.830382
4_Quimica_General_1_+Lab_Ej.txt.txt,5.676456,4.794959,3.2783897,1.9183913,5.380299
138_Enfasis_3.txt.txt,5.90241,6.473788,2.7794194,3.6122339,5.003301
55_Administracion_de_A_&_B.txt.txt,4.893178,4.583032,4.1086,2.664012,7.2642536
64_Practica_Culinaria_2.txt.txt,6.6089177,6.0001097,3.6870675,2.0371096,7.7019176
42_Seguridad_Informatica.txt.txt,4.67071,4.9921384,4.181311,1.6666101,7.1477456
135_Gestion_y_Produccion_Cultural.txt.txt,5.5591803,5.8915,4.016424,3.4747636,7.144329
162_Algebra_Abstracta_1.txt.txt,5.255552,6.7793803,2.8466537,1.8685694,4.4475694
99_Gerencia_de_Costos.txt.txt,5.0882773,4.8333726,3.7324638,3.3983583,6.1770906
17_Fisica_para_Ingenieria_1_+Lab_Ej.txt.txt,5.068756,4.972405,3.361796,1.0646487,5.57105
127_Laboratorio_de_Creacion_2.txt.txt,6.338925,5.8865747,2.1492546,2.3594935,6.6238494
176_Lenguaje_Visual_y_Montaje.txt.txt,4.83006,7.168895,3.2515678,3.3188488,7.0077066
78_Planificacion_y_Evaluacion_2.txt.txt,5.8160934,6.715462,4.375284,1.994135,5.745759
80_Ensenanza_de_Lenguaje.txt.txt,6.582563,7.1931515,4.345377,2.2696528,5.990975
66_Reposteria_y_Chocolateria.txt.txt,5.8745723,5.9527097,2.7365491,2.3577547,7.8028226
30_Programacion_Avanzada_de_Apps.txt.txt,5.1382833,6.023955,3.0780065,1.0082498,6.95276
53_Conceptos_y_Tecnicas_2_+PRA.txt.txt,6.794642,5.4804683,3.2039027,2.1517308,7.5343294
54_Practica_Culinaria_1.txt.txt,6.259237,5.0321875,3.885218,1.9644198,7.532886
50_Nutricion_Humana_+Lab.txt.txt,5.438999,5.5331836,4.821181,1.9115151,5.965793
182_Control_de_Produccion.txt.txt,4.602358,5.10954,3.3248484,2.6313157,7.438863
60_Coloquios_Gastr.txt.txt,6.998415,5.427535,3.7759266,3.571206,6.3114777
118_Fundamentos_de_las_Artes.txt.txt,5.983962,6.0468764,2.2299514,2.6978948,5.9622936
106_Negociacion.txt.txt,4.650374,5.1576376,3.6600597,3.954701,6.557495
164_Analisis_Funcional.txt.txt,5.6816697,5.7363586,2.4702466,1.857889,4.6373415
153_Introduccion_a_Probabilidades.txt.txt,4.7449603,5.713877,2.229192,1.9321885,5.1580486
91_Inclusion_y_Diversidad.txt.txt,6.322854,6.7565145,4.0369806,3.0545325,6.2853446
117_Herramientas_Digitales_1.txt.txt,4.840547,6.6137786,2.4094434,2.994647,6.5084205
150_Variable_Compleja.txt.txt,5.128902,6.4776106,2.2652264,0.96826863,5.454769
83_Ensenanza_de_Matematicas.txt.txt,6.0729957,7.1191397,4.6705728,2.7019975,5.1446123
165_Algebra_Abstracta_2.txt.txt,5.665686,7.0076,2.8484945,1.8435172,5.0465703
140_Arte_y_Educacion___Curaduria.txt.txt,6.729874,6.2869897,3.5638032,3.7652764,6.3482533
1_Escritura_Academica.txt.txt,7.18313,5.666322,2.922244,2.3481078,6.454797
15_Matematicas_Discretas.txt.txt,4.4999485,6.6618323,3.0682304,2.012201,5.119497
115_Tributacion_y_Entorno_Legal.txt.txt,5.2620525,5.9859433,4.122289,2.8195782,7.114579
2_Taller_de_Ing._Cs._Computacion.txt.txt,6.2285805,6.4448285,3.5109231,1.562719,6.9068427
93_Practica_4.txt.txt,7.2612195,6.200419,4.2728667,1.6954447,7.130144
12_Ingles_Nivel_3.txt.txt,6.8349047,5.617104,2.9430308,1.7214063,6.086006
163_Geometria_Diferencial.txt.txt,5.634515,5.951675,2.6319618,0.9519371,4.5941386
22_Algebra_Lineal_1_+Ej.txt.txt,5.3459873,5.435079,2.9585452,1.7056293,4.76496
69_Administracion_de_Eventos.txt.txt,5.3766246,4.8034453,4.8260593,3.0600824,6.752407
61_Alta_Cocina_Francesa.txt.txt,6.2221065,5.534407,3.7952623,2.6318998,8.222575
123_Fundamentos_de_Escultura.txt.txt,5.4232264,5.677349,2.3510547,3.4153907,6.860551
126_Arte_Contemporaneo.txt.txt,6.119838,6.813568,3.0041978,3.989187,6.454204
86_Bilingualism.txt.txt,5.8772817,7.3562427,4.7608137,3.2198625,5.9896517
180_Diseño_de_Produccion.txt.txt,4.5038543,6.7519503,3.243606,3.612454,7.075164
97_Principios_de_Marketing.txt.txt,4.9678483,5.8000145,4.448914,3.3938031,6.404797
109_Investigacion_de_Mercados.txt.txt,4.5920043,5.216958,4.0085363,3.7308576,5.9795485
21_Programacion_de_Apps.txt.txt,4.54735,5.846754,3.1064215,1.3289089,6.944615
137_Matematicas_Cotidianas.txt.txt,4.6072183,5.799224,3.8195674,1.7595577,5.135913
169_Improvisacion.txt.txt,6.038672,7.4010406,2.3889005,2.7984262,6.5579295
14_Programacion_Avanzada_en_C++.txt.txt,5.354247,6.426882,2.555707,1.7538961,6.993669
154_Fundamentos_de_Geometria.txt.txt,5.159922,6.4941525,3.031444,1.6380955,4.264652
13_Ingles_Nivel_4.txt.txt,7.127949,6.4699574,3.2478545,1.5808206,6.607649
43_Mineria_de_Datos.txt.txt,4.3886714,5.473108,4.412697,2.2045698,6.138912
149_Teoria_de_Grupos.txt.txt,4.9527483,6.704521,2.789631,2.258539,4.613107
142_Produccion_&_Exhibicion.txt.txt,6.1519656,6.3130846,2.899131,3.108673,7.401428
152_Calculo_para_Ciencias_2.txt.txt,5.861213,6.322639,2.7319238,0.8522294,5.6530476
81_Practica_1.txt.txt,7.063557,5.706191,4.5075836,1.8294559,6.6551948
57_Alta_Cocina_Ecuatoriana.txt.txt,6.6245446,5.372304,3.3945498,2.8102221,8.004239
16_Introduccion_a_la_Economia.txt.txt,5.015744,5.3222046,4.299297,3.2271287,5.3731985
75_Planificacion_y_Evaluacion_1.txt.txt,5.7821016,6.6855187,4.9139595,2.2659807,6.196756
8_Programacion_en_C++_+Ej.txt.txt,5.456367,5.5931635,3.534221,1.4949125,5.743362
68_Enologia_y_Cocteleria.txt.txt,5.65792,5.1438847,4.1042385,3.2037132,7.7453027
143_Programacion_Para_Diseño_1.txt.txt,4.6776433,6.7905893,3.029759,2.2802823,6.8858514
108_Economia_y_Negocios.txt.txt,4.7079177,5.8401937,3.5548244,2.9938824,5.175013
98_Estadistica_Empresarial_+Lab.txt.txt,4.2736287,4.811423,3.7069902,2.9227202,5.53552
82_Metodologias_de_Ensenanza.txt.txt,6.3239856,6.78057,4.7852674,2.832305,5.6979403
160_Ecuaciones_Diferenciales_Parciales.txt.txt,5.684019,6.14112,3.5781035,1.6264523,4.5816035
48_Principios_de_Administracion.txt.txt,5.108764,4.5610504,4.803851,2.336419,6.400872
90_Practica_3.txt.txt,7.5168815,6.2123604,3.8757422,2.1672945,6.410509
52_Contabilidad_Empresarial.txt.txt,4.703595,4.5596256,4.093535,2.287559,5.9256167
121_Dibujo_para_Arte_y_Diseno.txt.txt,5.7102466,5.9917817,2.2082906,3.2814264,6.3465624
76_Estadistica_para_CCSS.txt.txt,4.626154,4.873902,2.9765797,2.567377,5.333048
45_Proyecto_Integrador_CMP.txt.txt,6.442894,6.6289253,4.057784,1.892462,7.228835
131_Taller_de_Investigacion.txt.txt,6.90643,5.8581033,2.5354605,3.074323,6.400604
84_Ensenanza_de_Ciencias_Sociales.txt.txt,6.1509795,6.831587,4.2424817,3.5718544,5.2598863
9_Calculo_Integral_+_Ej.txt.txt,5.0152802,5.797955,2.8850205,0.7230419,5.4673367
23_Fisica_para_Ingenieria_2_+Lab_Ej.txt.txt,5.662495,4.726216,2.831183,1.2733957,5.6153126
132_Enfasis_1.txt.txt,5.985981,6.8363314,2.5556161,3.1329138,5.3004966
107_Operaciones_+Lab.txt.txt,4.3752623,5.343915,3.5462153,1.9926039,5.8686295
145_Programacion_Para_Diseño_3.txt.txt,5.266159,6.6212053,2.2929037,1.7981576,6.363472
94_Zoologia_+Lab.txt.txt,6.465428,5.239187,3.916492,2.1074746,5.2904153
113_Negocios_Internacionales.txt.txt,6.034863,5.094613,3.64773,3.6769416,6.516787
20_Ingles_Nivel_6.txt.txt,7.341356,6.1838503,3.0871217,1.9460313,6.0658126
112_Gestion_del_Talento.txt.txt,5.8274384,5.519038,5.131,2.469455,6.7570643
77_Neurociencia_y_Educacion.txt.txt,6.0115743,6.5010037,5.158687,2.9427242,6.2973924
166_Topologia_1.txt.txt,5.2247987,5.739336,2.909356,1.1615647,4.4496083
95_Fisiologia_+Lab.txt.txt,6.1984725,4.9831696,4.3066483,2.4628747,5.695595
134_Enfasis_2.txt.txt,6.3793783,6.2815924,2.6594539,3.3126698,5.2765
148_Calculo_para_Ciencias_1.txt.txt,6.0311146,5.7955866,3.0844822,0.86798674,5.0350866
31_Organizacion_de_Computadores.txt.txt,5.175513,4.7021146,3.1482522,1.4375064,6.837372
46_Matematica_Empresarial_+Ej.txt.txt,4.851472,5.0621095,4.123528,2.2426422,5.017778
147_Modelado_3D_1.txt.txt,5.0493126,5.9382334,1.9567417,2.171306,6.476485
114_Innovacion_y_Sustentabilidad.txt.txt,6.204682,5.832793,4.308039,3.8393288,5.754292
39_Proyectos__Gerencia_y_Analisis.txt.txt,4.9549284,5.1002426,4.4801574,2.2360494,6.6763873
27_Estructuras_de_Datos.txt.txt,4.292643,6.048545,3.5374076,1.7064342,6.5761533
87_Practica_2.txt.txt,7.4769773,5.813257,4.2577467,2.4423814,6.6833587
174_Proyecto_final_en_Danza.txt.txt,6.702555,6.8353467,3.5773828,3.1607268,7.1590157
173_Performance.txt.txt,6.2129903,7.1431603,2.9935272,3.0181549,7.093224
96_Evolucion.txt.txt,6.3575835,5.20078,4.353867,1.8647377,5.9016347
41_Coloquios_ING.txt.txt,7.32193,5.6967516,3.714698,3.249409,5.7773833
59_Introduccion_al_Marketing_HSP.txt.txt,4.799413,5.544181,5.034341,3.1956282,6.4086156
111_Proyectos_Empresariales.txt.txt,5.224502,5.719351,4.594561,2.6085296,7.2409754
157_Analisis_Numerico.txt.txt,5.306484,6.7400384,3.4023104,1.213858,5.59805
88_Ensenanza_de_Ciencias.txt.txt,6.7994056,6.640979,4.6053762,2.5952003,5.35607
104_Finanzas_Corporativas.txt.txt,5.451209,5.6782584,3.412536,3.6360607,5.864948
156_Inferencia_Estadistica.txt.txt,4.911769,5.4270167,2.817009,2.8418016,4.9067855
29_Teoria_de_la_Computacion.txt.txt,6.282887,6.129523,3.7011888,1.0095606,5.9523926
73_Teorias_del_Aprendizaje.txt.txt,7.053764,6.421474,4.791749,3.0943296,5.8494463
168_Analisis_Real.txt.txt,5.1188354,6.78388,2.755498,1.1630548,5.0732713
74_Desarrollo__Niño_y_Adolescente.txt.txt,5.880894,7.2033963,4.450796,2.7174516,6.710261
92_Proyecto_Integrador_EDU.txt.txt,6.944856,6.5395885,4.289839,2.4594707,6.742041
38_Sistemas_Operativos.txt.txt,5.2783246,4.724264,3.5212355,1.9278907,7.430429
40_Practica_Pre-Profesional_PASEM.txt.txt,6.736695,5.865456,4.5545435,2.3018332,7.2709484
70_Gerencia_Financiera_HSP.txt.txt,4.918659,4.4731326,4.138355,3.2049701,6.2764325
172_Composicion.txt.txt,5.5058227,7.4677277,2.64597,3.214351,6.4319406
136_Laboratorio_de_Creacion_3.txt.txt,6.2778187,5.201225,2.3256965,3.2668166,6.372941
5_Cosmos.txt.txt,6.6421666,6.0565014,3.976293,2.4163964,4.8696113
122_Fotografia_1.txt.txt,4.4794044,6.412226,2.6849875,3.3675036,6.2737823
128_Taller_de_Arte_1.txt.txt,6.8027887,6.5028377,2.3737407,3.300569,6.8443055
49_Panaderia.txt.txt,5.5432854,5.3483205,3.1896203,2.3120184,8.13881
144_Programacion_Para_Diseño_2.txt.txt,4.831565,6.9225245,2.9249747,1.8109229,7.07387
170_Danza_Moderna_2.txt.txt,5.581137,7.4653087,2.9677596,2.1445732,6.408396
159_Combinatoria_y_Grafos.txt.txt,4.295757,6.736977,3.1660707,2.0932713,5.8860235
103_Coloquios_adm.txt.txt,6.758443,5.156625,3.29525,3.25152,5.6407776
71_Identidad_Culinaria.txt.txt,6.6856356,6.0037446,4.2270794,3.5761762,7.223614
120_Laboratorio_de_Creacion_1.txt.txt,6.078825,5.098325,2.2320828,2.526197,6.230349
51_Introduccion_a_la_Hospitalidad.txt.txt,5.3102016,4.392904,4.266262,3.4322834,6.9977765
175_Lenguaje_del_Cine.txt.txt,4.459345,7.125657,3.52888,3.4290006,6.59558
19_Ingles_Nivel_5.txt.txt,7.2150764,6.817288,3.1680303,2.3030274,5.8245726
177_Cinematografia.txt.txt,5.0642447,6.7223926,2.5678818,3.9004676,7.0360746
133_Taller_de_Arte_2.txt.txt,6.6476207,6.800687,2.5231502,2.524748,6.85741
6_Ingles_Nivel_1.txt.txt,6.5385485,6.361584,2.8733137,2.0048635,6.5271797
179_Storytelling.txt.txt,4.4343934,6.358322,3.7554271,4.1641693,6.8616853
37_Redes_+Lab.txt.txt,4.843733,4.8803306,3.8299208,1.1913446,6.7437234
146_Juegos_y_Narrativa.txt.txt,5.0423126,6.8743052,3.878015,3.9089944,6.664471
167_Topologia_2.txt.txt,5.3306813,6.420394,2.1095867,1.670633,5.162562
139_Taller_de_Arte_3.txt.txt,7.006591,6.2371387,2.7476697,2.7939382,7.286518
33_Diseño_de_Sistemas.txt.txt,5.320131,5.369678,2.3599453,1.7529192,7.0150347
141_Temas_en_Comunicacion_y_Arte.txt.txt,6.367664,6.938484,2.785777,3.8092158,6.0914607
124_Teoria_Critica_1__Arte_&_Media.txt.txt,6.4087715,7.1456122,3.296577,3.7937558,5.6251745
158_Teoria_de_Numeros.txt.txt,4.6459994,6.59749,2.502944,1.3809203,4.757266
