original_column,0,1,2,3,4
184_Ergonomia.txt.txt,3.5175962,8.060958,9.844379,3.7804067,3.6740456
105_Marketing_Digital.txt.txt,4.002402,8.443083,10.37263,3.9900894,3.2689238
32_Emprendimiento.txt.txt,5.178793,8.048174,9.940438,4.270217,2.611955
185_Ingenieria_de_la_Calidad_+_Lab.txt.txt,3.425975,7.5231767,9.721415,4.4230795,3.4097137
24_Aprendizaje_y_Servicio_PASEC.txt.txt,4.446065,9.171519,9.876067,4.063267,3.1369193
34_Inteligencia_Artificial.txt.txt,4.320182,7.9117465,8.695785,2.7487707,2.9076774
3_Calculo_Diferencial_+_Ej.txt.txt,4.643609,7.181968,10.832233,3.7616055,3.120387
11_Ser_y_Cosmos.txt.txt,4.244213,8.472818,9.643447,4.437083,3.6911438
89_Ensenanza_Integrada_de_CITIAM.txt.txt,4.9851923,8.546545,9.490803,4.6925397,2.916237
155_Logica_y_Teoria_de_Conjuntos.txt.txt,5.2236366,7.8069997,9.638076,4.162747,3.3352218
26_Electronica_Basica_+Lab.txt.txt,4.9479795,8.445134,8.993595,4.444496,2.2786925
7_Ingles_Nivel_2.txt.txt,4.3479443,7.2527328,9.236432,4.008138,3.4461718
65_Alta_Cocina_Mundial.txt.txt,3.610891,7.462769,9.859879,3.658859,2.6532767
110_Creatividad_Empresarial.txt.txt,4.7941337,8.380861,8.676094,4.1337852,3.47575
101_Analisis_de_Datos.txt.txt,4.997975,7.3503375,9.825461,4.130705,2.864071
63_Servicio_y_Protocolo.txt.txt,4.839846,8.684045,9.212355,3.6811452,1.8325008
161_Algebra_Lineal_2.txt.txt,4.714864,8.790154,10.489141,3.24728,2.5308518
171_Barra_para_danza_contemporanea.txt.txt,4.1406803,8.120989,9.590812,3.413212,2.013896
"183_Procesos,_Metodos_y_Estandares.txt.txt",3.0482,8.670261,8.923311,3.932415,2.3005362
129_Coloquios_ART.txt.txt,4.95965,8.48048,9.234495,3.3979282,3.9355896
67_Innovacion_Culinaria.txt.txt,4.5667353,8.333625,8.523119,3.3601067,3.0273407
116_Analisis_Estrategico_ADM.txt.txt,4.615118,8.441237,8.926235,2.636744,2.5844896
10_Autoconocimiento.txt.txt,5.6789546,8.453517,9.385339,3.515852,2.9935894
47_Conceptos_y_Tecnicas_1.txt.txt,4.6988664,7.8668065,10.3827,4.352568,3.265991
35_Base_de_Datos.txt.txt,3.6413455,8.1439085,8.696388,3.2256868,2.954658
119_Composicion_Visual_1.txt.txt,5.085039,8.102622,9.7732315,2.8656185,2.8282442
79_Coloquios_EDU.txt.txt,4.603527,8.330763,9.77377,3.2236354,4.3329787
130_Arte_y_Contexto_Social.txt.txt,3.4806867,8.990513,10.410975,3.600361,3.300572
178_Sonido.txt.txt,4.487886,7.7349954,9.5248995,3.3997686,1.6598835
44_Aplicaciones_Distribuidas.txt.txt,4.9938693,8.7600355,9.430832,3.8281808,3.1463416
62_Pasteleria.txt.txt,4.1667147,8.489599,9.711672,2.9725864,2.566715
151_Ecuaciones_Diferenciales.txt.txt,3.453063,8.111934,9.965507,3.0613518,3.600484
18_Calculo_Vectorial.txt.txt,3.7777693,7.961235,10.920883,3.0848925,3.426241
125_Nuevos_Medios.txt.txt,4.683008,7.8850474,10.503549,3.4924412,3.57329
100_Principios_de_Seguros.txt.txt,4.234587,8.933938,9.421381,3.736565,3.940251
36_Aprendizaje_Automatico.txt.txt,4.696878,7.3898697,8.712591,3.2991157,2.8864694
72_Fundamentos_de_la_Educacion.txt.txt,4.1135325,9.234367,9.085143,3.100799,3.221324
56_Carniceria.txt.txt,4.19063,8.641082,9.018438,2.8987496,3.410591
28_Probabilidad_y_Estadistica_+Ej.txt.txt,3.732946,7.7749805,8.395096,4.134621,2.742528
58_Introduccion_a_la_Biologia_+Ej.txt.txt,4.88938,7.377959,10.160563,3.0516467,2.9120333
102_Principios_de_Finanzas.txt.txt,5.418548,8.713533,9.723571,3.2139583,2.3799615
181_Inv._de_Operaciones_1_+Lab.txt.txt,4.728641,7.2373776,8.915498,3.7507074,2.412382
85_Arte_y_Educacion.txt.txt,4.7646923,7.8333154,10.142588,3.9281287,2.2896707
186_Sistemas_Lean.txt.txt,3.1213002,8.179134,9.011178,3.5096328,3.2298255
25_Cultura_Gastronomica.txt.txt,3.8804052,8.642548,9.786055,3.168925,3.2061083
4_Quimica_General_1_+Lab_Ej.txt.txt,4.3016644,8.008101,9.137652,2.8927639,2.6056921
138_Enfasis_3.txt.txt,4.93768,8.858286,10.643627,4.0188303,2.4709432
55_Administracion_de_A_&_B.txt.txt,3.0192065,8.264623,9.47769,4.6378922,2.8234644
64_Practica_Culinaria_2.txt.txt,4.561054,8.443945,9.733191,4.3013687,1.8260415
42_Seguridad_Informatica.txt.txt,3.9267595,8.532826,9.18766,4.204168,2.525539
135_Gestion_y_Produccion_Cultural.txt.txt,3.3373165,8.701167,9.551355,3.327181,2.228596
162_Algebra_Abstracta_1.txt.txt,4.7603946,8.453566,10.415061,2.842846,2.9670317
99_Gerencia_de_Costos.txt.txt,4.234381,8.135395,9.69879,5.136401,3.0500412
17_Fisica_para_Ingenieria_1_+Lab_Ej.txt.txt,3.6760361,7.5968122,8.983438,3.4325645,3.3736656
127_Laboratorio_de_Creacion_2.txt.txt,5.1860576,7.6804395,9.35674,3.4231832,2.0304396
176_Lenguaje_Visual_y_Montaje.txt.txt,4.422364,7.242779,9.946328,3.1724927,2.0138416
78_Planificacion_y_Evaluacion_2.txt.txt,4.2516193,7.3560987,9.634861,4.3698125,1.9727134
80_Ensenanza_de_Lenguaje.txt.txt,4.2625265,6.7251377,9.575508,3.486053,2.9064333
66_Reposteria_y_Chocolateria.txt.txt,3.7631772,7.5860806,9.102512,3.341643,1.8256204
30_Programacion_Avanzada_de_Apps.txt.txt,4.2827587,9.193626,9.915138,2.5814717,3.3440623
53_Conceptos_y_Tecnicas_2_+PRA.txt.txt,4.4424353,8.505636,10.069962,3.791999,1.7163442
54_Practica_Culinaria_1.txt.txt,4.645683,7.2255135,9.770099,4.613877,2.4682553
50_Nutricion_Humana_+Lab.txt.txt,4.1127706,9.23484,9.343611,3.8787796,2.0226326
182_Control_de_Produccion.txt.txt,3.0639238,7.960116,9.520646,4.213381,2.309645
60_Coloquios_Gastr.txt.txt,5.328682,8.527129,10.031122,4.60571,3.904388
118_Fundamentos_de_las_Artes.txt.txt,4.686418,9.078369,8.952139,3.512682,2.4420254
106_Negociacion.txt.txt,4.419341,7.479101,9.640586,5.0380917,3.4250753
164_Analisis_Funcional.txt.txt,4.1689067,8.637608,8.388442,3.6630857,2.213544
153_Introduccion_a_Probabilidades.txt.txt,4.8964453,7.8013635,8.723746,2.8532155,3.812727
91_Inclusion_y_Diversidad.txt.txt,4.78874,7.615679,8.464337,3.6308303,2.2599733
117_Herramientas_Digitales_1.txt.txt,4.1882906,7.265164,10.39597,2.4792566,2.985107
150_Variable_Compleja.txt.txt,3.5165186,8.042789,10.62349,2.8252602,2.519964
83_Ensenanza_de_Matematicas.txt.txt,4.244722,7.8075724,10.284203,4.895445,3.0081084
165_Algebra_Abstracta_2.txt.txt,5.212699,8.060254,10.241189,2.6298018,2.4595988
140_Arte_y_Educacion___Curaduria.txt.txt,5.6209316,7.908495,10.14185,3.5529227,3.3463047
1_Escritura_Academica.txt.txt,4.053505,7.5604677,8.859364,3.9004157,4.3047447
15_Matematicas_Discretas.txt.txt,5.134421,7.0969114,9.610988,2.7899222,3.48263
115_Tributacion_y_Entorno_Legal.txt.txt,3.24118,9.132553,9.493588,3.0257294,3.109911
2_Taller_de_Ing._Cs._Computacion.txt.txt,5.001699,7.0663304,8.764104,3.1759865,3.6021698
93_Practica_4.txt.txt,3.9340327,7.853538,8.340595,3.89305,3.6087694
12_Ingles_Nivel_3.txt.txt,3.3729913,7.7549205,9.452754,2.5356517,3.718558
163_Geometria_Diferencial.txt.txt,4.3607173,8.457858,11.259463,3.5596368,3.1130273
22_Algebra_Lineal_1_+Ej.txt.txt,4.6922364,8.578387,9.941249,2.6610293,1.9045839
69_Administracion_de_Eventos.txt.txt,2.9242299,8.022189,10.278442,3.9640374,2.5596516
61_Alta_Cocina_Francesa.txt.txt,3.6470869,8.627805,8.994638,2.6186135,2.2456937
123_Fundamentos_de_Escultura.txt.txt,4.1512723,8.491011,10.568909,4.5809712,3.4727244
126_Arte_Contemporaneo.txt.txt,4.582563,7.4181786,10.248083,3.1303992,4.1685247
86_Bilingualism.txt.txt,3.8402042,8.846616,10.241576,2.6337605,2.50272
180_Diseño_de_Produccion.txt.txt,3.0728676,7.707207,9.09514,3.020745,3.801915
97_Principios_de_Marketing.txt.txt,3.3177953,8.536022,10.487151,3.5152426,2.2415285
109_Investigacion_de_Mercados.txt.txt,5.065197,8.495711,10.01596,3.692321,4.26745
21_Programacion_de_Apps.txt.txt,4.367044,8.515099,10.645443,2.3981032,3.7745824
137_Matematicas_Cotidianas.txt.txt,3.975889,7.6358056,10.72807,3.679565,2.0750375
169_Improvisacion.txt.txt,3.7488825,7.2878914,10.334855,4.2971087,2.4637241
14_Programacion_Avanzada_en_C++.txt.txt,4.043973,6.8443413,9.440921,2.8088365,2.7932346
154_Fundamentos_de_Geometria.txt.txt,3.3236287,9.480527,9.208873,3.88154,2.9996078
13_Ingles_Nivel_4.txt.txt,4.464145,8.211411,10.614487,3.2161496,4.1411023
43_Mineria_de_Datos.txt.txt,4.265315,6.5880847,9.200714,3.9812622,2.4558756
149_Teoria_de_Grupos.txt.txt,4.151495,7.8247023,9.59105,2.1467044,3.4111009
142_Produccion_&_Exhibicion.txt.txt,4.095204,7.1272054,9.582912,3.5333498,4.167048
152_Calculo_para_Ciencias_2.txt.txt,3.7254717,7.5102625,11.01518,3.670783,3.3653078
81_Practica_1.txt.txt,3.1677046,8.189925,9.665952,2.6273377,2.5470493
57_Alta_Cocina_Ecuatoriana.txt.txt,5.0926886,8.483757,9.9855585,2.5262601,3.4938154
16_Introduccion_a_la_Economia.txt.txt,4.102665,9.15348,8.933743,4.655742,2.718056
75_Planificacion_y_Evaluacion_1.txt.txt,3.9425325,7.9919024,9.455864,4.6534243,1.78766
8_Programacion_en_C++_+Ej.txt.txt,2.947285,8.630596,9.49613,3.9324572,3.1289017
68_Enologia_y_Cocteleria.txt.txt,3.5436065,7.198465,9.064542,2.6575563,2.9783113
143_Programacion_Para_Diseño_1.txt.txt,3.4369175,7.5149984,10.236718,2.5853958,2.845439
108_Economia_y_Negocios.txt.txt,5.581108,8.27946,10.193663,3.8323927,3.167283
98_Estadistica_Empresarial_+Lab.txt.txt,4.1793613,6.7964144,8.773501,4.371641,2.7995818
82_Metodologias_de_Ensenanza.txt.txt,4.2608023,7.0078497,10.597855,4.357518,3.3298373
160_Ecuaciones_Diferenciales_Parciales.txt.txt,3.098692,7.2317953,9.788123,3.844806,3.5832303
48_Principios_de_Administracion.txt.txt,3.675072,7.778818,9.266657,4.9896464,3.130242
90_Practica_3.txt.txt,4.643624,9.217218,10.459526,3.3301651,3.380905
52_Contabilidad_Empresarial.txt.txt,4.5397162,7.605995,8.803046,4.9164276,2.827432
121_Dibujo_para_Arte_y_Diseno.txt.txt,5.2138515,7.532203,10.342478,4.135347,3.9449651
76_Estadistica_para_CCSS.txt.txt,3.8269567,6.886829,8.479202,4.3243294,2.4627938
45_Proyecto_Integrador_CMP.txt.txt,5.066844,6.795013,9.207114,3.5221083,3.4006283
131_Taller_de_Investigacion.txt.txt,4.2309766,8.0617075,9.173109,3.4605663,4.4908977
84_Ensenanza_de_Ciencias_Sociales.txt.txt,3.1349092,8.84526,9.396274,3.6860578,3.6451173
9_Calculo_Integral_+_Ej.txt.txt,4.2397847,7.440641,9.704961,2.621737,3.6217322
23_Fisica_para_Ingenieria_2_+Lab_Ej.txt.txt,3.9537568,7.5438657,9.206442,4.526106,4.081022
132_Enfasis_1.txt.txt,5.3699446,8.145244,11.125768,3.937798,3.1325564
107_Operaciones_+Lab.txt.txt,3.387304,7.259839,10.308001,3.4251218,2.7481592
145_Programacion_Para_Diseño_3.txt.txt,3.834746,6.6351786,9.523836,2.8491902,3.687212
94_Zoologia_+Lab.txt.txt,4.974804,8.621048,9.4676285,2.2344294,2.9015424
113_Negocios_Internacionales.txt.txt,3.7949739,9.131836,9.774317,4.3654356,2.2050571
20_Ingles_Nivel_6.txt.txt,5.131038,7.8035502,9.763237,2.5972297,4.029195
112_Gestion_del_Talento.txt.txt,3.9990969,8.944744,9.532535,4.9131327,3.0043566
77_Neurociencia_y_Educacion.txt.txt,5.418951,7.3606777,8.910869,2.725466,2.5274074
166_Topologia_1.txt.txt,3.4772167,8.649878,9.957311,4.21036,4.1760325
95_Fisiologia_+Lab.txt.txt,2.869036,7.531315,9.123152,3.6832764,2.674086
134_Enfasis_2.txt.txt,5.1417527,8.654749,11.117123,3.8629663,2.802757
148_Calculo_para_Ciencias_1.txt.txt,4.25399,7.7352824,11.144123,3.2884707,2.7183256
31_Organizacion_de_Computadores.txt.txt,4.8294764,7.516477,8.534984,3.7882776,3.6899135
46_Matematica_Empresarial_+Ej.txt.txt,3.9617016,7.460509,8.552382,4.6056056,3.531878
147_Modelado_3D_1.txt.txt,5.3126254,7.0573564,8.879692,4.2807,2.727297
114_Innovacion_y_Sustentabilidad.txt.txt,3.692566,7.8919673,10.317729,3.9806557,4.0473394
39_Proyectos__Gerencia_y_Analisis.txt.txt,4.367956,8.074149,8.238128,4.2766094,2.190994
27_Estructuras_de_Datos.txt.txt,5.5838723,8.193925,8.993653,4.0253863,3.3878484
87_Practica_2.txt.txt,4.1651993,9.092094,9.311615,3.3802483,1.702662
174_Proyecto_final_en_Danza.txt.txt,4.9543,6.8132987,9.684253,4.2405663,3.6894608
173_Performance.txt.txt,5.201388,8.966058,8.660683,4.2534437,3.2583675
96_Evolucion.txt.txt,5.6259384,8.395876,8.88617,3.130261,3.0622978
41_Coloquios_ING.txt.txt,4.9737024,8.746486,9.854247,4.4411287,4.2272816
59_Introduccion_al_Marketing_HSP.txt.txt,3.474203,9.110023,10.274382,3.7833116,2.473931
111_Proyectos_Empresariales.txt.txt,4.28439,8.39781,9.285627,4.9790645,2.2513185
157_Analisis_Numerico.txt.txt,4.1792464,8.609637,9.114638,4.425685,4.0535235
88_Ensenanza_de_Ciencias.txt.txt,4.6701818,9.438617,8.925715,4.2467155,3.2408295
104_Finanzas_Corporativas.txt.txt,3.953089,9.46721,9.741011,3.060709,2.4534583
156_Inferencia_Estadistica.txt.txt,4.587741,8.794565,8.683729,4.399835,2.131318
29_Teoria_de_la_Computacion.txt.txt,4.798344,7.422003,9.055862,2.6632984,1.8891947
73_Teorias_del_Aprendizaje.txt.txt,4.085808,8.673059,8.207785,3.6507282,3.443431
168_Analisis_Real.txt.txt,4.718866,8.52784,8.3428955,3.2690427,3.8424778
74_Desarrollo__Niño_y_Adolescente.txt.txt,5.6185417,7.9283805,8.624516,4.117294,2.542456
92_Proyecto_Integrador_EDU.txt.txt,5.3247385,6.8498225,9.85957,3.8466961,2.349807
38_Sistemas_Operativos.txt.txt,3.023149,7.6140895,8.724532,3.5729368,2.52715
40_Practica_Pre-Profesional_PASEM.txt.txt,4.97039,9.198161,8.701569,3.0025628,2.599723
70_Gerencia_Financiera_HSP.txt.txt,4.0369945,8.723079,8.3678055,4.6660423,2.8048906
172_Composicion.txt.txt,4.890944,9.031478,9.203841,2.945163,4.0669065
136_Laboratorio_de_Creacion_3.txt.txt,5.5194635,8.31433,9.809257,4.7393656,2.794906
5_Cosmos.txt.txt,5.25563,8.289332,8.44386,3.1443927,2.258729
122_Fotografia_1.txt.txt,4.433563,7.52451,10.266876,2.2315686,2.318848
128_Taller_de_Arte_1.txt.txt,4.7487574,7.611276,9.514482,3.9997826,4.527158
49_Panaderia.txt.txt,5.281818,9.479623,9.218738,3.7643905,2.780585
144_Programacion_Para_Diseño_2.txt.txt,3.790743,6.5916896,10.355896,3.1751125,3.3231132
170_Danza_Moderna_2.txt.txt,3.920211,8.356652,8.6321745,3.1193674,1.8059794
159_Combinatoria_y_Grafos.txt.txt,4.913599,7.830951,10.615025,3.3565454,2.0456996
103_Coloquios_adm.txt.txt,3.6752508,9.10573,8.681181,4.2665224,3.4941177
71_Identidad_Culinaria.txt.txt,3.9028378,9.701516,10.112216,3.1428866,3.0793347
120_Laboratorio_de_Creacion_1.txt.txt,5.5815973,7.951616,10.092875,4.543119,2.2728624
51_Introduccion_a_la_Hospitalidad.txt.txt,3.7901502,8.854325,10.627521,4.466035,2.6712472
175_Lenguaje_del_Cine.txt.txt,4.231136,7.8647885,8.716757,3.757437,1.4565002
19_Ingles_Nivel_5.txt.txt,5.721535,8.103949,9.417647,2.9364812,3.8869474
177_Cinematografia.txt.txt,4.6404223,9.682171,9.737762,3.8365586,2.3596723
133_Taller_de_Arte_2.txt.txt,5.5726476,7.4508743,9.222667,3.7389488,3.925619
6_Ingles_Nivel_1.txt.txt,4.053971,8.593012,10.107617,3.1963422,4.448635
179_Storytelling.txt.txt,5.047503,8.323417,9.436045,3.925286,1.3348761
37_Redes_+Lab.txt.txt,4.1802387,9.3388195,8.319545,3.533648,2.9211938
146_Juegos_y_Narrativa.txt.txt,5.856905,7.7603073,9.452817,3.455329,2.51451
167_Topologia_2.txt.txt,4.524883,6.7225013,10.574483,3.3629758,2.7930336
139_Taller_de_Arte_3.txt.txt,5.2092953,7.4911356,8.720535,4.6774487,3.410434
33_Diseño_de_Sistemas.txt.txt,4.5270786,7.213787,8.917976,2.4871776,2.1545908
141_Temas_en_Comunicacion_y_Arte.txt.txt,5.0880685,9.469431,9.959557,3.375828,3.5820818
124_Teoria_Critica_1__Arte_&_Media.txt.txt,4.2733955,8.348001,10.832757,3.7699862,4.1086326
158_Teoria_de_Numeros.txt.txt,3.9916127,8.336489,8.952907,2.5109448,4.105768
