original_column,0,1,2
184_Ergonomia.txt.txt,5.469652,8.490216,3.885703
105_Marketing_Digital.txt.txt,5.7624297,8.869312,4.07052
32_Emprendimiento.txt.txt,5.003749,8.35673,3.4556186
185_Ingenieria_de_la_Calidad_+_Lab.txt.txt,4.7019114,8.5228815,2.254462
24_Aprendizaje_y_Servicio_PASEC.txt.txt,5.3834505,8.069627,4.191419
34_Inteligencia_Artificial.txt.txt,4.9841857,7.7751393,3.2017405
3_Calculo_Diferencial_+_Ej.txt.txt,5.3366785,7.450979,2.572183
11_Ser_y_Cosmos.txt.txt,5.7630267,8.344875,4.1534247
89_Ensenanza_Integrada_de_CITIAM.txt.txt,5.1456842,7.9305935,3.406641
155_Logica_y_Teoria_de_Conjuntos.txt.txt,5.0411954,8.24735,4.200769
26_Electronica_Basica_+Lab.txt.txt,5.6447716,8.131738,2.6627889
7_Ingles_Nivel_2.txt.txt,5.9841228,8.900162,3.066496
65_Alta_Cocina_Mundial.txt.txt,5.9199243,8.386873,2.9190547
110_Creatividad_Empresarial.txt.txt,5.94122,8.535029,3.886586
101_Analisis_de_Datos.txt.txt,5.6348786,8.613921,2.838022
63_Servicio_y_Protocolo.txt.txt,5.337418,8.015093,3.9070914
161_Algebra_Lineal_2.txt.txt,4.7584457,9.5201,3.871536
171_Barra_para_danza_contemporanea.txt.txt,4.6135216,8.853539,3.2720902
"183_Procesos,_Metodos_y_Estandares.txt.txt",4.7580423,8.507663,2.54697
129_Coloquios_ART.txt.txt,4.4235654,8.263559,4.03796
67_Innovacion_Culinaria.txt.txt,5.9534497,8.89475,3.3284497
116_Analisis_Estrategico_ADM.txt.txt,4.9005346,8.753024,3.0246813
10_Autoconocimiento.txt.txt,5.987011,7.993268,3.6574953
47_Conceptos_y_Tecnicas_1.txt.txt,5.3890815,7.589524,3.1946452
35_Base_de_Datos.txt.txt,4.923367,9.060626,3.1116183
119_Composicion_Visual_1.txt.txt,5.682502,8.312099,3.0243084
79_Coloquios_EDU.txt.txt,4.003397,8.495966,3.5843997
130_Arte_y_Contexto_Social.txt.txt,4.467749,8.375747,3.3495562
178_Sonido.txt.txt,5.118978,8.504449,3.9159122
44_Aplicaciones_Distribuidas.txt.txt,4.6071568,8.103666,3.735422
62_Pasteleria.txt.txt,5.24057,8.997964,3.5103414
151_Ecuaciones_Diferenciales.txt.txt,4.7796297,8.113573,3.228153
18_Calculo_Vectorial.txt.txt,4.76567,9.574493,3.23151
125_Nuevos_Medios.txt.txt,4.944673,8.706305,4.4553275
100_Principios_de_Seguros.txt.txt,5.3058224,8.192987,3.7161343
36_Aprendizaje_Automatico.txt.txt,6.167349,8.070584,3.1899173
72_Fundamentos_de_la_Educacion.txt.txt,5.812105,8.759391,3.5377347
56_Carniceria.txt.txt,5.549572,8.758267,3.1216538
28_Probabilidad_y_Estadistica_+Ej.txt.txt,4.677149,8.111759,4.294093
58_Introduccion_a_la_Biologia_+Ej.txt.txt,5.5981274,8.297613,3.4141402
102_Principios_de_Finanzas.txt.txt,5.323073,7.7822995,4.3191833
181_Inv._de_Operaciones_1_+Lab.txt.txt,5.362917,9.076347,3.4576855
85_Arte_y_Educacion.txt.txt,5.2013855,8.763972,3.5647676
186_Sistemas_Lean.txt.txt,4.9633517,9.160827,2.7724543
25_Cultura_Gastronomica.txt.txt,4.502746,8.866758,3.7742398
4_Quimica_General_1_+Lab_Ej.txt.txt,4.7260995,8.530683,3.555935
138_Enfasis_3.txt.txt,3.936022,8.05538,2.5003042
55_Administracion_de_A_&_B.txt.txt,4.976927,8.374263,2.1671767
64_Practica_Culinaria_2.txt.txt,5.930141,8.931054,4.097082
42_Seguridad_Informatica.txt.txt,5.077582,8.481977,2.9097652
135_Gestion_y_Produccion_Cultural.txt.txt,5.4747167,8.551937,4.3892684
162_Algebra_Abstracta_1.txt.txt,4.9442425,9.204808,3.7793503
99_Gerencia_de_Costos.txt.txt,5.6467543,7.5857024,3.742087
17_Fisica_para_Ingenieria_1_+Lab_Ej.txt.txt,4.744003,8.735676,3.8722339
127_Laboratorio_de_Creacion_2.txt.txt,5.4498854,8.799592,2.602446
176_Lenguaje_Visual_y_Montaje.txt.txt,5.8208985,9.146696,3.7205837
78_Planificacion_y_Evaluacion_2.txt.txt,6.0467124,8.414399,3.7098968
80_Ensenanza_de_Lenguaje.txt.txt,5.754631,9.070486,3.3402593
66_Reposteria_y_Chocolateria.txt.txt,6.1348567,8.158189,3.344271
30_Programacion_Avanzada_de_Apps.txt.txt,5.0233965,8.349845,1.8587455
53_Conceptos_y_Tecnicas_2_+PRA.txt.txt,6.293427,8.901331,4.2562485
54_Practica_Culinaria_1.txt.txt,5.399884,7.9351106,3.0556054
50_Nutricion_Humana_+Lab.txt.txt,4.724093,8.161984,3.0510244
182_Control_de_Produccion.txt.txt,4.419715,8.622984,2.373543
60_Coloquios_Gastr.txt.txt,4.200359,7.295355,3.6010761
118_Fundamentos_de_las_Artes.txt.txt,5.408421,9.459181,3.9344854
106_Negociacion.txt.txt,3.6045883,8.324548,3.3396962
164_Analisis_Funcional.txt.txt,5.1856637,9.655768,3.887721
153_Introduccion_a_Probabilidades.txt.txt,5.191113,9.514866,2.7202616
91_Inclusion_y_Diversidad.txt.txt,6.9244714,8.27306,3.5925076
117_Herramientas_Digitales_1.txt.txt,5.1926055,9.100089,4.1975965
150_Variable_Compleja.txt.txt,4.529897,9.976602,3.7348528
83_Ensenanza_de_Matematicas.txt.txt,3.8789556,9.388897,3.1257365
165_Algebra_Abstracta_2.txt.txt,4.828642,9.973545,2.9949503
140_Arte_y_Educacion___Curaduria.txt.txt,4.7965956,8.890471,4.391211
1_Escritura_Academica.txt.txt,5.7362967,7.951667,4.771094
15_Matematicas_Discretas.txt.txt,5.5463595,9.733649,2.4705033
115_Tributacion_y_Entorno_Legal.txt.txt,5.740499,9.877319,4.0005364
2_Taller_de_Ing._Cs._Computacion.txt.txt,6.0920835,8.941156,4.735079
93_Practica_4.txt.txt,6.7070947,8.43893,3.993697
12_Ingles_Nivel_3.txt.txt,4.9692106,9.065445,2.1892505
163_Geometria_Diferencial.txt.txt,4.7677875,7.1143236,2.660691
22_Algebra_Lineal_1_+Ej.txt.txt,4.7114224,9.928236,4.1568937
69_Administracion_de_Eventos.txt.txt,6.259419,8.999086,2.566527
61_Alta_Cocina_Francesa.txt.txt,5.303052,9.842448,3.5142305
123_Fundamentos_de_Escultura.txt.txt,4.4292784,7.3325505,3.0020602
126_Arte_Contemporaneo.txt.txt,4.106699,8.007143,4.430685
86_Bilingualism.txt.txt,5.896809,8.613408,4.718567
180_Diseño_de_Produccion.txt.txt,5.783279,9.425305,4.1239614
97_Principios_de_Marketing.txt.txt,5.7977095,9.371593,2.5917165
109_Investigacion_de_Mercados.txt.txt,4.3725576,9.239171,3.8741536
21_Programacion_de_Apps.txt.txt,4.7748127,7.980405,1.7068518
137_Matematicas_Cotidianas.txt.txt,4.5907497,9.1403,2.124265
169_Improvisacion.txt.txt,6.3992977,8.002407,4.3541427
14_Programacion_Avanzada_en_C++.txt.txt,5.292661,8.803175,1.8577738
154_Fundamentos_de_Geometria.txt.txt,5.8000574,9.690074,3.1592371
13_Ingles_Nivel_4.txt.txt,5.5062346,10.203351,3.761244
43_Mineria_de_Datos.txt.txt,4.8465853,7.530983,2.8910105
149_Teoria_de_Grupos.txt.txt,4.7002892,9.704508,2.9320962
142_Produccion_&_Exhibicion.txt.txt,6.67885,7.614362,3.118573
152_Calculo_para_Ciencias_2.txt.txt,4.263134,9.366592,3.030952
81_Practica_1.txt.txt,3.6923535,9.017535,3.600133
57_Alta_Cocina_Ecuatoriana.txt.txt,6.600078,9.193199,2.8708808
16_Introduccion_a_la_Economia.txt.txt,5.4223094,9.005937,4.722671
75_Planificacion_y_Evaluacion_1.txt.txt,5.905991,7.385192,4.072976
8_Programacion_en_C++_+Ej.txt.txt,5.6881413,8.363836,2.0390491
68_Enologia_y_Cocteleria.txt.txt,6.6835017,8.46598,2.8831918
143_Programacion_Para_Diseño_1.txt.txt,5.9547276,8.106149,2.105379
108_Economia_y_Negocios.txt.txt,3.8218892,8.769839,4.068985
98_Estadistica_Empresarial_+Lab.txt.txt,4.606534,7.572714,3.7511873
82_Metodologias_de_Ensenanza.txt.txt,4.085348,9.39222,3.5667174
160_Ecuaciones_Diferenciales_Parciales.txt.txt,4.8010616,8.0060625,2.42497
48_Principios_de_Administracion.txt.txt,4.2832336,9.137235,2.7563934
90_Practica_3.txt.txt,5.7836895,10.069746,3.9296052
52_Contabilidad_Empresarial.txt.txt,4.1950054,8.463073,4.8230743
121_Dibujo_para_Arte_y_Diseno.txt.txt,4.716885,8.13249,2.6091394
76_Estadistica_para_CCSS.txt.txt,4.867134,7.6324253,4.643684
45_Proyecto_Integrador_CMP.txt.txt,6.134229,7.6510572,2.790074
131_Taller_de_Investigacion.txt.txt,5.8926964,7.2187657,3.626737
84_Ensenanza_de_Ciencias_Sociales.txt.txt,5.56541,8.85973,2.2708027
9_Calculo_Integral_+_Ej.txt.txt,5.3449445,9.634161,3.152355
23_Fisica_para_Ingenieria_2_+Lab_Ej.txt.txt,6.068641,8.508875,2.274881
132_Enfasis_1.txt.txt,3.7521331,7.705729,2.3507955
107_Operaciones_+Lab.txt.txt,5.7568674,7.5160885,2.3860881
145_Programacion_Para_Diseño_3.txt.txt,4.8788056,9.716519,2.3348808
94_Zoologia_+Lab.txt.txt,5.366805,7.130089,3.4038475
113_Negocios_Internacionales.txt.txt,4.113259,7.9602523,3.4530244
20_Ingles_Nivel_6.txt.txt,3.8098307,8.04833,4.1004486
112_Gestion_del_Talento.txt.txt,5.8890786,7.289255,4.4004984
77_Neurociencia_y_Educacion.txt.txt,6.254561,9.566677,2.774358
166_Topologia_1.txt.txt,3.871356,9.13055,2.4516547
95_Fisiologia_+Lab.txt.txt,3.8475897,9.162098,4.067175
134_Enfasis_2.txt.txt,3.9731245,8.044584,2.242007
148_Calculo_para_Ciencias_1.txt.txt,5.1917634,7.1435356,2.4710166
31_Organizacion_de_Computadores.txt.txt,4.2773867,8.495506,4.334655
46_Matematica_Empresarial_+Ej.txt.txt,3.805822,8.554349,4.4181967
147_Modelado_3D_1.txt.txt,4.585887,9.092368,4.833956
114_Innovacion_y_Sustentabilidad.txt.txt,4.073678,8.385617,2.8554327
39_Proyectos__Gerencia_y_Analisis.txt.txt,4.875078,7.0861335,3.4333086
27_Estructuras_de_Datos.txt.txt,5.954713,7.3744683,2.9283085
87_Practica_2.txt.txt,5.4789834,8.707441,5.0298095
174_Proyecto_final_en_Danza.txt.txt,4.283154,7.594377,2.786799
173_Performance.txt.txt,5.341619,7.2553935,3.9739668
96_Evolucion.txt.txt,3.6676772,8.570342,2.8102415
41_Coloquios_ING.txt.txt,3.9924016,7.40001,3.5743256
59_Introduccion_al_Marketing_HSP.txt.txt,6.0352583,9.38587,2.2535574
111_Proyectos_Empresariales.txt.txt,4.4583015,8.698065,2.8989303
157_Analisis_Numerico.txt.txt,6.6343465,8.114447,2.6896071
88_Ensenanza_de_Ciencias.txt.txt,6.1877694,7.2708845,3.344693
104_Finanzas_Corporativas.txt.txt,4.9277377,8.144922,4.911797
156_Inferencia_Estadistica.txt.txt,4.4377704,7.5431924,4.349028
29_Teoria_de_la_Computacion.txt.txt,6.5351214,9.495919,3.7242887
73_Teorias_del_Aprendizaje.txt.txt,6.320317,8.344706,2.5513597
168_Analisis_Real.txt.txt,4.697434,10.144621,2.9134414
74_Desarrollo__Niño_y_Adolescente.txt.txt,4.974064,7.420759,4.1611495
92_Proyecto_Integrador_EDU.txt.txt,6.548963,7.490419,2.610421
38_Sistemas_Operativos.txt.txt,6.032921,7.950585,4.4134364
40_Practica_Pre-Profesional_PASEM.txt.txt,6.4493365,9.874628,3.4757664
70_Gerencia_Financiera_HSP.txt.txt,4.6217136,9.584188,4.340931
172_Composicion.txt.txt,4.083885,7.780823,3.6669018
136_Laboratorio_de_Creacion_3.txt.txt,4.5175624,9.594367,3.0374286
5_Cosmos.txt.txt,4.9417577,9.120872,4.8486557
122_Fotografia_1.txt.txt,6.031468,9.0213995,4.373741
128_Taller_de_Arte_1.txt.txt,6.6736946,7.7533236,3.5902953
49_Panaderia.txt.txt,6.211784,9.496841,3.454097
144_Programacion_Para_Diseño_2.txt.txt,5.379601,8.088654,1.6507072
170_Danza_Moderna_2.txt.txt,6.8876586,8.60005,3.3340917
159_Combinatoria_y_Grafos.txt.txt,6.4230933,9.168207,4.0783067
103_Coloquios_adm.txt.txt,3.9091592,8.71058,3.3538132
71_Identidad_Culinaria.txt.txt,4.7986174,9.760636,3.6544354
120_Laboratorio_de_Creacion_1.txt.txt,5.0301166,7.495209,2.2617238
51_Introduccion_a_la_Hospitalidad.txt.txt,6.3481855,7.366559,3.758505
175_Lenguaje_del_Cine.txt.txt,5.899304,8.847307,1.7553818
19_Ingles_Nivel_5.txt.txt,4.752404,8.922646,4.667008
177_Cinematografia.txt.txt,6.5011277,8.918077,3.7038732
133_Taller_de_Arte_2.txt.txt,6.782672,8.004145,3.8362112
6_Ingles_Nivel_1.txt.txt,5.446377,9.898284,4.3735366
179_Storytelling.txt.txt,6.8930807,8.761463,3.4238706
37_Redes_+Lab.txt.txt,6.036101,9.416759,2.297575
146_Juegos_y_Narrativa.txt.txt,5.7247286,10.033128,3.0610263
167_Topologia_2.txt.txt,5.308548,10.104054,3.0998962
139_Taller_de_Arte_3.txt.txt,6.6093698,8.121004,3.4847033
33_Diseño_de_Sistemas.txt.txt,4.3302245,9.411384,4.5792227
141_Temas_en_Comunicacion_y_Arte.txt.txt,4.8984747,8.489004,5.0479693
124_Teoria_Critica_1__Arte_&_Media.txt.txt,5.5069056,7.366067,4.496228
158_Teoria_de_Numeros.txt.txt,5.758486,9.668337,4.436702
