original_column,0,1
184_Ergonomia.txt.txt,0.29208967,4.4109535
105_Marketing_Digital.txt.txt,-1.1033379,5.914144
32_Emprendimiento.txt.txt,-0.44824553,6.4415536
185_Ingenieria_de_la_Calidad_+_Lab.txt.txt,0.79169977,5.804452
24_Aprendizaje_y_Servicio_PASEC.txt.txt,-0.99053746,4.216165
34_Inteligencia_Artificial.txt.txt,1.7881703,4.9511576
3_Calculo_Diferencial_+_Ej.txt.txt,2.5671623,5.723307
11_Ser_y_Cosmos.txt.txt,-1.2690266,3.6812673
89_Ensenanza_Integrada_de_CITIAM.txt.txt,-1.4054234,4.276098
155_Logica_y_Teoria_de_Conjuntos.txt.txt,2.3955052,4.9560747
26_Electronica_Basica_+Lab.txt.txt,1.2484912,5.5994864
7_Ingles_Nivel_2.txt.txt,0.16606316,3.8953424
65_Alta_Cocina_Mundial.txt.txt,-0.42890686,5.0388227
110_Creatividad_Empresarial.txt.txt,-0.7337014,4.8838577
101_Analisis_de_Datos.txt.txt,0.7905247,6.6744823
63_Servicio_y_Protocolo.txt.txt,-0.09827412,6.3231215
161_Algebra_Lineal_2.txt.txt,2.2917655,5.245746
171_Barra_para_danza_contemporanea.txt.txt,0.4493906,2.8359761
"183_Procesos,_Metodos_y_Estandares.txt.txt",0.7930402,5.258463
129_Coloquios_ART.txt.txt,-0.87249833,3.2545404
67_Innovacion_Culinaria.txt.txt,-0.5746146,4.769742
116_Analisis_Estrategico_ADM.txt.txt,-0.86055404,6.1631713
10_Autoconocimiento.txt.txt,-1.1029099,5.2508135
47_Conceptos_y_Tecnicas_1.txt.txt,0.35315025,5.015504
35_Base_de_Datos.txt.txt,1.0246403,5.0271974
119_Composicion_Visual_1.txt.txt,1.0305955,3.1802988
79_Coloquios_EDU.txt.txt,-1.0315578,3.6025715
130_Arte_y_Contexto_Social.txt.txt,-1.1480968,4.7310505
178_Sonido.txt.txt,1.0867612,3.6191
44_Aplicaciones_Distribuidas.txt.txt,1.1551237,4.770537
62_Pasteleria.txt.txt,0.43940777,5.171062
151_Ecuaciones_Diferenciales.txt.txt,1.9779768,5.3596992
18_Calculo_Vectorial.txt.txt,2.5158687,5.7873883
125_Nuevos_Medios.txt.txt,0.0947797,2.9312117
100_Principios_de_Seguros.txt.txt,-0.068067595,5.5415087
36_Aprendizaje_Automatico.txt.txt,1.3972788,5.1997113
72_Fundamentos_de_la_Educacion.txt.txt,-1.3415525,5.1032853
56_Carniceria.txt.txt,0.4770697,5.148707
28_Probabilidad_y_Estadistica_+Ej.txt.txt,1.9926151,6.4021077
58_Introduccion_a_la_Biologia_+Ej.txt.txt,1.2973111,6.0931096
102_Principios_de_Finanzas.txt.txt,-0.7110398,5.6926603
181_Inv._de_Operaciones_1_+Lab.txt.txt,1.3220867,5.690235
85_Arte_y_Educacion.txt.txt,-1.671401,4.262224
186_Sistemas_Lean.txt.txt,0.87039113,5.347542
25_Cultura_Gastronomica.txt.txt,-0.97949255,4.8711896
4_Quimica_General_1_+Lab_Ej.txt.txt,1.5617213,6.092062
138_Enfasis_3.txt.txt,-0.09574391,2.7646284
55_Administracion_de_A_&_B.txt.txt,0.28235966,6.2706113
64_Practica_Culinaria_2.txt.txt,-0.2131205,4.7927036
42_Seguridad_Informatica.txt.txt,0.6829824,6.1174617
135_Gestion_y_Produccion_Cultural.txt.txt,-0.5808599,5.6653304
162_Algebra_Abstracta_1.txt.txt,2.7588842,4.7540216
99_Gerencia_de_Costos.txt.txt,0.32955515,6.7226524
17_Fisica_para_Ingenieria_1_+Lab_Ej.txt.txt,1.6127263,6.055674
127_Laboratorio_de_Creacion_2.txt.txt,0.59748435,3.9246602
176_Lenguaje_Visual_y_Montaje.txt.txt,1.4312004,3.5241349
78_Planificacion_y_Evaluacion_2.txt.txt,-1.8182075,5.2146993
80_Ensenanza_de_Lenguaje.txt.txt,-1.7585846,4.4977617
66_Reposteria_y_Chocolateria.txt.txt,0.4501498,4.7302365
30_Programacion_Avanzada_de_Apps.txt.txt,1.3155438,4.8858976
53_Conceptos_y_Tecnicas_2_+PRA.txt.txt,0.06282041,4.708673
54_Practica_Culinaria_1.txt.txt,0.026001865,5.1435337
50_Nutricion_Humana_+Lab.txt.txt,-0.12475745,5.8089523
182_Control_de_Produccion.txt.txt,0.6281778,5.681322
60_Coloquios_Gastr.txt.txt,-0.90858525,3.7527785
118_Fundamentos_de_las_Artes.txt.txt,0.62455064,3.9160354
106_Negociacion.txt.txt,0.27376685,6.934033
164_Analisis_Funcional.txt.txt,2.419261,5.5291395
153_Introduccion_a_Probabilidades.txt.txt,2.397409,6.0593195
91_Inclusion_y_Diversidad.txt.txt,-1.5563633,4.830966
117_Herramientas_Digitales_1.txt.txt,1.3114532,3.9287813
150_Variable_Compleja.txt.txt,2.9156537,5.328131
83_Ensenanza_de_Matematicas.txt.txt,-1.6052315,4.3638053
165_Algebra_Abstracta_2.txt.txt,2.60665,4.5447745
140_Arte_y_Educacion___Curaduria.txt.txt,-1.1210209,4.510457
1_Escritura_Academica.txt.txt,-0.1362644,4.047012
15_Matematicas_Discretas.txt.txt,2.3143737,4.7446084
115_Tributacion_y_Entorno_Legal.txt.txt,-0.22264142,5.4727125
2_Taller_de_Ing._Cs._Computacion.txt.txt,0.38812953,4.2318106
93_Practica_4.txt.txt,-0.43340978,4.209702
12_Ingles_Nivel_3.txt.txt,-0.16977283,4.1137223
163_Geometria_Diferencial.txt.txt,2.9642775,5.7828197
22_Algebra_Lineal_1_+Ej.txt.txt,2.2624786,5.729808
69_Administracion_de_Eventos.txt.txt,-0.17917278,6.286118
61_Alta_Cocina_Francesa.txt.txt,-0.11828057,4.921843
123_Fundamentos_de_Escultura.txt.txt,0.90153056,4.0666018
126_Arte_Contemporaneo.txt.txt,-0.24490182,3.0866392
86_Bilingualism.txt.txt,-2.0150208,4.749241
180_Diseño_de_Produccion.txt.txt,1.3410712,3.3717647
97_Principios_de_Marketing.txt.txt,-0.748908,6.1221447
109_Investigacion_de_Mercados.txt.txt,-0.087828144,6.844114
21_Programacion_de_Apps.txt.txt,1.3239206,5.11369
137_Matematicas_Cotidianas.txt.txt,1.9329332,5.659238
169_Improvisacion.txt.txt,0.7482517,2.8955526
14_Programacion_Avanzada_en_C++.txt.txt,1.5154109,4.3321695
154_Fundamentos_de_Geometria.txt.txt,2.7073083,4.7882833
13_Ingles_Nivel_4.txt.txt,-0.08756197,3.8633294
43_Mineria_de_Datos.txt.txt,0.9669225,6.444546
149_Teoria_de_Grupos.txt.txt,2.6238754,4.6325297
142_Produccion_&_Exhibicion.txt.txt,0.4872179,4.403548
152_Calculo_para_Ciencias_2.txt.txt,2.6741617,5.9146533
81_Practica_1.txt.txt,-0.57120496,4.3567886
57_Alta_Cocina_Ecuatoriana.txt.txt,-0.2663335,4.8535905
16_Introduccion_a_la_Economia.txt.txt,0.79850274,6.9212127
75_Planificacion_y_Evaluacion_1.txt.txt,-1.8251451,5.048398
8_Programacion_en_C++_+Ej.txt.txt,1.9764115,6.1116314
68_Enologia_y_Cocteleria.txt.txt,-0.2877018,5.362441
143_Programacion_Para_Diseño_1.txt.txt,1.7188003,4.067972
108_Economia_y_Negocios.txt.txt,1.1466992,7.028319
98_Estadistica_Empresarial_+Lab.txt.txt,1.1110021,6.8420753
82_Metodologias_de_Ensenanza.txt.txt,-1.6454327,4.778013
160_Ecuaciones_Diferenciales_Parciales.txt.txt,2.3599997,5.159992
48_Principios_de_Administracion.txt.txt,0.30634612,6.3221254
90_Practica_3.txt.txt,-0.68832886,4.0262613
52_Contabilidad_Empresarial.txt.txt,1.1102045,6.563472
121_Dibujo_para_Arte_y_Diseno.txt.txt,0.7331549,3.9474251
76_Estadistica_para_CCSS.txt.txt,1.788163,6.4260178
45_Proyecto_Integrador_CMP.txt.txt,0.07677091,4.4637136
131_Taller_de_Investigacion.txt.txt,0.25514662,3.6293867
84_Ensenanza_de_Ciencias_Sociales.txt.txt,-1.485786,4.0688267
9_Calculo_Integral_+_Ej.txt.txt,2.7382684,5.685687
23_Fisica_para_Ingenieria_2_+Lab_Ej.txt.txt,1.386963,5.8918676
132_Enfasis_1.txt.txt,-0.024722688,2.7066731
107_Operaciones_+Lab.txt.txt,1.6924495,5.7923183
145_Programacion_Para_Diseño_3.txt.txt,1.5159663,4.134391
94_Zoologia_+Lab.txt.txt,0.4378772,5.7605224
113_Negocios_Internacionales.txt.txt,-0.88458425,5.4429245
20_Ingles_Nivel_6.txt.txt,-0.2474224,3.7604854
112_Gestion_del_Talento.txt.txt,-0.023226006,6.037522
77_Neurociencia_y_Educacion.txt.txt,-1.4694555,5.2181196
166_Topologia_1.txt.txt,2.847985,5.167681
95_Fisiologia_+Lab.txt.txt,0.24998978,5.5571094
134_Enfasis_2.txt.txt,-0.057312947,2.7246509
148_Calculo_para_Ciencias_1.txt.txt,2.8125021,5.9714613
31_Organizacion_de_Computadores.txt.txt,1.0058572,5.6628847
46_Matematica_Empresarial_+Ej.txt.txt,1.4298834,6.783406
147_Modelado_3D_1.txt.txt,1.7731818,4.399044
114_Innovacion_y_Sustentabilidad.txt.txt,-1.2615865,4.0667796
39_Proyectos__Gerencia_y_Analisis.txt.txt,0.22592388,6.2039404
27_Estructuras_de_Datos.txt.txt,1.5015036,5.224133
87_Practica_2.txt.txt,-0.7456343,4.2428684
174_Proyecto_final_en_Danza.txt.txt,0.09667641,3.3242
173_Performance.txt.txt,0.68670183,3.1979492
96_Evolucion.txt.txt,0.4455224,5.8402834
41_Coloquios_ING.txt.txt,-1.11016,3.3976269
59_Introduccion_al_Marketing_HSP.txt.txt,-0.7656549,6.408006
111_Proyectos_Empresariales.txt.txt,-0.22917844,5.965797
157_Analisis_Numerico.txt.txt,2.1015525,5.167838
88_Ensenanza_de_Ciencias.txt.txt,-1.5607486,4.194255
104_Finanzas_Corporativas.txt.txt,-0.8299887,5.5622106
156_Inferencia_Estadistica.txt.txt,1.9586139,6.635003
29_Teoria_de_la_Computacion.txt.txt,1.3526518,4.696608
73_Teorias_del_Aprendizaje.txt.txt,-1.8166996,4.1355534
168_Analisis_Real.txt.txt,2.7168927,5.3356676
74_Desarrollo__Niño_y_Adolescente.txt.txt,-1.4031161,5.457071
92_Proyecto_Integrador_EDU.txt.txt,-0.63002425,4.309646
38_Sistemas_Operativos.txt.txt,0.6254065,5.575045
40_Practica_Pre-Profesional_PASEM.txt.txt,-0.4678041,4.411866
70_Gerencia_Financiera_HSP.txt.txt,0.5317201,6.6468816
172_Composicion.txt.txt,0.8388577,2.9574995
136_Laboratorio_de_Creacion_3.txt.txt,0.7873796,4.058287
5_Cosmos.txt.txt,-1.1920333,3.515186
122_Fotografia_1.txt.txt,1.4926566,3.8349311
128_Taller_de_Arte_1.txt.txt,0.3128339,3.3917534
49_Panaderia.txt.txt,0.39464512,5.2569327
144_Programacion_Para_Diseño_2.txt.txt,1.7070173,4.0654507
170_Danza_Moderna_2.txt.txt,0.7055118,2.7834365
159_Combinatoria_y_Grafos.txt.txt,1.9006486,4.8116903
103_Coloquios_adm.txt.txt,-1.0117229,3.300005
71_Identidad_Culinaria.txt.txt,-0.89363354,4.756515
120_Laboratorio_de_Creacion_1.txt.txt,0.9674993,4.5019646
51_Introduccion_a_la_Hospitalidad.txt.txt,-0.024327483,6.621366
175_Lenguaje_del_Cine.txt.txt,1.6224246,3.27796
19_Ingles_Nivel_5.txt.txt,-0.4926535,3.4640808
177_Cinematografia.txt.txt,1.0645561,3.4341657
133_Taller_de_Arte_2.txt.txt,0.44962656,3.589257
6_Ingles_Nivel_1.txt.txt,0.15328081,4.129726
179_Storytelling.txt.txt,1.6965894,3.1585355
37_Redes_+Lab.txt.txt,1.0395099,5.941541
146_Juegos_y_Narrativa.txt.txt,1.54954,3.352998
167_Topologia_2.txt.txt,2.8818696,4.944416
139_Taller_de_Arte_3.txt.txt,0.21861959,3.7461207
33_Diseño_de_Sistemas.txt.txt,1.2006956,4.610082
141_Temas_en_Comunicacion_y_Arte.txt.txt,-0.45512745,3.1866856
124_Teoria_Critica_1__Arte_&_Media.txt.txt,-0.640932,2.8967934
158_Teoria_de_Numeros.txt.txt,2.8916829,5.369052
