original_column,0,1,2
184_Ergonomia.txt.txt,8.419277,1.8197527,5.0629597
105_Marketing_Digital.txt.txt,7.7752175,2.4325752,5.319226
32_Emprendimiento.txt.txt,8.109367,2.0070968,4.7077494
185_Ingenieria_de_la_Calidad_+_Lab.txt.txt,8.183226,1.7997055,5.986696
24_Aprendizaje_y_Servicio_PASEC.txt.txt,7.823406,2.2995324,5.8199964
34_Inteligencia_Artificial.txt.txt,8.26013,2.7460191,5.716395
3_Calculo_Diferencial_+_Ej.txt.txt,9.623751,2.6453547,4.9294844
11_Ser_y_Cosmos.txt.txt,7.571256,2.1663234,5.661187
89_Ensenanza_Integrada_de_CITIAM.txt.txt,8.292881,2.0634515,4.8553576
155_Logica_y_Teoria_de_Conjuntos.txt.txt,8.453867,2.361681,5.3237796
26_Electronica_Basica_+Lab.txt.txt,7.979736,2.342247,4.706969
7_Ingles_Nivel_2.txt.txt,7.92039,2.4169264,5.0273466
65_Alta_Cocina_Mundial.txt.txt,8.970688,2.7180572,5.157995
110_Creatividad_Empresarial.txt.txt,8.641121,2.2853894,5.711429
101_Analisis_de_Datos.txt.txt,8.452596,1.6199028,5.431569
63_Servicio_y_Protocolo.txt.txt,8.025462,2.6471148,5.7174582
161_Algebra_Lineal_2.txt.txt,9.178559,1.3088782,5.605286
171_Barra_para_danza_contemporanea.txt.txt,8.387186,2.0756874,5.787489
"183_Procesos,_Metodos_y_Estandares.txt.txt",8.874483,2.1574726,5.8979683
129_Coloquios_ART.txt.txt,8.168848,2.2896147,6.378343
67_Innovacion_Culinaria.txt.txt,8.610225,2.0527253,5.219532
116_Analisis_Estrategico_ADM.txt.txt,7.9999747,1.8142315,5.216646
10_Autoconocimiento.txt.txt,8.628678,1.901652,4.788854
47_Conceptos_y_Tecnicas_1.txt.txt,9.181153,1.8549114,5.2729425
35_Base_de_Datos.txt.txt,8.707303,2.1701732,5.518276
119_Composicion_Visual_1.txt.txt,8.825649,2.277599,4.91105
79_Coloquios_EDU.txt.txt,8.6435375,2.022973,6.4877453
130_Arte_y_Contexto_Social.txt.txt,7.3269997,2.5622518,5.787298
178_Sonido.txt.txt,7.792841,1.9018959,5.2721696
44_Aplicaciones_Distribuidas.txt.txt,8.15947,2.0662344,5.4042907
62_Pasteleria.txt.txt,8.2069435,2.4323552,5.8071804
151_Ecuaciones_Diferenciales.txt.txt,9.075023,2.6657133,5.8684864
18_Calculo_Vectorial.txt.txt,9.408702,2.8104408,5.0946884
125_Nuevos_Medios.txt.txt,8.189777,2.3476906,6.274505
100_Principios_de_Seguros.txt.txt,8.004241,2.2532177,5.72254
36_Aprendizaje_Automatico.txt.txt,8.466709,2.6777353,5.5395603
72_Fundamentos_de_la_Educacion.txt.txt,8.760956,2.659055,5.3130903
56_Carniceria.txt.txt,8.720481,2.4339366,4.803379
28_Probabilidad_y_Estadistica_+Ej.txt.txt,8.211181,2.6915793,4.815897
58_Introduccion_a_la_Biologia_+Ej.txt.txt,8.9050455,2.5626998,5.187488
102_Principios_de_Finanzas.txt.txt,8.974468,1.9639763,5.4773192
181_Inv._de_Operaciones_1_+Lab.txt.txt,9.014335,2.2435217,5.518185
85_Arte_y_Educacion.txt.txt,8.502268,2.6178753,5.0418954
186_Sistemas_Lean.txt.txt,8.639466,2.3353477,6.0484767
25_Cultura_Gastronomica.txt.txt,7.3673387,2.1125495,6.045488
4_Quimica_General_1_+Lab_Ej.txt.txt,8.401835,2.868085,5.6788945
138_Enfasis_3.txt.txt,9.742743,1.8110485,5.06582
55_Administracion_de_A_&_B.txt.txt,8.657826,2.615086,5.7826047
64_Practica_Culinaria_2.txt.txt,8.631303,1.9595737,5.734821
42_Seguridad_Informatica.txt.txt,8.089439,2.303191,5.2256985
135_Gestion_y_Produccion_Cultural.txt.txt,7.6777453,1.3292274,5.45799
162_Algebra_Abstracta_1.txt.txt,8.075922,1.3798803,5.320978
99_Gerencia_de_Costos.txt.txt,7.44924,2.0880182,5.2675242
17_Fisica_para_Ingenieria_1_+Lab_Ej.txt.txt,8.035781,2.0490227,5.458867
127_Laboratorio_de_Creacion_2.txt.txt,7.8836403,2.7069292,4.8625355
176_Lenguaje_Visual_y_Montaje.txt.txt,7.961603,2.7685921,5.3803253
78_Planificacion_y_Evaluacion_2.txt.txt,8.909228,1.6853474,5.7339163
80_Ensenanza_de_Lenguaje.txt.txt,8.565578,1.6967181,4.9800906
66_Reposteria_y_Chocolateria.txt.txt,8.405972,2.5629165,5.285905
30_Programacion_Avanzada_de_Apps.txt.txt,9.655503,3.2795408,5.216714
53_Conceptos_y_Tecnicas_2_+PRA.txt.txt,8.651951,1.679733,5.997116
54_Practica_Culinaria_1.txt.txt,9.11749,2.005888,5.412064
50_Nutricion_Humana_+Lab.txt.txt,7.878013,1.6967995,4.792742
182_Control_de_Produccion.txt.txt,8.556302,1.9983767,6.2375917
60_Coloquios_Gastr.txt.txt,7.9490232,0.99095285,6.305025
118_Fundamentos_de_las_Artes.txt.txt,8.629246,2.6880622,6.183241
106_Negociacion.txt.txt,7.1273184,2.1841102,5.6966276
164_Analisis_Funcional.txt.txt,8.468372,1.7176054,4.3247004
153_Introduccion_a_Probabilidades.txt.txt,8.328018,2.1967747,4.222357
91_Inclusion_y_Diversidad.txt.txt,8.2602215,3.4929297,5.2044234
117_Herramientas_Digitales_1.txt.txt,9.122497,2.2852542,6.537454
150_Variable_Compleja.txt.txt,9.368782,2.7140675,4.7995114
83_Ensenanza_de_Matematicas.txt.txt,8.693729,2.5303545,6.914059
165_Algebra_Abstracta_2.txt.txt,8.20234,1.1967361,6.167713
140_Arte_y_Educacion___Curaduria.txt.txt,8.239453,1.1513523,4.8157635
1_Escritura_Academica.txt.txt,8.368121,2.841166,6.5779343
15_Matematicas_Discretas.txt.txt,9.05678,1.306256,4.9197955
115_Tributacion_y_Entorno_Legal.txt.txt,7.525554,1.8054922,6.1674857
2_Taller_de_Ing._Cs._Computacion.txt.txt,8.881305,2.7069228,4.565228
93_Practica_4.txt.txt,9.061762,1.1482073,4.8932385
12_Ingles_Nivel_3.txt.txt,7.454086,1.6257546,5.555721
163_Geometria_Diferencial.txt.txt,9.651034,2.880337,5.195112
22_Algebra_Lineal_1_+Ej.txt.txt,9.303514,1.197035,5.4973717
69_Administracion_de_Eventos.txt.txt,9.062331,2.211087,4.9105372
61_Alta_Cocina_Francesa.txt.txt,8.871539,3.129054,6.614498
123_Fundamentos_de_Escultura.txt.txt,8.668223,2.0004482,6.7644863
126_Arte_Contemporaneo.txt.txt,7.9242845,1.4935956,5.8599105
86_Bilingualism.txt.txt,7.050161,1.7264435,5.4636116
180_Diseño_de_Produccion.txt.txt,8.894028,3.0515115,5.853139
97_Principios_de_Marketing.txt.txt,8.169251,0.95279175,5.528995
109_Investigacion_de_Mercados.txt.txt,9.282262,1.828986,6.274343
21_Programacion_de_Apps.txt.txt,9.822962,3.261359,5.373233
137_Matematicas_Cotidianas.txt.txt,9.714349,2.1223402,5.419624
169_Improvisacion.txt.txt,8.357673,1.8475474,6.6866155
14_Programacion_Avanzada_en_C++.txt.txt,9.321264,2.5063117,5.698845
154_Fundamentos_de_Geometria.txt.txt,8.945285,3.1338205,5.2831078
13_Ingles_Nivel_4.txt.txt,7.6595154,2.334915,6.1873946
43_Mineria_de_Datos.txt.txt,7.162787,2.1572602,4.7929845
149_Teoria_de_Grupos.txt.txt,9.194776,2.4015808,4.609403
142_Produccion_&_Exhibicion.txt.txt,8.49111,1.2555813,5.5647664
152_Calculo_para_Ciencias_2.txt.txt,9.68372,2.6627066,5.4367948
81_Practica_1.txt.txt,8.241393,1.5156476,4.482103
57_Alta_Cocina_Ecuatoriana.txt.txt,9.380357,2.0233834,5.9982257
16_Introduccion_a_la_Economia.txt.txt,7.282606,2.4086769,4.8765106
75_Planificacion_y_Evaluacion_1.txt.txt,7.667303,3.088525,5.923105
8_Programacion_en_C++_+Ej.txt.txt,8.722247,1.1730193,5.413755
68_Enologia_y_Cocteleria.txt.txt,8.945067,3.2251413,5.901513
143_Programacion_Para_Diseño_1.txt.txt,9.14442,2.649069,6.3086596
108_Economia_y_Negocios.txt.txt,7.6702843,1.4446806,5.1429033
98_Estadistica_Empresarial_+Lab.txt.txt,6.9992657,2.0710297,5.028147
82_Metodologias_de_Ensenanza.txt.txt,8.543336,2.4814708,7.028747
160_Ecuaciones_Diferenciales_Parciales.txt.txt,8.985423,2.9299312,6.197585
48_Principios_de_Administracion.txt.txt,7.4540486,1.5035508,5.131885
90_Practica_3.txt.txt,9.11135,1.7091438,4.7380147
52_Contabilidad_Empresarial.txt.txt,8.962464,3.556001,5.0548563
121_Dibujo_para_Arte_y_Diseno.txt.txt,8.0601225,3.1368175,5.5875897
76_Estadistica_para_CCSS.txt.txt,7.0843477,2.121435,4.655582
45_Proyecto_Integrador_CMP.txt.txt,8.068611,1.6897757,6.1884737
131_Taller_de_Investigacion.txt.txt,9.1146755,1.7647388,4.966329
84_Ensenanza_de_Ciencias_Sociales.txt.txt,7.8130302,1.5238742,6.4481654
9_Calculo_Integral_+_Ej.txt.txt,8.907653,3.1935856,4.615113
23_Fisica_para_Ingenieria_2_+Lab_Ej.txt.txt,8.51153,3.0528016,4.6555476
132_Enfasis_1.txt.txt,10.012661,1.8679817,4.925297
107_Operaciones_+Lab.txt.txt,9.593707,1.5469662,5.6824827
145_Programacion_Para_Diseño_3.txt.txt,9.626676,2.3557444,6.3923264
94_Zoologia_+Lab.txt.txt,8.12653,3.4589682,6.286426
113_Negocios_Internacionales.txt.txt,8.278604,2.4816124,6.645425
20_Ingles_Nivel_6.txt.txt,7.4127407,2.3365145,6.563324
112_Gestion_del_Talento.txt.txt,7.492323,2.8028877,6.4200883
77_Neurociencia_y_Educacion.txt.txt,7.622611,2.980404,4.7340426
166_Topologia_1.txt.txt,9.133615,3.0915139,4.7585716
95_Fisiologia_+Lab.txt.txt,7.937375,1.3065503,5.6845202
134_Enfasis_2.txt.txt,9.772389,1.7295027,4.861468
148_Calculo_para_Ciencias_1.txt.txt,9.768539,2.5990365,4.682871
31_Organizacion_de_Computadores.txt.txt,7.6224427,1.6957781,4.576241
46_Matematica_Empresarial_+Ej.txt.txt,9.052404,3.3988442,5.3416667
147_Modelado_3D_1.txt.txt,8.485929,3.3044853,6.1291995
114_Innovacion_y_Sustentabilidad.txt.txt,8.838108,1.7104685,6.8937626
39_Proyectos__Gerencia_y_Analisis.txt.txt,7.8647294,3.3623147,6.0058374
27_Estructuras_de_Datos.txt.txt,8.663305,3.5247457,5.4054575
87_Practica_2.txt.txt,8.785952,1.9158232,3.987665
174_Proyecto_final_en_Danza.txt.txt,8.511329,0.8400551,5.143652
173_Performance.txt.txt,8.168728,3.288697,4.9135237
96_Evolucion.txt.txt,9.625737,2.1184006,4.6514883
41_Coloquios_ING.txt.txt,7.913943,0.96180326,6.4000688
59_Introduccion_al_Marketing_HSP.txt.txt,7.7800803,1.0646819,5.164385
111_Proyectos_Empresariales.txt.txt,7.325691,1.5773182,5.6230383
157_Analisis_Numerico.txt.txt,8.300255,3.3735027,4.7345266
88_Ensenanza_de_Ciencias.txt.txt,8.627172,1.199501,4.860584
104_Finanzas_Corporativas.txt.txt,8.81783,1.4322342,4.361384
156_Inferencia_Estadistica.txt.txt,7.1976995,1.6879394,4.9380684
29_Teoria_de_la_Computacion.txt.txt,10.036423,2.5247798,5.1570544
73_Teorias_del_Aprendizaje.txt.txt,8.661318,2.211579,4.205502
168_Analisis_Real.txt.txt,8.2451515,3.2309475,4.424382
74_Desarrollo__Niño_y_Adolescente.txt.txt,7.68074,3.2179961,5.1888714
92_Proyecto_Integrador_EDU.txt.txt,8.825532,2.851263,4.3168902
38_Sistemas_Operativos.txt.txt,7.618169,2.2343888,4.5239353
40_Practica_Pre-Profesional_PASEM.txt.txt,7.407901,2.5816212,4.8045454
70_Gerencia_Financiera_HSP.txt.txt,7.239569,2.7427056,5.301039
172_Composicion.txt.txt,8.489968,2.811071,6.2539515
136_Laboratorio_de_Creacion_3.txt.txt,7.8535953,1.8834481,6.7551126
5_Cosmos.txt.txt,7.9262238,2.819497,6.483789
122_Fotografia_1.txt.txt,9.246112,2.470688,6.6943283
128_Taller_de_Arte_1.txt.txt,9.479335,1.3945082,5.240872
49_Panaderia.txt.txt,7.7485886,2.5080187,4.2230945
144_Programacion_Para_Diseño_2.txt.txt,9.662911,2.4929643,5.69801
170_Danza_Moderna_2.txt.txt,7.866203,2.6535869,4.2985563
159_Combinatoria_y_Grafos.txt.txt,9.392949,1.6843362,6.1105866
103_Coloquios_adm.txt.txt,7.426679,1.8804058,4.7468357
71_Identidad_Culinaria.txt.txt,7.167542,2.6017106,5.9182625
120_Laboratorio_de_Creacion_1.txt.txt,9.2737,1.5130581,4.4842253
51_Introduccion_a_la_Hospitalidad.txt.txt,7.7256594,2.1182663,6.6938686
175_Lenguaje_del_Cine.txt.txt,7.634296,1.89606,4.301263
19_Ingles_Nivel_5.txt.txt,8.321981,3.4698536,6.110491
177_Cinematografia.txt.txt,8.49308,3.060464,5.1164403
133_Taller_de_Arte_2.txt.txt,8.312468,3.5184965,5.3822627
6_Ingles_Nivel_1.txt.txt,7.8999095,1.7157716,4.2077584
179_Storytelling.txt.txt,9.53537,2.6771913,6.0462255
37_Redes_+Lab.txt.txt,9.06359,2.132812,4.2356653
146_Juegos_y_Narrativa.txt.txt,7.5108504,2.8043592,5.431161
167_Topologia_2.txt.txt,8.62785,1.0013776,5.946973
139_Taller_de_Arte_3.txt.txt,9.288474,2.195134,4.291565
33_Diseño_de_Sistemas.txt.txt,8.940922,1.4186009,6.3352394
141_Temas_en_Comunicacion_y_Arte.txt.txt,7.3437953,1.8188717,6.120754
124_Teoria_Critica_1__Arte_&_Media.txt.txt,8.3406515,1.2919097,6.6254463
158_Teoria_de_Numeros.txt.txt,9.348852,3.2772837,6.1202497
