original_column,0,1,2
184_Ergonomia.txt.txt,1.0172272,11.198359,5.137681
105_Marketing_Digital.txt.txt,0.5133272,12.817251,4.4281754
32_Emprendimiento.txt.txt,1.8123281,11.460145,5.151091
185_Ingenieria_de_la_Calidad_+_Lab.txt.txt,2.1122978,11.643022,3.9734573
24_Aprendizaje_y_Servicio_PASEC.txt.txt,1.3614668,11.521264,6.2134833
34_Inteligencia_Artificial.txt.txt,1.3518299,11.149576,4.787333
3_Calculo_Diferencial_+_Ej.txt.txt,2.5362463,10.973675,4.9304485
11_Ser_y_Cosmos.txt.txt,1.5853833,11.842808,4.9994917
89_Ensenanza_Integrada_de_CITIAM.txt.txt,2.8729002,11.642082,5.0711174
155_Logica_y_Teoria_de_Conjuntos.txt.txt,2.654177,12.945745,5.473842
26_Electronica_Basica_+Lab.txt.txt,1.2547995,12.023206,5.9761667
7_Ingles_Nivel_2.txt.txt,2.0065007,11.36576,3.9895477
65_Alta_Cocina_Mundial.txt.txt,0.66079974,12.152409,4.308739
110_Creatividad_Empresarial.txt.txt,2.4739752,12.965089,4.0837164
101_Analisis_de_Datos.txt.txt,0.85555786,11.660911,4.7190404
63_Servicio_y_Protocolo.txt.txt,1.4694722,12.978168,5.5795846
161_Algebra_Lineal_2.txt.txt,3.0893435,11.313166,4.4290905
171_Barra_para_danza_contemporanea.txt.txt,1.77481,12.029652,4.8815575
"183_Procesos,_Metodos_y_Estandares.txt.txt",2.2914155,12.152298,5.0115757
129_Coloquios_ART.txt.txt,0.56821525,11.418522,3.547363
67_Innovacion_Culinaria.txt.txt,2.058787,13.575044,4.5241337
116_Analisis_Estrategico_ADM.txt.txt,2.3179278,12.908099,4.664975
10_Autoconocimiento.txt.txt,1.6085026,13.290303,5.1459427
47_Conceptos_y_Tecnicas_1.txt.txt,2.2780735,11.457382,4.7395205
35_Base_de_Datos.txt.txt,1.1875154,11.720528,5.6647325
119_Composicion_Visual_1.txt.txt,1.0782517,12.040498,3.4015636
79_Coloquios_EDU.txt.txt,0.4091136,11.054359,4.4189
130_Arte_y_Contexto_Social.txt.txt,0.43725252,12.418984,5.5497975
178_Sonido.txt.txt,1.2857985,13.295215,4.5421042
44_Aplicaciones_Distribuidas.txt.txt,2.16943,12.61757,5.4116416
62_Pasteleria.txt.txt,1.5357857,12.747498,3.590289
151_Ecuaciones_Diferenciales.txt.txt,2.045648,11.048601,5.440347
18_Calculo_Vectorial.txt.txt,3.3220537,12.409128,4.4914885
125_Nuevos_Medios.txt.txt,1.2510651,13.524686,4.846572
100_Principios_de_Seguros.txt.txt,2.211004,12.494405,4.0425105
36_Aprendizaje_Automatico.txt.txt,1.3988274,11.225954,4.4454217
72_Fundamentos_de_la_Educacion.txt.txt,1.2584245,13.469984,5.21493
56_Carniceria.txt.txt,1.5553672,12.849735,4.551491
28_Probabilidad_y_Estadistica_+Ej.txt.txt,0.99192756,10.44787,3.9364617
58_Introduccion_a_la_Biologia_+Ej.txt.txt,2.681318,11.957082,4.193437
102_Principios_de_Finanzas.txt.txt,1.9636261,11.442585,4.3247166
181_Inv._de_Operaciones_1_+Lab.txt.txt,1.9609648,12.4186535,5.2258415
85_Arte_y_Educacion.txt.txt,0.70873916,12.238353,4.9839334
186_Sistemas_Lean.txt.txt,2.6956053,11.934107,5.3307905
25_Cultura_Gastronomica.txt.txt,1.2659112,11.609794,4.262942
4_Quimica_General_1_+Lab_Ej.txt.txt,1.4955022,12.1409,4.0815387
138_Enfasis_3.txt.txt,0.3201129,10.916363,5.622046
55_Administracion_de_A_&_B.txt.txt,2.6234791,11.815645,4.9635196
64_Practica_Culinaria_2.txt.txt,1.8712382,13.39672,3.6512659
42_Seguridad_Informatica.txt.txt,1.84444,12.145332,4.5783854
135_Gestion_y_Produccion_Cultural.txt.txt,1.9211011,12.743488,6.161816
162_Algebra_Abstracta_1.txt.txt,2.1742692,13.141852,4.636371
99_Gerencia_de_Costos.txt.txt,2.1553903,13.162439,5.479078
17_Fisica_para_Ingenieria_1_+Lab_Ej.txt.txt,1.103806,12.455389,5.1730747
127_Laboratorio_de_Creacion_2.txt.txt,0.60444546,13.550658,4.7146277
176_Lenguaje_Visual_y_Montaje.txt.txt,1.5290371,12.55372,4.836001
78_Planificacion_y_Evaluacion_2.txt.txt,1.2008228,12.754584,5.4124675
80_Ensenanza_de_Lenguaje.txt.txt,1.7261502,13.131565,4.5262566
66_Reposteria_y_Chocolateria.txt.txt,1.7764418,11.944529,5.2546306
30_Programacion_Avanzada_de_Apps.txt.txt,1.8301796,12.267839,2.6076617
53_Conceptos_y_Tecnicas_2_+PRA.txt.txt,1.2678974,13.081978,3.8342898
54_Practica_Culinaria_1.txt.txt,1.3471714,12.372276,5.432596
50_Nutricion_Humana_+Lab.txt.txt,1.322287,12.200315,3.6211996
182_Control_de_Produccion.txt.txt,2.1641324,11.631463,5.755937
60_Coloquios_Gastr.txt.txt,1.7592727,10.036021,4.861307
118_Fundamentos_de_las_Artes.txt.txt,0.98906726,12.613614,4.123384
106_Negociacion.txt.txt,0.8362379,14.015238,4.960091
164_Analisis_Funcional.txt.txt,-0.103626065,12.068647,3.4810848
153_Introduccion_a_Probabilidades.txt.txt,1.948154,13.797569,5.4164267
91_Inclusion_y_Diversidad.txt.txt,2.651151,12.99955,3.5128007
117_Herramientas_Digitales_1.txt.txt,1.6341681,10.549142,4.220054
150_Variable_Compleja.txt.txt,2.4791083,13.71813,5.7907643
83_Ensenanza_de_Matematicas.txt.txt,2.588969,13.978606,4.758613
165_Algebra_Abstracta_2.txt.txt,0.21343036,12.532394,4.9800477
140_Arte_y_Educacion___Curaduria.txt.txt,1.1221694,12.609865,3.1566744
1_Escritura_Academica.txt.txt,3.6334603,12.498377,3.6863928
15_Matematicas_Discretas.txt.txt,3.0882847,11.366279,5.582075
115_Tributacion_y_Entorno_Legal.txt.txt,0.53185886,10.503425,4.458694
2_Taller_de_Ing._Cs._Computacion.txt.txt,1.6424822,11.213144,3.4748926
93_Practica_4.txt.txt,2.5808666,10.536687,4.573957
12_Ingles_Nivel_3.txt.txt,0.56415886,12.756726,4.4577045
163_Geometria_Diferencial.txt.txt,3.6231124,11.704286,3.8719907
22_Algebra_Lineal_1_+Ej.txt.txt,3.3735652,10.823741,4.8773804
69_Administracion_de_Eventos.txt.txt,2.5572042,13.979036,3.7681305
61_Alta_Cocina_Francesa.txt.txt,0.57984996,12.019977,6.19091
123_Fundamentos_de_Escultura.txt.txt,1.4904451,12.051786,3.376708
126_Arte_Contemporaneo.txt.txt,1.0472627,11.938439,4.1380105
86_Bilingualism.txt.txt,0.65126824,12.8898735,6.2241154
180_Diseño_de_Produccion.txt.txt,0.82403547,13.166201,4.3885217
97_Principios_de_Marketing.txt.txt,3.0019329,13.17534,4.6974607
109_Investigacion_de_Mercados.txt.txt,0.17929716,12.970081,5.061548
21_Programacion_de_Apps.txt.txt,2.2065682,12.354496,2.386251
137_Matematicas_Cotidianas.txt.txt,2.3279278,12.403858,4.0223126
169_Improvisacion.txt.txt,2.4108944,10.758373,4.198794
14_Programacion_Avanzada_en_C++.txt.txt,2.0980797,11.5377865,3.1942525
154_Fundamentos_de_Geometria.txt.txt,2.5034487,11.504612,6.0646863
13_Ingles_Nivel_4.txt.txt,1.675504,11.323027,3.3588953
43_Mineria_de_Datos.txt.txt,0.93509144,11.305303,4.0699725
149_Teoria_de_Grupos.txt.txt,1.1198311,11.130279,3.1292377
142_Produccion_&_Exhibicion.txt.txt,1.6871369,13.707391,3.304665
152_Calculo_para_Ciencias_2.txt.txt,3.0090985,12.148583,3.7085588
81_Practica_1.txt.txt,0.02773709,11.906383,5.7913017
57_Alta_Cocina_Ecuatoriana.txt.txt,1.0436807,14.1797285,4.400253
16_Introduccion_a_la_Economia.txt.txt,0.76388323,10.515736,5.893949
75_Planificacion_y_Evaluacion_1.txt.txt,0.5043546,13.67209,5.3516035
8_Programacion_en_C++_+Ej.txt.txt,3.1003382,13.11522,4.2895126
68_Enologia_y_Cocteleria.txt.txt,0.75931484,13.789031,3.8605146
143_Programacion_Para_Diseño_1.txt.txt,1.1140554,10.587182,4.653935
108_Economia_y_Negocios.txt.txt,0.22864543,11.592256,5.5815797
98_Estadistica_Empresarial_+Lab.txt.txt,-0.06259265,11.144889,3.9776502
82_Metodologias_de_Ensenanza.txt.txt,2.2624118,13.983233,3.932775
160_Ecuaciones_Diferenciales_Parciales.txt.txt,2.3514988,10.8082,6.082771
48_Principios_de_Administracion.txt.txt,3.8045304,11.875487,4.8116446
90_Practica_3.txt.txt,-0.4574638,12.215732,4.7168484
52_Contabilidad_Empresarial.txt.txt,1.8919597,10.645065,5.93862
121_Dibujo_para_Arte_y_Diseno.txt.txt,0.44088393,12.624365,3.141464
76_Estadistica_para_CCSS.txt.txt,0.19503093,10.511162,4.1826534
45_Proyecto_Integrador_CMP.txt.txt,1.5743046,13.812157,3.661748
131_Taller_de_Investigacion.txt.txt,3.5295537,12.785745,4.2743707
84_Ensenanza_de_Ciencias_Sociales.txt.txt,0.3820031,11.366269,5.220363
9_Calculo_Integral_+_Ej.txt.txt,3.2614055,11.370271,5.201655
23_Fisica_para_Ingenieria_2_+Lab_Ej.txt.txt,0.06007305,11.410612,4.8622746
132_Enfasis_1.txt.txt,0.2509656,11.061213,6.1741347
107_Operaciones_+Lab.txt.txt,0.3282732,11.842581,3.775924
145_Programacion_Para_Diseño_3.txt.txt,2.848114,10.463637,3.7668107
94_Zoologia_+Lab.txt.txt,-0.23310581,11.920413,4.1225276
113_Negocios_Internacionales.txt.txt,1.6781641,10.655298,5.456771
20_Ingles_Nivel_6.txt.txt,-0.34708855,13.240215,4.0205116
112_Gestion_del_Talento.txt.txt,3.3433266,12.483025,5.150776
77_Neurociencia_y_Educacion.txt.txt,2.3986228,12.251974,6.6743417
166_Topologia_1.txt.txt,2.6912425,13.380525,5.4213595
95_Fisiologia_+Lab.txt.txt,1.7124376,11.325998,2.636447
134_Enfasis_2.txt.txt,0.87729883,10.907352,6.0740905
148_Calculo_para_Ciencias_1.txt.txt,3.4296966,11.063957,4.389409
31_Organizacion_de_Computadores.txt.txt,-0.303849,13.242109,4.5987678
46_Matematica_Empresarial_+Ej.txt.txt,2.1861947,10.350291,5.6762714
147_Modelado_3D_1.txt.txt,2.6937804,11.247416,3.0230372
114_Innovacion_y_Sustentabilidad.txt.txt,0.8222716,11.395541,5.349682
39_Proyectos__Gerencia_y_Analisis.txt.txt,2.934286,12.901913,6.040822
27_Estructuras_de_Datos.txt.txt,2.1120982,14.194209,4.322877
87_Practica_2.txt.txt,0.2890058,12.538274,5.6666636
174_Proyecto_final_en_Danza.txt.txt,3.2857482,12.1875,4.3470807
173_Performance.txt.txt,1.4029214,13.590657,6.1476645
96_Evolucion.txt.txt,1.5880576,11.589131,6.393212
41_Coloquios_ING.txt.txt,1.4229311,9.78981,5.3203783
59_Introduccion_al_Marketing_HSP.txt.txt,3.0743444,13.775235,5.1547937
111_Proyectos_Empresariales.txt.txt,3.3942246,12.697957,5.6299944
157_Analisis_Numerico.txt.txt,1.180159,12.471706,6.495434
88_Ensenanza_de_Ciencias.txt.txt,-0.15757807,13.086624,5.2588115
104_Finanzas_Corporativas.txt.txt,0.33447617,11.863976,4.6218762
156_Inferencia_Estadistica.txt.txt,1.2137029,14.055362,4.0826325
29_Teoria_de_la_Computacion.txt.txt,2.9100807,13.312287,3.5000467
73_Teorias_del_Aprendizaje.txt.txt,2.2734554,10.471638,3.6408498
168_Analisis_Real.txt.txt,2.7919366,12.071293,6.079467
74_Desarrollo__Niño_y_Adolescente.txt.txt,1.1605997,13.158684,2.937973
92_Proyecto_Integrador_EDU.txt.txt,2.814341,11.409593,3.5962489
38_Sistemas_Operativos.txt.txt,2.9929686,12.884358,5.4034557
40_Practica_Pre-Profesional_PASEM.txt.txt,2.9188302,13.887387,4.615115
70_Gerencia_Financiera_HSP.txt.txt,2.5446873,13.130831,6.337549
172_Composicion.txt.txt,1.2020929,13.640923,5.9463296
136_Laboratorio_de_Creacion_3.txt.txt,-0.010137732,13.01389,3.7862396
5_Cosmos.txt.txt,1.2624292,10.879452,2.8108912
122_Fotografia_1.txt.txt,1.0829343,10.283171,3.6103177
128_Taller_de_Arte_1.txt.txt,2.8837035,12.754277,3.3877058
49_Panaderia.txt.txt,2.0495603,12.827666,3.1197104
144_Programacion_Para_Diseño_2.txt.txt,3.004311,11.308423,3.3778687
170_Danza_Moderna_2.txt.txt,1.4203925,12.874094,6.111962
159_Combinatoria_y_Grafos.txt.txt,1.7936319,12.142426,6.2791476
103_Coloquios_adm.txt.txt,1.3712512,10.529159,5.245266
71_Identidad_Culinaria.txt.txt,0.124223754,13.238553,5.7392716
120_Laboratorio_de_Creacion_1.txt.txt,0.57796884,13.072909,3.5206532
51_Introduccion_a_la_Hospitalidad.txt.txt,2.262898,11.7325735,2.9668484
175_Lenguaje_del_Cine.txt.txt,1.7216175,13.128261,2.932749
19_Ingles_Nivel_5.txt.txt,0.4629292,11.578662,2.89541
177_Cinematografia.txt.txt,-0.20854536,11.509633,4.6770153
133_Taller_de_Arte_2.txt.txt,2.3769832,12.49951,3.234467
6_Ingles_Nivel_1.txt.txt,1.5324142,10.247116,3.98494
179_Storytelling.txt.txt,2.9799085,12.170497,5.957754
37_Redes_+Lab.txt.txt,0.17428365,13.608255,4.6179705
146_Juegos_y_Narrativa.txt.txt,-0.08143535,12.75357,4.2981105
167_Topologia_2.txt.txt,2.491121,10.046218,4.967306
139_Taller_de_Arte_3.txt.txt,1.8211852,14.424088,5.110749
33_Diseño_de_Sistemas.txt.txt,0.18751954,12.877341,3.2961962
141_Temas_en_Comunicacion_y_Arte.txt.txt,-0.14813437,12.832716,6.0593057
124_Teoria_Critica_1__Arte_&_Media.txt.txt,1.2608863,13.431421,6.2193937
158_Teoria_de_Numeros.txt.txt,3.2397697,11.104472,5.933478
