original_column,0,1,2,3,4
184_Ergonomia.txt.txt,6.582711,3.537326,7.637405,0.77839035,1.2627679
105_Marketing_Digital.txt.txt,6.74638,2.5967178,8.94723,1.2667936,2.1597817
32_Emprendimiento.txt.txt,6.655961,3.2808957,9.050382,0.38416615,1.6908703
185_Ingenieria_de_la_Calidad_+_Lab.txt.txt,7.256221,3.8682122,8.335274,0.8600829,1.4246153
24_Aprendizaje_y_Servicio_PASEC.txt.txt,5.9154,2.8111367,9.105191,0.8593859,1.0675275
34_Inteligencia_Artificial.txt.txt,6.2283306,3.5032742,8.006077,2.3255544,1.5965657
3_Calculo_Diferencial_+_Ej.txt.txt,6.079361,4.4987683,8.33955,2.1210845,1.8307655
11_Ser_y_Cosmos.txt.txt,5.3383455,3.0221686,9.157827,0.8877649,1.4499587
89_Ensenanza_Integrada_de_CITIAM.txt.txt,5.5532947,2.86034,8.790587,1.7215194,2.2060459
155_Logica_y_Teoria_de_Conjuntos.txt.txt,6.0010095,3.8278344,8.829226,2.287578,2.3093617
26_Electronica_Basica_+Lab.txt.txt,6.323815,4.4269447,8.45076,0.90503937,1.114762
7_Ingles_Nivel_2.txt.txt,5.4380994,3.569372,7.6164994,1.7384317,1.3139621
65_Alta_Cocina_Mundial.txt.txt,6.663708,2.285676,8.06622,1.1441145,0.9202078
110_Creatividad_Empresarial.txt.txt,6.3656507,2.8387046,8.46582,0.3353254,1.5701759
101_Analisis_de_Datos.txt.txt,7.1864867,3.952334,8.841462,1.2871065,2.0332243
63_Servicio_y_Protocolo.txt.txt,7.564494,3.1808197,8.758746,1.1102995,0.96340394
161_Algebra_Lineal_2.txt.txt,5.4225464,4.145822,8.472267,1.297556,2.1365192
171_Barra_para_danza_contemporanea.txt.txt,5.9375696,2.5382006,7.7569475,1.3689736,2.1594226
"183_Procesos,_Metodos_y_Estandares.txt.txt",7.410824,3.682895,7.856681,1.0150123,1.319709
129_Coloquios_ART.txt.txt,5.239966,2.9494061,8.663009,0.7578732,1.8034575
67_Innovacion_Culinaria.txt.txt,6.683997,2.5375824,7.8502846,0.7090462,1.1555432
116_Analisis_Estrategico_ADM.txt.txt,6.8544083,2.979982,9.14702,1.5110693,2.1165442
10_Autoconocimiento.txt.txt,5.9188185,3.117378,9.04425,1.2228489,2.0458016
47_Conceptos_y_Tecnicas_1.txt.txt,6.9351554,3.2186785,7.5021152,1.4977398,0.91973066
35_Base_de_Datos.txt.txt,7.020302,4.3310933,7.8204703,1.5490297,1.3303657
119_Composicion_Visual_1.txt.txt,6.289586,3.1586878,8.075413,0.88192654,2.691025
79_Coloquios_EDU.txt.txt,5.128604,2.7361934,8.525323,0.96214885,1.3925614
130_Arte_y_Contexto_Social.txt.txt,6.1216273,2.2923303,8.782023,0.80028695,2.0893612
178_Sonido.txt.txt,6.991313,3.115188,7.7703414,0.6807741,2.220729
44_Aplicaciones_Distribuidas.txt.txt,6.648951,3.8732302,7.75441,1.4855157,0.88438636
62_Pasteleria.txt.txt,7.20159,2.9237452,7.5376883,1.653117,1.6411531
151_Ecuaciones_Diferenciales.txt.txt,5.8024554,4.0817637,9.157525,1.8126485,1.9870096
18_Calculo_Vectorial.txt.txt,5.74979,4.536496,8.72097,2.1867166,1.7598578
125_Nuevos_Medios.txt.txt,5.8560004,2.9876366,8.308849,1.139077,2.6064713
100_Principios_de_Seguros.txt.txt,7.329468,3.0184503,8.421292,1.2110385,1.7095901
36_Aprendizaje_Automatico.txt.txt,6.533402,3.4740872,8.187841,2.2316883,1.1202371
72_Fundamentos_de_la_Educacion.txt.txt,5.572466,2.4735394,9.210267,1.4247563,1.2690934
56_Carniceria.txt.txt,7.2002544,3.3089876,7.552939,1.6764147,1.208845
28_Probabilidad_y_Estadistica_+Ej.txt.txt,6.2928796,4.726214,8.808748,1.5512487,1.8375942
58_Introduccion_a_la_Biologia_+Ej.txt.txt,6.299651,4.0741105,8.9679,1.9404339,0.96245897
102_Principios_de_Finanzas.txt.txt,6.291471,3.725101,8.768444,0.5209603,2.1383288
181_Inv._de_Operaciones_1_+Lab.txt.txt,6.99061,3.788814,8.624586,2.0493095,1.4431529
85_Arte_y_Educacion.txt.txt,5.523466,2.2322202,8.751268,1.217753,1.6325434
186_Sistemas_Lean.txt.txt,7.4510164,3.6837697,8.091472,1.0187707,1.891315
25_Cultura_Gastronomica.txt.txt,6.3730154,2.1322408,8.778601,1.0049665,1.580256
4_Quimica_General_1_+Lab_Ej.txt.txt,6.317508,4.4879155,8.946543,1.7450187,1.1301249
138_Enfasis_3.txt.txt,5.5073104,3.0731318,8.412423,0.50830823,2.3624396
55_Administracion_de_A_&_B.txt.txt,7.696645,3.6466975,8.634372,1.1777918,0.99896735
64_Practica_Culinaria_2.txt.txt,6.560981,3.0161157,7.6033015,1.0888612,0.47103196
42_Seguridad_Informatica.txt.txt,7.5891914,3.7674584,8.539011,1.5085325,1.2055049
135_Gestion_y_Produccion_Cultural.txt.txt,6.9610815,2.8307695,8.844244,0.6619879,1.3225359
162_Algebra_Abstracta_1.txt.txt,5.3157816,3.845737,8.7157545,2.1534045,2.442418
99_Gerencia_de_Costos.txt.txt,7.1353235,3.7868857,9.033291,0.5494784,1.5759928
17_Fisica_para_Ingenieria_1_+Lab_Ej.txt.txt,6.1359386,4.4740715,8.864965,1.9009038,1.310299
127_Laboratorio_de_Creacion_2.txt.txt,5.797043,3.707096,7.6066465,0.632073,1.3528391
176_Lenguaje_Visual_y_Montaje.txt.txt,6.922605,2.9975617,7.7564974,1.2719018,2.4379356
78_Planificacion_y_Evaluacion_2.txt.txt,6.085303,2.8305593,8.654043,2.119326,1.4311703
80_Ensenanza_de_Lenguaje.txt.txt,5.8390245,2.243069,8.208015,1.7136298,1.4174821
66_Reposteria_y_Chocolateria.txt.txt,6.711883,3.0550318,7.2831984,1.3788179,1.3965803
30_Programacion_Avanzada_de_Apps.txt.txt,6.6692147,3.9563646,7.547649,1.9192889,1.2257508
53_Conceptos_y_Tecnicas_2_+PRA.txt.txt,6.43273,2.8808503,7.5225515,1.4096701,0.60946226
54_Practica_Culinaria_1.txt.txt,7.001132,3.1453907,7.856369,1.2713687,0.5081873
50_Nutricion_Humana_+Lab.txt.txt,6.944302,3.155718,8.943324,1.949247,1.3078712
182_Control_de_Produccion.txt.txt,7.751656,3.7971148,8.099404,0.8630773,1.505029
60_Coloquios_Gastr.txt.txt,5.815867,3.3628638,8.86093,0.2734412,1.2862276
118_Fundamentos_de_las_Artes.txt.txt,5.6589546,3.8384736,8.115138,0.8041068,2.0201495
106_Negociacion.txt.txt,7.453152,3.3140929,8.838956,0.57145035,2.0482502
164_Analisis_Funcional.txt.txt,5.360273,4.429313,8.749209,1.2849644,1.9630302
153_Introduccion_a_Probabilidades.txt.txt,6.000603,4.6047006,8.57685,1.4481413,2.1860094
91_Inclusion_y_Diversidad.txt.txt,5.822509,2.3663564,8.228124,0.85918367,1.4958861
117_Herramientas_Digitales_1.txt.txt,6.539035,3.6494737,7.5702868,0.9161206,2.4308748
150_Variable_Compleja.txt.txt,5.4910903,4.357403,8.789015,2.2818825,2.2155576
83_Ensenanza_de_Matematicas.txt.txt,5.692963,2.4407363,8.782162,2.030384,1.6764952
165_Algebra_Abstracta_2.txt.txt,5.2891684,3.7120647,8.249385,1.9605123,2.289472
140_Arte_y_Educacion___Curaduria.txt.txt,5.690389,2.6827145,8.7900915,0.6976845,1.8808631
1_Escritura_Academica.txt.txt,5.508801,3.4186804,7.8942094,0.89668405,0.82237285
15_Matematicas_Discretas.txt.txt,6.1290483,3.9282262,8.5598345,1.9921219,2.6072106
115_Tributacion_y_Entorno_Legal.txt.txt,7.04646,3.034026,8.354922,0.6986456,1.8077028
2_Taller_de_Ing._Cs._Computacion.txt.txt,6.0266504,3.5684502,8.040514,1.0727056,0.64064723
93_Practica_4.txt.txt,5.7191243,2.7725265,8.260622,1.5195496,0.4176607
12_Ingles_Nivel_3.txt.txt,5.2803936,3.5569134,8.038542,1.3816456,0.8002038
163_Geometria_Diferencial.txt.txt,5.41991,4.5857244,8.594278,1.7298115,1.9827793
22_Algebra_Lineal_1_+Ej.txt.txt,5.6751866,4.538166,8.80226,1.3760415,1.6511904
69_Administracion_de_Eventos.txt.txt,7.4534297,3.0322366,9.202228,1.0982414,1.2673687
61_Alta_Cocina_Francesa.txt.txt,6.9900913,2.6524599,7.5889993,1.5315765,0.83345306
123_Fundamentos_de_Escultura.txt.txt,6.4050884,3.6721566,7.5515246,0.5262615,2.060999
126_Arte_Contemporaneo.txt.txt,6.024229,2.5260613,7.951726,0.6163091,2.319912
86_Bilingualism.txt.txt,6.0152063,2.0835006,8.843739,1.6516725,1.7713904
180_Diseño_de_Produccion.txt.txt,7.1646776,3.026367,7.8920403,0.7531207,2.6462462
97_Principios_de_Marketing.txt.txt,6.8549824,3.1388466,9.40192,0.9773579,1.824977
109_Investigacion_de_Mercados.txt.txt,7.1980457,3.4967515,9.103023,0.62943095,2.0952036
21_Programacion_de_Apps.txt.txt,6.951875,4.2279725,7.5688376,1.7704511,1.4604136
137_Matematicas_Cotidianas.txt.txt,6.632567,4.040923,9.03931,2.1030262,1.9575053
169_Improvisacion.txt.txt,5.8748198,2.7254815,7.4785686,1.0509535,2.2541692
14_Programacion_Avanzada_en_C++.txt.txt,6.1359735,3.6104867,7.333939,1.8230324,1.5765
154_Fundamentos_de_Geometria.txt.txt,5.22429,3.7213967,8.978133,2.142681,2.0906143
13_Ingles_Nivel_4.txt.txt,5.336358,3.1124897,7.697341,1.4185917,0.9058858
43_Mineria_de_Datos.txt.txt,7.0961666,3.7547035,8.883976,1.838579,1.3699081
149_Teoria_de_Grupos.txt.txt,5.111613,3.8182557,8.632097,1.9972981,2.1355772
142_Produccion_&_Exhibicion.txt.txt,6.308883,3.4370353,7.8058352,0.24717359,1.0547146
152_Calculo_para_Ciencias_2.txt.txt,5.4716587,4.3898087,7.9689193,2.0793579,1.7676294
81_Practica_1.txt.txt,6.1808896,2.7190158,8.421552,1.2817225,0.3234629
57_Alta_Cocina_Ecuatoriana.txt.txt,6.7057824,2.4919171,7.5105376,1.182676,0.7695545
16_Introduccion_a_la_Economia.txt.txt,6.8497295,3.7034934,9.366221,1.0135775,2.02574
75_Planificacion_y_Evaluacion_1.txt.txt,6.364158,2.4802597,8.71605,1.988299,1.37167
8_Programacion_en_C++_+Ej.txt.txt,6.1154966,4.135693,8.38697,2.0114884,1.2403697
68_Enologia_y_Cocteleria.txt.txt,7.2880597,2.5963087,8.049039,1.5167375,1.0986042
143_Programacion_Para_Diseño_1.txt.txt,6.6826873,3.5639508,7.352118,1.6917368,2.1394362
108_Economia_y_Negocios.txt.txt,6.593072,3.913673,8.98695,1.2751328,2.468268
98_Estadistica_Empresarial_+Lab.txt.txt,7.1953845,4.318709,9.080927,1.2491792,1.8802139
82_Metodologias_de_Ensenanza.txt.txt,6.1526523,2.3447504,8.696909,1.8966855,1.5885512
160_Ecuaciones_Diferenciales_Parciales.txt.txt,5.785301,3.9885619,9.120543,1.9914386,2.1222808
48_Principios_de_Administracion.txt.txt,7.3747087,3.5322397,9.2505455,1.4019039,1.1224895
90_Practica_3.txt.txt,5.3638034,2.9905648,8.359743,1.1180804,0.59257835
52_Contabilidad_Empresarial.txt.txt,7.0534453,4.1980658,9.270388,1.4067031,1.3656899
121_Dibujo_para_Arte_y_Diseno.txt.txt,6.240361,3.6579068,7.8499546,0.37153953,1.958487
76_Estadistica_para_CCSS.txt.txt,6.7361836,4.6394753,8.912077,1.400876,1.7054677
45_Proyecto_Integrador_CMP.txt.txt,6.2288165,3.3719158,7.9861183,0.74391335,0.50316715
131_Taller_de_Investigacion.txt.txt,5.7080493,3.3712707,8.027882,0.22044057,1.1538317
84_Ensenanza_de_Ciencias_Sociales.txt.txt,5.5623584,2.270761,8.792207,1.552329,2.1100574
9_Calculo_Integral_+_Ej.txt.txt,5.823889,4.815692,8.367933,1.9770184,2.0349255
23_Fisica_para_Ingenieria_2_+Lab_Ej.txt.txt,6.0102706,4.481323,8.714906,1.410446,1.0072473
132_Enfasis_1.txt.txt,5.326451,3.2966616,8.080572,0.69201773,2.3063405
107_Operaciones_+Lab.txt.txt,7.0525756,4.2033286,8.778103,1.99313,1.6960554
145_Programacion_Para_Diseño_3.txt.txt,6.0025797,4.1512737,7.418474,1.2492324,1.5975753
94_Zoologia_+Lab.txt.txt,5.903041,3.4158893,9.303025,1.8839593,1.0671818
113_Negocios_Internacionales.txt.txt,6.584774,3.2254274,8.778434,0.14375466,2.0343337
20_Ingles_Nivel_6.txt.txt,5.050677,2.9849594,7.9678354,1.5635142,0.9146151
112_Gestion_del_Talento.txt.txt,7.0041203,3.0268614,9.280541,1.1331849,0.9185089
77_Neurociencia_y_Educacion.txt.txt,5.957386,2.4516244,9.3263,1.6402277,1.2225257
166_Topologia_1.txt.txt,5.1958027,4.1206026,8.831627,1.9692863,1.7936875
95_Fisiologia_+Lab.txt.txt,6.0565143,3.256057,9.006452,2.096817,0.8924724
134_Enfasis_2.txt.txt,5.1928983,3.2285147,8.226094,0.6254227,2.1673682
148_Calculo_para_Ciencias_1.txt.txt,5.433349,4.562933,8.13427,1.8488948,1.4845953
31_Organizacion_de_Computadores.txt.txt,7.0879116,4.2022533,8.146848,1.437983,0.87928826
46_Matematica_Empresarial_+Ej.txt.txt,6.696791,4.2781463,9.44051,1.5904884,1.7405874
147_Modelado_3D_1.txt.txt,6.2714734,4.0762687,7.4078326,1.4017692,2.0054228
114_Innovacion_y_Sustentabilidad.txt.txt,5.861312,2.8199053,9.251584,0.6483978,1.5671769
39_Proyectos__Gerencia_y_Analisis.txt.txt,7.08296,3.8990877,8.913501,1.0263015,0.8611142
27_Estructuras_de_Datos.txt.txt,7.0186377,3.725424,7.9819517,2.1349447,1.9538023
87_Practica_2.txt.txt,5.547158,2.738002,8.402136,1.1391135,0.4172921
174_Proyecto_final_en_Danza.txt.txt,6.150558,2.8467724,7.673649,0.34661224,1.2486033
173_Performance.txt.txt,6.0501585,2.5871513,7.4241853,0.98464465,1.7238388
96_Evolucion.txt.txt,6.241271,3.3831987,9.035953,2.0724003,0.7817174
41_Coloquios_ING.txt.txt,5.316059,3.2550695,8.840518,0.4896629,1.2361528
59_Introduccion_al_Marketing_HSP.txt.txt,7.171373,2.9451954,9.394433,1.3624109,1.761085
111_Proyectos_Empresariales.txt.txt,7.0779624,3.1682854,8.982619,0.6296487,1.1613286
157_Analisis_Numerico.txt.txt,5.9963245,3.8288922,8.088137,2.3762617,1.9720849
88_Ensenanza_de_Ciencias.txt.txt,5.3780327,2.4144428,8.806296,1.7481661,1.2953136
104_Finanzas_Corporativas.txt.txt,6.3032017,3.2518582,9.039581,0.59739745,2.293314
156_Inferencia_Estadistica.txt.txt,6.459187,4.552323,8.834018,1.0206473,2.0213645
29_Teoria_de_la_Computacion.txt.txt,5.718239,3.8315165,8.115719,1.9180616,0.7955889
73_Teorias_del_Aprendizaje.txt.txt,5.6684747,2.1005588,8.716061,1.4600196,1.1253078
168_Analisis_Real.txt.txt,5.383244,4.2945848,8.502496,2.308077,2.088702
74_Desarrollo__Niño_y_Adolescente.txt.txt,5.86219,2.671574,9.487394,1.3431263,1.5810902
92_Proyecto_Integrador_EDU.txt.txt,6.0930276,3.0310338,8.504266,0.7300032,0.46398762
38_Sistemas_Operativos.txt.txt,7.4042883,3.855247,7.954453,1.2449018,0.83362335
40_Practica_Pre-Profesional_PASEM.txt.txt,6.579254,2.7643728,8.463508,1.1127412,0.41347066
70_Gerencia_Financiera_HSP.txt.txt,7.423335,3.9957085,9.106138,0.7951267,1.4318001
172_Composicion.txt.txt,6.146707,2.7864683,7.578547,0.9196543,2.5282967
136_Laboratorio_de_Creacion_3.txt.txt,5.976436,4.010962,7.956039,0.22034584,1.5398126
5_Cosmos.txt.txt,5.266376,3.3059366,9.215025,1.2167068,1.6987772
122_Fotografia_1.txt.txt,6.9220185,3.6204782,7.8584385,0.8722577,2.6206055
128_Taller_de_Arte_1.txt.txt,5.8630905,2.9710944,7.6427794,0.21814911,1.475756
49_Panaderia.txt.txt,7.367266,2.8902514,7.5457816,1.4394705,1.3504778
144_Programacion_Para_Diseño_2.txt.txt,6.5675592,3.696456,7.1657014,1.6742599,1.8687085
170_Danza_Moderna_2.txt.txt,5.962967,2.8767357,7.4541783,1.6083771,2.1664042
159_Combinatoria_y_Grafos.txt.txt,6.553692,3.788124,8.135168,2.036516,2.4496026
103_Coloquios_adm.txt.txt,5.6101704,3.4782355,8.980254,0.25784755,1.6904167
71_Identidad_Culinaria.txt.txt,6.3818026,2.0807676,8.614027,0.809039,1.21
120_Laboratorio_de_Creacion_1.txt.txt,5.9159665,4.2544513,8.1036825,0.5193468,1.2316568
51_Introduccion_a_la_Hospitalidad.txt.txt,7.7246714,3.3855813,9.033893,0.67158145,1.2607294
175_Lenguaje_del_Cine.txt.txt,6.9872894,3.0154178,8.020307,1.2272936,2.8514798
19_Ingles_Nivel_5.txt.txt,5.1076427,2.728705,7.9848723,1.3988532,1.366733
177_Cinematografia.txt.txt,6.770554,3.1448252,7.750015,0.52727133,2.6822007
133_Taller_de_Arte_2.txt.txt,5.586431,2.9688535,7.713707,0.46525833,1.2411296
6_Ingles_Nivel_1.txt.txt,5.339852,3.0998313,7.6489434,1.6851972,1.2918719
179_Storytelling.txt.txt,7.3150215,2.7764046,8.348678,0.8547591,2.6500535
37_Redes_+Lab.txt.txt,7.273507,4.0959044,8.350601,1.8266317,0.8683548
146_Juegos_y_Narrativa.txt.txt,6.962813,2.6492689,8.147988,1.0242908,2.642408
167_Topologia_2.txt.txt,5.5055647,4.1861153,8.264801,1.9731584,2.5161004
139_Taller_de_Arte_3.txt.txt,5.952378,3.1609986,7.6901603,0.07981964,1.0423288
33_Diseño_de_Sistemas.txt.txt,6.7334843,4.3868012,7.656947,1.0367179,1.2538928
141_Temas_en_Comunicacion_y_Arte.txt.txt,5.819298,2.3259063,8.398339,0.7233154,2.3014255
124_Teoria_Critica_1__Arte_&_Media.txt.txt,5.574436,2.430969,8.468882,1.1066644,2.454697
158_Teoria_de_Numeros.txt.txt,5.5274215,4.4859715,8.745929,1.8665837,2.5501983
