original_column,0,1,2,3,4
184_Ergonomia.txt.txt,4.908405,2.4107535,8.557737,2.5243018,5.2018194
105_Marketing_Digital.txt.txt,2.8496299,2.703338,8.897828,1.6001158,4.9116497
32_Emprendimiento.txt.txt,2.9279983,2.0823607,9.544619,2.1252854,4.7851987
185_Ingenieria_de_la_Calidad_+_Lab.txt.txt,3.8358903,1.7826761,9.148902,1.4433938,3.8170278
24_Aprendizaje_y_Servicio_PASEC.txt.txt,3.4164057,2.251279,9.354603,3.2236412,5.7126756
34_Inteligencia_Artificial.txt.txt,3.8350682,3.1771514,9.398965,1.0311109,4.5810556
3_Calculo_Diferencial_+_Ej.txt.txt,4.5484653,3.3409288,9.941859,1.6806127,3.6291568
11_Ser_y_Cosmos.txt.txt,3.5133574,2.4500694,9.891449,3.282768,5.723586
89_Ensenanza_Integrada_de_CITIAM.txt.txt,2.9984655,2.9331744,9.759921,2.3724794,5.4450946
155_Logica_y_Teoria_de_Conjuntos.txt.txt,4.232251,3.8992236,9.159632,1.605828,3.6512778
26_Electronica_Basica_+Lab.txt.txt,4.4164505,2.4946759,9.378867,1.9702816,3.2814178
7_Ingles_Nivel_2.txt.txt,4.7863865,2.8813035,10.129216,1.9405715,5.354275
65_Alta_Cocina_Mundial.txt.txt,3.7531044,1.2213291,9.074487,2.463794,5.646554
110_Creatividad_Empresarial.txt.txt,3.4273956,1.8887633,9.842172,2.3097339,5.418993
101_Analisis_de_Datos.txt.txt,3.1512015,2.3906367,9.604139,1.4299662,3.8510828
63_Servicio_y_Protocolo.txt.txt,3.3428257,1.5225772,8.69969,1.7838181,4.05113
161_Algebra_Lineal_2.txt.txt,4.199899,3.8413506,10.101937,1.2859596,4.227497
171_Barra_para_danza_contemporanea.txt.txt,3.999169,3.2745776,9.35029,1.9470668,5.653844
"183_Procesos,_Metodos_y_Estandares.txt.txt",4.0250893,1.8568555,8.821254,1.1139896,3.7325969
129_Coloquios_ART.txt.txt,3.918598,2.3228936,10.259558,2.6098409,5.9111257
67_Innovacion_Culinaria.txt.txt,3.8773303,1.3287613,9.417864,2.2875996,5.627265
116_Analisis_Estrategico_ADM.txt.txt,2.8076367,2.660445,8.811391,1.9469149,4.6309056
10_Autoconocimiento.txt.txt,4.458136,2.9812002,9.082498,2.536055,5.5097485
47_Conceptos_y_Tecnicas_1.txt.txt,4.2093363,0.9424234,8.878406,2.3267448,5.244739
35_Base_de_Datos.txt.txt,4.528643,1.990975,9.761884,1.2886212,3.9133635
119_Composicion_Visual_1.txt.txt,3.9819937,2.867722,8.818142,1.004581,5.87328
79_Coloquios_EDU.txt.txt,3.6887348,2.481763,10.02013,2.899306,5.9924755
130_Arte_y_Contexto_Social.txt.txt,3.0916412,2.376583,9.070991,1.8756673,5.788724
178_Sonido.txt.txt,4.121509,2.234507,8.52187,1.217444,5.541583
44_Aplicaciones_Distribuidas.txt.txt,4.7533097,1.8104144,9.02759,1.6303054,4.0573945
62_Pasteleria.txt.txt,4.369331,0.9685802,8.696765,1.8295507,4.946834
151_Ecuaciones_Diferenciales.txt.txt,3.5947816,3.5463362,9.87869,1.6766822,3.6398904
18_Calculo_Vectorial.txt.txt,4.630042,3.7011728,10.131993,1.5354702,3.48257
125_Nuevos_Medios.txt.txt,3.5127013,2.5775385,9.484291,1.2538823,5.738535
100_Principios_de_Seguros.txt.txt,4.0954065,1.6903509,8.661792,2.5051694,4.394508
36_Aprendizaje_Automatico.txt.txt,3.7594318,2.957942,9.1826935,1.2353672,4.230997
72_Fundamentos_de_la_Educacion.txt.txt,3.5067985,2.7007654,8.822051,3.1887872,5.7475233
56_Carniceria.txt.txt,4.383455,1.122349,8.720862,1.9548813,4.583491
28_Probabilidad_y_Estadistica_+Ej.txt.txt,4.2257104,3.0710275,10.405077,2.0614626,3.6880264
58_Introduccion_a_la_Biologia_+Ej.txt.txt,3.9409993,3.1845376,9.73519,2.7839496,3.7880516
102_Principios_de_Finanzas.txt.txt,3.7138038,1.9749588,9.837228,2.8550599,4.6608744
181_Inv._de_Operaciones_1_+Lab.txt.txt,3.7687912,2.9485984,8.813912,1.5617448,3.7698815
85_Arte_y_Educacion.txt.txt,2.9343026,2.8686805,9.2969265,3.1199238,5.8032956
186_Sistemas_Lean.txt.txt,3.7804687,2.2951493,8.677082,1.1810977,3.8848784
25_Cultura_Gastronomica.txt.txt,3.2620058,1.9262528,8.921384,2.098195,5.7215557
4_Quimica_General_1_+Lab_Ej.txt.txt,4.193569,3.0579114,9.969412,2.4370742,3.6173286
138_Enfasis_3.txt.txt,3.7227542,2.5049417,10.545166,2.3879168,5.186933
55_Administracion_de_A_&_B.txt.txt,3.5110319,1.5781691,8.835443,1.842221,3.7810557
64_Practica_Culinaria_2.txt.txt,4.341964,1.2715665,8.8138895,2.777282,5.668501
42_Seguridad_Informatica.txt.txt,3.9518447,1.835927,8.839347,2.0410373,3.4200723
135_Gestion_y_Produccion_Cultural.txt.txt,3.2794025,2.0457203,8.516683,2.277343,4.618491
162_Algebra_Abstracta_1.txt.txt,4.3167114,4.2605443,9.372586,1.565014,3.9045856
99_Gerencia_de_Costos.txt.txt,2.9347003,1.9619975,9.364119,2.061763,4.046407
17_Fisica_para_Ingenieria_1_+Lab_Ej.txt.txt,4.087538,3.2330742,9.440517,2.2145627,3.2769945
127_Laboratorio_de_Creacion_2.txt.txt,4.914963,1.9642181,9.555703,1.6811653,5.4879375
176_Lenguaje_Visual_y_Montaje.txt.txt,3.799756,2.520316,8.899651,0.6284676,5.460301
78_Planificacion_y_Evaluacion_2.txt.txt,3.1132755,3.2999375,9.157867,2.8179407,5.097064
80_Ensenanza_de_Lenguaje.txt.txt,3.538597,3.1393244,9.347244,2.7869806,5.916176
66_Reposteria_y_Chocolateria.txt.txt,4.543468,1.0811938,8.833065,1.9068674,5.1109366
30_Programacion_Avanzada_de_Apps.txt.txt,4.8777514,2.059133,8.981572,1.2381004,3.9888492
53_Conceptos_y_Tecnicas_2_+PRA.txt.txt,4.4086156,1.1951963,9.016645,2.4238153,5.7475924
54_Practica_Culinaria_1.txt.txt,4.143593,1.1499745,8.720318,2.828249,5.1892576
50_Nutricion_Humana_+Lab.txt.txt,3.7149653,2.6452837,8.800561,2.906497,4.2927732
182_Control_de_Produccion.txt.txt,3.7135713,1.8215302,8.578642,1.2934016,3.9488335
60_Coloquios_Gastr.txt.txt,3.8863778,1.7520641,9.93703,2.5897768,5.6233516
118_Fundamentos_de_las_Artes.txt.txt,4.7240863,2.752114,9.873011,1.5131437,5.0918665
106_Negociacion.txt.txt,2.7316012,1.9430522,9.511134,1.5604849,4.1702185
164_Analisis_Funcional.txt.txt,4.4026856,3.7216115,10.606223,1.3948476,3.9701996
153_Introduccion_a_Probabilidades.txt.txt,4.5175486,3.207001,10.463252,1.5836186,3.6696932
91_Inclusion_y_Diversidad.txt.txt,3.9660563,2.5397642,9.318114,2.35818,5.2311573
117_Herramientas_Digitales_1.txt.txt,4.2415013,2.436255,9.45015,0.7462277,5.427171
150_Variable_Compleja.txt.txt,4.8750567,3.5129302,9.807929,1.1721475,3.5103831
83_Ensenanza_de_Matematicas.txt.txt,3.1438825,3.3797603,9.433396,2.7478862,5.5681267
165_Algebra_Abstracta_2.txt.txt,4.076313,4.1110883,9.770423,1.2850522,4.202784
140_Arte_y_Educacion___Curaduria.txt.txt,3.3082373,2.3138711,8.848569,3.0073771,5.071217
1_Escritura_Academica.txt.txt,5.136373,2.4317777,9.810274,2.511702,5.398517
15_Matematicas_Discretas.txt.txt,4.3467183,3.7097807,9.118382,1.2279742,3.828627
115_Tributacion_y_Entorno_Legal.txt.txt,3.8251455,1.8468585,9.02392,2.6275628,4.6248584
2_Taller_de_Ing._Cs._Computacion.txt.txt,5.1012254,2.554386,9.071574,2.204271,4.9543834
93_Practica_4.txt.txt,4.303212,2.0000212,8.981022,3.4620483,5.8509445
12_Ingles_Nivel_3.txt.txt,4.9396954,2.56646,10.013107,2.539023,5.039684
163_Geometria_Diferencial.txt.txt,4.2647057,3.8898768,10.228597,1.6970477,3.3107796
22_Algebra_Lineal_1_+Ej.txt.txt,3.988379,3.6449656,10.255264,1.2970017,3.8440979
69_Administracion_de_Eventos.txt.txt,3.0599523,1.8395342,8.784857,2.345056,4.2082667
61_Alta_Cocina_Francesa.txt.txt,4.1437554,0.9313013,8.58905,2.353426,5.6345606
123_Fundamentos_de_Escultura.txt.txt,4.441304,2.416061,9.794492,1.1732566,5.604001
126_Arte_Contemporaneo.txt.txt,3.8950171,2.504483,9.443089,1.7420866,6.1033263
86_Bilingualism.txt.txt,3.1102138,2.8739083,8.8878975,2.6015863,5.571811
180_Diseño_de_Produccion.txt.txt,3.844467,2.6700428,8.401134,0.7623788,5.6386585
97_Principios_de_Marketing.txt.txt,3.0871184,2.4361868,8.729116,1.8220575,4.4155107
109_Investigacion_de_Mercados.txt.txt,2.783474,2.1997342,9.46215,1.5689478,4.407692
21_Programacion_de_Apps.txt.txt,4.5543246,1.9167615,9.057098,0.95168114,4.0743713
137_Matematicas_Cotidianas.txt.txt,3.5026984,3.3823175,9.243533,1.6864591,3.5719812
169_Improvisacion.txt.txt,4.313186,3.1610115,9.396045,1.5960556,5.9212885
14_Programacion_Avanzada_en_C++.txt.txt,4.5808744,2.2029278,9.457888,1.0318019,4.54623
154_Fundamentos_de_Geometria.txt.txt,4.565946,4.2842927,9.489802,1.5907189,3.6464498
13_Ingles_Nivel_4.txt.txt,4.798578,2.5792756,9.982893,2.5993505,5.880317
43_Mineria_de_Datos.txt.txt,3.2561452,2.620168,9.26798,1.3664002,3.9337165
149_Teoria_de_Grupos.txt.txt,4.364785,4.2686615,9.446078,1.3886913,3.8355775
142_Produccion_&_Exhibicion.txt.txt,5.138585,2.2647343,8.780191,2.408358,5.2728505
152_Calculo_para_Ciencias_2.txt.txt,4.415573,3.487169,10.094447,1.2335724,3.92103
81_Practica_1.txt.txt,4.61087,1.9255826,8.775969,3.3104885,5.8245425
57_Alta_Cocina_Ecuatoriana.txt.txt,4.080465,0.88936913,8.884295,2.4147499,5.689923
16_Introduccion_a_la_Economia.txt.txt,2.77615,2.6523023,9.662409,2.132236,4.247268
75_Planificacion_y_Evaluacion_1.txt.txt,3.3049023,3.144143,8.854222,2.8066785,5.1751795
8_Programacion_en_C++_+Ej.txt.txt,4.161459,2.7769055,9.91331,1.9138186,3.6606805
68_Enologia_y_Cocteleria.txt.txt,3.8854935,1.1508703,8.386786,2.0831597,5.211153
143_Programacion_Para_Diseño_1.txt.txt,4.0915933,2.3725612,9.184552,0.62582105,4.7300525
108_Economia_y_Negocios.txt.txt,2.887051,2.625677,9.740691,2.1092577,4.002286
98_Estadistica_Empresarial_+Lab.txt.txt,3.110791,2.5827403,10.006834,1.6554303,3.7508132
82_Metodologias_de_Ensenanza.txt.txt,3.2304778,3.037018,9.263672,2.8943174,5.7956476
160_Ecuaciones_Diferenciales_Parciales.txt.txt,3.8142323,3.8198624,9.5938225,1.6216702,3.5521135
48_Principios_de_Administracion.txt.txt,3.4772873,1.9046148,8.868105,2.4657729,3.6495092
90_Practica_3.txt.txt,4.345713,1.8640819,9.317834,3.507262,5.71156
52_Contabilidad_Empresarial.txt.txt,3.6127083,2.2954533,9.818891,1.815693,3.4778204
121_Dibujo_para_Arte_y_Diseno.txt.txt,4.2745104,2.1186192,9.621468,1.3178151,5.495511
76_Estadistica_para_CCSS.txt.txt,3.8060184,3.0346277,10.515366,1.7548045,3.8218956
45_Proyecto_Integrador_CMP.txt.txt,4.986264,2.4373202,8.795483,2.731338,4.9976463
131_Taller_de_Investigacion.txt.txt,5.2012873,2.0264945,9.474545,2.1641617,5.3293853
84_Ensenanza_de_Ciencias_Sociales.txt.txt,2.7812898,3.0791788,9.466318,2.481068,5.693516
9_Calculo_Integral_+_Ej.txt.txt,4.429175,3.376207,10.184535,1.3437146,3.5174577
23_Fisica_para_Ingenieria_2_+Lab_Ej.txt.txt,4.5143547,3.0672333,9.469757,2.2242148,3.2764986
132_Enfasis_1.txt.txt,4.0396786,2.5470717,10.564502,2.2636776,5.2158146
107_Operaciones_+Lab.txt.txt,3.5921936,2.9992478,8.836497,1.7128317,3.600592
145_Programacion_Para_Diseño_3.txt.txt,4.679566,2.4180954,9.701765,0.8059757,4.789908
94_Zoologia_+Lab.txt.txt,3.8722472,3.2637603,9.728037,3.0330207,4.26159
113_Negocios_Internacionales.txt.txt,3.567787,1.6281526,9.70451,2.7500196,5.058847
20_Ingles_Nivel_6.txt.txt,4.83591,2.479541,10.189422,2.5840814,5.6219635
112_Gestion_del_Talento.txt.txt,3.444028,2.1377933,8.735563,2.8866313,4.1448565
77_Neurociencia_y_Educacion.txt.txt,3.3203568,2.840276,8.788653,3.1698594,5.5556536
166_Topologia_1.txt.txt,4.633073,4.1706576,9.847858,1.8640718,3.5470886
95_Fisiologia_+Lab.txt.txt,3.7236629,3.1138232,9.731775,3.1646242,4.0837836
134_Enfasis_2.txt.txt,3.8398309,2.3647957,10.524455,2.395916,5.1011877
148_Calculo_para_Ciencias_1.txt.txt,4.448754,3.639738,10.285873,1.8743464,3.5346844
31_Organizacion_de_Computadores.txt.txt,4.4820733,2.0636337,9.147383,1.5825009,3.3445563
46_Matematica_Empresarial_+Ej.txt.txt,3.372555,2.9647489,9.891737,1.9299797,3.5572362
147_Modelado_3D_1.txt.txt,4.6163244,2.1828108,9.75125,0.97288585,4.4846573
114_Innovacion_y_Sustentabilidad.txt.txt,3.0991366,2.1972466,9.634437,3.0659704,5.6390376
39_Proyectos__Gerencia_y_Analisis.txt.txt,4.103034,2.1627033,8.721286,2.489447,4.1287036
27_Estructuras_de_Datos.txt.txt,4.183038,2.4156027,8.872769,0.99951696,3.9484758
87_Practica_2.txt.txt,4.2939425,1.7599477,8.929334,3.396947,5.8896775
174_Proyecto_final_en_Danza.txt.txt,4.918078,2.5850434,8.96353,2.3446512,5.8238697
173_Performance.txt.txt,4.6804233,3.0381036,9.184843,1.9487844,5.9693365
96_Evolucion.txt.txt,3.9776137,3.1261868,9.471715,3.1959655,4.039132
41_Coloquios_ING.txt.txt,3.9090505,2.201056,10.061905,3.174665,5.761343
59_Introduccion_al_Marketing_HSP.txt.txt,2.8803976,2.3021557,8.649058,1.7322587,4.3544264
111_Proyectos_Empresariales.txt.txt,3.5831947,1.889682,8.639987,2.6206703,4.1339645
157_Analisis_Numerico.txt.txt,3.7518256,3.5678244,9.861311,1.1837107,4.256696
88_Ensenanza_de_Ciencias.txt.txt,3.051116,3.383697,9.606574,2.9783213,5.414814
104_Finanzas_Corporativas.txt.txt,3.2519863,1.8718778,9.702117,2.806734,4.7114825
156_Inferencia_Estadistica.txt.txt,3.8812833,2.9779184,10.568787,2.098132,4.0854216
29_Teoria_de_la_Computacion.txt.txt,4.707564,2.995347,9.188736,2.694808,4.7187614
73_Teorias_del_Aprendizaje.txt.txt,3.323345,2.7164977,9.451731,3.3066185,5.9142637
168_Analisis_Real.txt.txt,5.000801,3.6726413,9.868078,1.24373,3.9561267
74_Desarrollo__Niño_y_Adolescente.txt.txt,4.0327697,2.9325535,8.671108,2.8269713,5.5426354
92_Proyecto_Integrador_EDU.txt.txt,4.47959,2.2326503,8.990344,3.1715324,5.5740275
38_Sistemas_Operativos.txt.txt,4.2654943,1.6052482,8.8511715,1.5328146,3.6335015
40_Practica_Pre-Profesional_PASEM.txt.txt,4.861183,2.0512314,9.033904,3.131742,5.6743712
70_Gerencia_Financiera_HSP.txt.txt,2.9705825,1.6741482,9.433306,2.0149047,3.858405
172_Composicion.txt.txt,4.3930473,3.0577798,9.0140295,1.4260956,5.964634
136_Laboratorio_de_Creacion_3.txt.txt,4.7782054,1.9137241,9.892708,1.8018194,5.635099
5_Cosmos.txt.txt,4.005021,2.768673,9.856168,3.2888079,5.5399723
122_Fotografia_1.txt.txt,4.1607494,2.7134705,8.91757,0.7149772,5.6127305
128_Taller_de_Arte_1.txt.txt,4.868658,1.954725,9.145398,2.1789603,5.830402
49_Panaderia.txt.txt,4.252369,0.85900754,8.584207,1.9847238,5.1407166
144_Programacion_Para_Diseño_2.txt.txt,4.4037,2.2187428,9.3952055,0.6691134,4.71802
170_Danza_Moderna_2.txt.txt,4.3955107,3.3660672,9.215947,1.6664281,5.4185257
159_Combinatoria_y_Grafos.txt.txt,4.328979,3.1855109,8.855094,1.1308509,4.0499177
103_Coloquios_adm.txt.txt,4.178131,1.9609735,10.262416,2.7846181,5.5441136
71_Identidad_Culinaria.txt.txt,3.497353,1.6838412,8.98998,2.3667254,6.0253067
120_Laboratorio_de_Creacion_1.txt.txt,4.7969217,1.808246,9.909484,1.6488609,5.073241
51_Introduccion_a_la_Hospitalidad.txt.txt,3.0215557,1.4565173,9.136824,1.7628622,3.9985783
175_Lenguaje_del_Cine.txt.txt,3.712666,2.652679,8.680898,0.4869438,5.6493917
19_Ingles_Nivel_5.txt.txt,4.2825933,2.6662214,10.273939,2.550969,6.0012407
177_Cinematografia.txt.txt,4.0746694,2.4932098,8.494683,0.92807037,5.8179903
133_Taller_de_Arte_2.txt.txt,5.0418487,2.238748,9.175299,1.9944913,5.6783104
6_Ingles_Nivel_1.txt.txt,4.559401,2.720548,10.077988,2.079624,5.8693547
179_Storytelling.txt.txt,3.4978402,2.4346468,8.384503,0.7920578,5.6103306
37_Redes_+Lab.txt.txt,4.1326704,2.0470679,8.863497,1.811448,3.2852302
146_Juegos_y_Narrativa.txt.txt,3.3686047,2.4608707,8.749136,0.7858465,5.6330233
167_Topologia_2.txt.txt,4.5316586,4.17632,9.825592,1.3670588,3.6910253
139_Taller_de_Arte_3.txt.txt,5.272678,2.1158307,9.066795,2.1923635,5.591553
33_Diseño_de_Sistemas.txt.txt,4.7900057,1.7708149,9.65338,1.4583185,4.184774
141_Temas_en_Comunicacion_y_Arte.txt.txt,3.3915792,2.3172061,9.639345,1.7977741,6.005486
124_Teoria_Critica_1__Arte_&_Media.txt.txt,3.2377062,2.520969,9.45191,1.8335866,6.1142797
158_Teoria_de_Numeros.txt.txt,4.7217565,3.823764,9.615121,1.1548156,3.403051
