original_column,0,1,2
184_Ergonomia.txt.txt,3.3034801,6.2099967,4.2382507
105_Marketing_Digital.txt.txt,5.3676705,5.663827,2.745673
32_Emprendimiento.txt.txt,5.1495895,4.866363,3.3041317
185_Ingenieria_de_la_Calidad_+_Lab.txt.txt,3.6046653,5.257696,3.0570102
24_Aprendizaje_y_Servicio_PASEC.txt.txt,5.36418,6.596526,3.9999568
34_Inteligencia_Artificial.txt.txt,3.776977,5.36131,4.564446
3_Calculo_Diferencial_+_Ej.txt.txt,3.1845863,4.419025,4.959147
11_Ser_y_Cosmos.txt.txt,5.5978703,6.868653,4.2388244
89_Ensenanza_Integrada_de_CITIAM.txt.txt,5.9042306,5.587433,4.320208
155_Logica_y_Teoria_de_Conjuntos.txt.txt,3.7920022,4.889609,5.34222
26_Electronica_Basica_+Lab.txt.txt,3.0944538,4.22129,3.8041296
7_Ingles_Nivel_2.txt.txt,4.01617,5.8526173,5.137956
65_Alta_Cocina_Mundial.txt.txt,3.6364272,6.893311,3.281955
110_Creatividad_Empresarial.txt.txt,5.037923,6.059712,3.8060124
101_Analisis_de_Datos.txt.txt,4.1228776,4.063705,3.2324047
63_Servicio_y_Protocolo.txt.txt,3.912547,5.341929,2.3106647
161_Algebra_Lineal_2.txt.txt,4.1205807,4.890219,5.1321225
171_Barra_para_danza_contemporanea.txt.txt,4.5527267,6.566885,3.6445215
"183_Procesos,_Metodos_y_Estandares.txt.txt",3.3306751,5.3259916,3.2143192
129_Coloquios_ART.txt.txt,5.2530828,7.0228357,4.5997686
67_Innovacion_Culinaria.txt.txt,3.5093973,7.285712,3.5461848
116_Analisis_Estrategico_ADM.txt.txt,5.4613204,5.1818047,2.9576066
10_Autoconocimiento.txt.txt,4.695673,6.2973094,4.65539
47_Conceptos_y_Tecnicas_1.txt.txt,2.7847707,6.2965283,3.4133217
35_Base_de_Datos.txt.txt,2.7416193,4.881619,3.7771838
119_Composicion_Visual_1.txt.txt,4.395228,6.7613726,2.9708772
79_Coloquios_EDU.txt.txt,5.3645153,6.8993697,4.6745453
130_Arte_y_Contexto_Social.txt.txt,5.5181975,6.6861863,3.2343724
178_Sonido.txt.txt,3.7780554,6.22572,2.9450374
44_Aplicaciones_Distribuidas.txt.txt,3.0073526,5.4309716,3.669971
62_Pasteleria.txt.txt,3.061009,6.0033236,2.8761506
151_Ecuaciones_Diferenciales.txt.txt,3.9549134,4.0054364,5.043592
18_Calculo_Vectorial.txt.txt,3.3869052,4.1215405,5.221569
125_Nuevos_Medios.txt.txt,5.1432137,6.498068,3.3087173
100_Principios_de_Seguros.txt.txt,4.201908,5.473893,3.1645203
36_Aprendizaje_Automatico.txt.txt,3.6880927,5.2443166,4.360034
72_Fundamentos_de_la_Educacion.txt.txt,5.4610157,6.3205247,4.5981593
56_Carniceria.txt.txt,2.755837,5.72342,3.0982282
28_Probabilidad_y_Estadistica_+Ej.txt.txt,4.5766945,3.7899315,4.529938
58_Introduccion_a_la_Biologia_+Ej.txt.txt,4.594385,4.5103345,4.558979
102_Principios_de_Finanzas.txt.txt,4.42888,5.337814,3.739099
181_Inv._de_Operaciones_1_+Lab.txt.txt,3.7593186,4.7656426,3.8423698
85_Arte_y_Educacion.txt.txt,5.931391,6.3231487,4.3843513
186_Sistemas_Lean.txt.txt,3.7417545,5.4235907,3.3592908
25_Cultura_Gastronomica.txt.txt,5.052066,6.7134075,3.1098928
4_Quimica_General_1_+Lab_Ej.txt.txt,4.1834807,4.331456,4.32854
138_Enfasis_3.txt.txt,5.1441693,5.5611787,5.308939
55_Administracion_de_A_&_B.txt.txt,3.7773955,5.0138845,2.4126313
64_Practica_Culinaria_2.txt.txt,3.0601764,6.8995233,3.9223948
42_Seguridad_Informatica.txt.txt,3.4597511,4.5906057,2.8244777
135_Gestion_y_Produccion_Cultural.txt.txt,4.447379,5.525826,2.7571778
162_Algebra_Abstracta_1.txt.txt,3.9650543,4.9999595,5.875926
99_Gerencia_de_Costos.txt.txt,4.5652175,4.42787,2.960206
17_Fisica_para_Ingenieria_1_+Lab_Ej.txt.txt,3.6168349,3.9014964,4.4666996
127_Laboratorio_de_Creacion_2.txt.txt,3.7902467,6.3199387,4.481248
176_Lenguaje_Visual_y_Montaje.txt.txt,4.4761415,6.591068,2.6181293
78_Planificacion_y_Evaluacion_2.txt.txt,5.287795,5.2691746,4.5352545
80_Ensenanza_de_Lenguaje.txt.txt,5.587693,6.143565,4.88273
66_Reposteria_y_Chocolateria.txt.txt,3.083563,6.3637414,3.2495914
30_Programacion_Avanzada_de_Apps.txt.txt,2.9157455,5.2117796,4.1588345
53_Conceptos_y_Tecnicas_2_+PRA.txt.txt,3.1269221,7.0008273,4.023474
54_Practica_Culinaria_1.txt.txt,2.7795255,6.5620074,3.8302677
50_Nutricion_Humana_+Lab.txt.txt,4.6194315,4.9346457,3.7212024
182_Control_de_Produccion.txt.txt,3.4821546,5.3965726,2.9096923
60_Coloquios_Gastr.txt.txt,4.753492,6.6198716,4.156089
118_Fundamentos_de_las_Artes.txt.txt,4.135824,5.589361,4.5852942
106_Negociacion.txt.txt,4.89191,4.4407835,2.7220325
164_Analisis_Funcional.txt.txt,4.398839,4.466867,5.3089743
153_Introduccion_a_Probabilidades.txt.txt,4.252164,4.007811,4.9404864
91_Inclusion_y_Diversidad.txt.txt,4.91215,5.9390273,4.3217893
117_Herramientas_Digitales_1.txt.txt,3.8610754,6.103621,3.5372248
150_Variable_Compleja.txt.txt,3.5032232,4.440548,5.5958548
83_Ensenanza_de_Matematicas.txt.txt,5.9955425,5.842661,4.5118804
165_Algebra_Abstracta_2.txt.txt,3.8300345,5.1236696,5.383517
140_Arte_y_Educacion___Curaduria.txt.txt,5.450002,6.0438375,4.071012
1_Escritura_Academica.txt.txt,3.8052523,6.2737503,5.462095
15_Matematicas_Discretas.txt.txt,3.8911796,4.7889996,5.103634
115_Tributacion_y_Entorno_Legal.txt.txt,4.5845056,5.7038813,3.2304177
2_Taller_de_Ing._Cs._Computacion.txt.txt,3.300285,6.1689906,4.9279575
93_Practica_4.txt.txt,4.2382946,7.1101136,5.3451424
12_Ingles_Nivel_3.txt.txt,4.1212287,6.065253,5.508687
163_Geometria_Diferencial.txt.txt,3.637321,4.129177,5.604313
22_Algebra_Lineal_1_+Ej.txt.txt,3.837119,4.1955695,5.033523
69_Administracion_de_Eventos.txt.txt,4.64522,5.144092,2.4316187
61_Alta_Cocina_Francesa.txt.txt,2.8997245,6.870501,3.1183605
123_Fundamentos_de_Escultura.txt.txt,3.8011413,6.3024817,3.6268473
126_Arte_Contemporaneo.txt.txt,4.8982186,6.966951,3.5133724
86_Bilingualism.txt.txt,5.8482,5.6622157,3.955128
180_Diseño_de_Produccion.txt.txt,4.0974746,6.2265897,2.478883
97_Principios_de_Marketing.txt.txt,4.855674,5.1398497,3.0663269
109_Investigacion_de_Mercados.txt.txt,4.8488603,4.320171,3.0146751
21_Programacion_de_Apps.txt.txt,2.7056391,5.157368,3.9088979
137_Matematicas_Cotidianas.txt.txt,3.665826,4.1837044,4.4335394
169_Improvisacion.txt.txt,4.432212,6.9504576,3.7201493
14_Programacion_Avanzada_en_C++.txt.txt,2.8592257,5.387659,4.4514947
154_Fundamentos_de_Geometria.txt.txt,4.222,4.982204,5.875066
13_Ingles_Nivel_4.txt.txt,4.1111064,6.4850135,5.384782
43_Mineria_de_Datos.txt.txt,4.019038,4.2270503,3.4243724
149_Teoria_de_Grupos.txt.txt,4.240491,4.9397964,5.629695
142_Produccion_&_Exhibicion.txt.txt,3.3529947,6.6377325,4.4793115
152_Calculo_para_Ciencias_2.txt.txt,3.0065503,4.722065,5.2437577
81_Practica_1.txt.txt,4.2440753,7.282377,5.087425
57_Alta_Cocina_Ecuatoriana.txt.txt,3.1192787,7.110218,3.420701
16_Introduccion_a_la_Economia.txt.txt,5.0484514,4.387148,3.4961925
75_Planificacion_y_Evaluacion_1.txt.txt,5.3944516,5.308296,4.0836554
8_Programacion_en_C++_+Ej.txt.txt,3.4009962,4.6844573,4.5442443
68_Enologia_y_Cocteleria.txt.txt,3.2428858,6.5909863,2.66026
143_Programacion_Para_Diseño_1.txt.txt,3.5102143,5.5537305,3.808204
108_Economia_y_Negocios.txt.txt,4.584823,4.383018,3.7772968
98_Estadistica_Empresarial_+Lab.txt.txt,4.5393043,3.900321,3.4036365
82_Metodologias_de_Ensenanza.txt.txt,5.6970525,5.6647606,4.098838
160_Ecuaciones_Diferenciales_Parciales.txt.txt,4.1896095,4.164048,5.4549546
48_Principios_de_Administracion.txt.txt,4.0723467,4.6269774,2.5772543
90_Practica_3.txt.txt,4.7967434,6.872035,5.33503
52_Contabilidad_Empresarial.txt.txt,3.7750137,3.9430854,3.6447833
121_Dibujo_para_Arte_y_Diseno.txt.txt,4.2142935,6.0783706,3.727474
76_Estadistica_para_CCSS.txt.txt,4.61976,3.7478318,4.1745887
45_Proyecto_Integrador_CMP.txt.txt,3.244736,6.5112977,4.8506565
131_Taller_de_Investigacion.txt.txt,3.594048,6.6576486,5.1492643
84_Ensenanza_de_Ciencias_Sociales.txt.txt,6.2565484,5.97115,4.079574
9_Calculo_Integral_+_Ej.txt.txt,3.0824158,4.3211265,5.157261
23_Fisica_para_Ingenieria_2_+Lab_Ej.txt.txt,3.3123002,4.0693374,4.386317
132_Enfasis_1.txt.txt,4.9398527,5.5073314,5.279912
107_Operaciones_+Lab.txt.txt,3.8029053,4.460948,3.8045025
145_Programacion_Para_Diseño_3.txt.txt,3.1042907,5.7847834,4.489518
94_Zoologia_+Lab.txt.txt,5.2169476,4.946824,4.347639
113_Negocios_Internacionales.txt.txt,4.735501,5.782667,3.2782161
20_Ingles_Nivel_6.txt.txt,4.232338,6.6396527,5.5565953
112_Gestion_del_Talento.txt.txt,4.510754,5.374085,2.7093842
77_Neurociencia_y_Educacion.txt.txt,5.3296294,5.8266025,4.4368324
166_Topologia_1.txt.txt,3.6061347,4.6242876,5.7701592
95_Fisiologia_+Lab.txt.txt,5.0169706,4.5538716,4.3622212
134_Enfasis_2.txt.txt,4.9516487,5.6853437,5.0978084
148_Calculo_para_Ciencias_1.txt.txt,2.8110826,4.317337,5.2884135
31_Organizacion_de_Computadores.txt.txt,2.877867,4.5471473,3.367828
46_Matematica_Empresarial_+Ej.txt.txt,4.1898346,3.7792366,3.937696
147_Modelado_3D_1.txt.txt,2.7190042,5.7762513,4.3063917
114_Innovacion_y_Sustentabilidad.txt.txt,5.7330756,6.4481444,3.7287354
39_Proyectos__Gerencia_y_Analisis.txt.txt,3.8973372,4.7599072,3.0398033
27_Estructuras_de_Datos.txt.txt,3.3980846,4.883883,3.667412
87_Practica_2.txt.txt,4.6185155,7.2522635,5.2011337
174_Proyecto_final_en_Danza.txt.txt,4.1247,7.273157,4.326818
173_Performance.txt.txt,4.210524,7.2960806,3.8684702
96_Evolucion.txt.txt,5.039731,4.7375026,4.4927216
41_Coloquios_ING.txt.txt,5.011008,6.8836675,4.576499
59_Introduccion_al_Marketing_HSP.txt.txt,5.0237327,5.0665064,2.6386771
111_Proyectos_Empresariales.txt.txt,4.341305,5.062551,2.9116778
157_Analisis_Numerico.txt.txt,3.7632964,5.0427475,4.799244
88_Ensenanza_de_Ciencias.txt.txt,5.986627,5.8991356,4.823925
104_Finanzas_Corporativas.txt.txt,5.0655437,5.623952,3.4718647
156_Inferencia_Estadistica.txt.txt,4.896667,4.0524645,4.575032
29_Teoria_de_la_Computacion.txt.txt,3.414051,5.816552,5.371332
73_Teorias_del_Aprendizaje.txt.txt,5.946173,6.553807,4.616609
168_Analisis_Real.txt.txt,3.3797061,4.986819,5.6276426
74_Desarrollo__Niño_y_Adolescente.txt.txt,5.0397716,5.9943757,4.559611
92_Proyecto_Integrador_EDU.txt.txt,4.3728476,7.0048594,4.744562
38_Sistemas_Operativos.txt.txt,2.9893286,5.0686965,2.968108
40_Practica_Pre-Profesional_PASEM.txt.txt,4.0370193,7.350676,4.85634
70_Gerencia_Financiera_HSP.txt.txt,4.5560675,4.5003567,2.416054
172_Composicion.txt.txt,4.2986374,7.1045403,3.378631
136_Laboratorio_de_Creacion_3.txt.txt,3.9284806,6.376517,4.1889133
5_Cosmos.txt.txt,5.295347,6.6549435,5.091086
122_Fotografia_1.txt.txt,3.9302928,6.30418,3.1073124
128_Taller_de_Arte_1.txt.txt,3.6789656,7.1822495,4.4970145
49_Panaderia.txt.txt,2.909483,6.107474,2.737337
144_Programacion_Para_Diseño_2.txt.txt,3.138356,5.506741,4.1961665
170_Danza_Moderna_2.txt.txt,4.1737123,6.6849465,4.051784
159_Combinatoria_y_Grafos.txt.txt,3.7304864,4.912567,4.3112226
103_Coloquios_adm.txt.txt,4.96902,7.300793,4.3307095
71_Identidad_Culinaria.txt.txt,5.1507845,7.103314,3.1681693
120_Laboratorio_de_Creacion_1.txt.txt,3.9274476,5.9793844,4.13753
51_Introduccion_a_la_Hospitalidad.txt.txt,4.3006215,4.915527,2.1553762
175_Lenguaje_del_Cine.txt.txt,4.5739083,6.443136,2.5136244
19_Ingles_Nivel_5.txt.txt,4.741162,6.465798,5.3396025
177_Cinematografia.txt.txt,3.9841316,6.518838,2.685283
133_Taller_de_Arte_2.txt.txt,3.9741693,6.601304,4.6221514
6_Ingles_Nivel_1.txt.txt,4.223916,6.1811075,4.841296
179_Storytelling.txt.txt,4.7212577,6.293212,2.2503915
37_Redes_+Lab.txt.txt,3.0680814,4.4517827,3.157209
146_Juegos_y_Narrativa.txt.txt,4.949553,6.278742,2.352796
167_Topologia_2.txt.txt,3.4056756,4.752765,5.604955
139_Taller_de_Arte_3.txt.txt,3.6414697,6.9480815,4.7743506
33_Diseño_de_Sistemas.txt.txt,2.5760717,5.4433904,3.615063
141_Temas_en_Comunicacion_y_Arte.txt.txt,5.2190776,7.170968,3.643604
124_Teoria_Critica_1__Arte_&_Media.txt.txt,5.5978875,6.9886327,3.7184095
158_Teoria_de_Numeros.txt.txt,3.9224517,4.5405617,5.8678846
