original_column,0,1,2,3,4
184_Ergonomia.txt.txt,11.135398,10.281252,8.568047,6.697285,8.83812
105_Marketing_Digital.txt.txt,10.799695,9.836603,8.089503,6.931313,8.881196
32_Emprendimiento.txt.txt,11.205906,10.045819,8.707663,6.2085943,9.550099
185_Ingenieria_de_la_Calidad_+_Lab.txt.txt,10.823624,10.490742,9.634981,6.2826934,8.618859
24_Aprendizaje_y_Servicio_PASEC.txt.txt,10.396401,10.575693,8.3077,6.2858896,9.071499
34_Inteligencia_Artificial.txt.txt,11.464234,10.040765,8.660931,7.115127,9.070565
3_Calculo_Diferencial_+_Ej.txt.txt,11.702462,11.04342,9.529207,6.7674184,8.986382
11_Ser_y_Cosmos.txt.txt,10.602446,10.38969,8.0651455,7.0365477,8.689671
89_Ensenanza_Integrada_de_CITIAM.txt.txt,11.467175,10.154954,9.25825,7.1140385,9.568603
155_Logica_y_Teoria_de_Conjuntos.txt.txt,11.623526,10.149021,8.182529,6.2071724,8.834863
26_Electronica_Basica_+Lab.txt.txt,11.37737,10.482019,8.854713,7.0591702,9.439996
7_Ingles_Nivel_2.txt.txt,11.42624,10.48182,9.239437,7.300202,8.757481
65_Alta_Cocina_Mundial.txt.txt,10.898431,10.025739,8.412423,7.4519343,9.2645855
110_Creatividad_Empresarial.txt.txt,10.800661,10.440237,8.947733,7.5409083,9.220998
101_Analisis_de_Datos.txt.txt,11.388984,10.409336,8.81267,5.7412357,8.488351
63_Servicio_y_Protocolo.txt.txt,10.6191025,10.028423,9.227509,6.5143566,8.893175
161_Algebra_Lineal_2.txt.txt,11.236686,10.378228,8.763544,5.6382184,9.332795
171_Barra_para_danza_contemporanea.txt.txt,11.276903,9.557009,8.645739,6.8499656,8.8757105
"183_Procesos,_Metodos_y_Estandares.txt.txt",11.0505295,10.315419,9.6735525,6.410621,9.172673
129_Coloquios_ART.txt.txt,10.518343,11.02425,8.622349,6.281283,8.859499
67_Innovacion_Culinaria.txt.txt,10.847542,10.108527,8.850371,7.0765314,9.390761
116_Analisis_Estrategico_ADM.txt.txt,11.192715,9.417865,8.893479,6.651802,9.384611
10_Autoconocimiento.txt.txt,10.599821,10.437151,9.511633,7.3461113,8.710898
47_Conceptos_y_Tecnicas_1.txt.txt,11.425271,10.871872,8.655888,7.262019,8.657675
35_Base_de_Datos.txt.txt,11.021662,9.792175,8.823562,6.9440947,9.297008
119_Composicion_Visual_1.txt.txt,11.618966,9.876116,9.070102,6.6468,8.880822
79_Coloquios_EDU.txt.txt,10.682269,11.211457,8.838373,6.3509383,9.278368
130_Arte_y_Contexto_Social.txt.txt,10.251254,10.971383,7.9345675,7.124648,9.031455
178_Sonido.txt.txt,10.419374,9.699745,9.275654,6.987644,9.239553
44_Aplicaciones_Distribuidas.txt.txt,10.939346,10.42938,8.239471,6.7016973,9.270257
62_Pasteleria.txt.txt,11.097981,9.895724,8.417148,6.8370104,8.377881
151_Ecuaciones_Diferenciales.txt.txt,12.057625,10.888841,8.309792,6.3330946,9.269125
18_Calculo_Vectorial.txt.txt,12.132449,10.822077,9.585138,6.85485,9.14116
125_Nuevos_Medios.txt.txt,10.774621,11.544455,8.462364,6.8667674,8.44659
100_Principios_de_Seguros.txt.txt,10.2192745,9.942227,9.036089,6.4089813,9.359326
36_Aprendizaje_Automatico.txt.txt,11.435933,10.296595,9.269387,5.747665,8.131057
72_Fundamentos_de_la_Educacion.txt.txt,10.643737,10.417052,8.513909,7.181705,9.721485
56_Carniceria.txt.txt,10.723004,9.70844,8.977834,7.1897645,9.078443
28_Probabilidad_y_Estadistica_+Ej.txt.txt,12.333593,10.809038,9.099577,5.728863,8.744363
58_Introduccion_a_la_Biologia_+Ej.txt.txt,11.799519,10.270052,8.591694,6.288562,8.917404
102_Principios_de_Finanzas.txt.txt,10.850681,9.487684,9.042569,6.0028486,9.418488
181_Inv._de_Operaciones_1_+Lab.txt.txt,11.11954,10.173661,9.334334,5.997014,8.328938
85_Arte_y_Educacion.txt.txt,10.966689,10.003846,9.089214,7.320197,8.802749
186_Sistemas_Lean.txt.txt,11.120694,10.732336,9.532263,6.34796,8.800365
25_Cultura_Gastronomica.txt.txt,10.196953,10.506044,8.576236,6.933742,9.259894
4_Quimica_General_1_+Lab_Ej.txt.txt,11.222226,9.892388,8.837488,6.4346766,9.475036
138_Enfasis_3.txt.txt,10.066839,11.378981,8.903657,6.0076704,9.058872
55_Administracion_de_A_&_B.txt.txt,11.146141,10.286462,9.764881,6.578185,8.704132
64_Practica_Culinaria_2.txt.txt,11.271871,10.326437,8.020378,8.048654,8.548673
42_Seguridad_Informatica.txt.txt,10.855722,9.945545,9.4704685,6.7804117,8.860239
135_Gestion_y_Produccion_Cultural.txt.txt,9.9252205,9.986773,9.036754,6.912319,9.115949
162_Algebra_Abstracta_1.txt.txt,12.359215,10.0175295,7.902762,6.586326,8.7906065
99_Gerencia_de_Costos.txt.txt,11.02465,9.854555,9.158947,5.811776,9.114832
17_Fisica_para_Ingenieria_1_+Lab_Ej.txt.txt,12.035458,10.362641,8.794909,6.193621,9.007282
127_Laboratorio_de_Creacion_2.txt.txt,10.937515,10.299632,8.911907,6.912923,9.844901
176_Lenguaje_Visual_y_Montaje.txt.txt,10.282991,10.416265,8.819378,7.1098824,8.704528
78_Planificacion_y_Evaluacion_2.txt.txt,11.123228,9.333471,9.186893,6.7399707,8.842948
80_Ensenanza_de_Lenguaje.txt.txt,10.271552,10.456054,8.296449,7.340417,8.744783
66_Reposteria_y_Chocolateria.txt.txt,10.943004,10.450018,9.267782,6.9414153,8.236949
30_Programacion_Avanzada_de_Apps.txt.txt,11.195256,11.41526,9.401902,6.844025,9.573306
53_Conceptos_y_Tecnicas_2_+PRA.txt.txt,11.322637,10.435664,7.9683876,8.146434,8.422105
54_Practica_Culinaria_1.txt.txt,11.190738,10.2722225,8.618604,7.6885023,8.29703
50_Nutricion_Humana_+Lab.txt.txt,10.536464,9.607218,8.110586,6.832226,8.884664
182_Control_de_Produccion.txt.txt,10.945175,10.019039,9.895196,6.6351767,9.048181
60_Coloquios_Gastr.txt.txt,10.191961,11.038613,9.083495,6.402036,9.642811
118_Fundamentos_de_las_Artes.txt.txt,11.215654,9.654531,8.426108,6.1993775,8.659027
106_Negociacion.txt.txt,10.91271,10.583969,7.663777,6.3404236,8.3174
164_Analisis_Funcional.txt.txt,12.07484,10.76355,8.869812,6.5605407,8.186599
153_Introduccion_a_Probabilidades.txt.txt,12.051194,10.89555,9.204758,6.292171,8.516157
91_Inclusion_y_Diversidad.txt.txt,10.523432,10.160471,9.719931,7.338978,8.322834
117_Herramientas_Digitales_1.txt.txt,11.152088,11.60587,8.934443,6.9640856,8.420383
150_Variable_Compleja.txt.txt,12.276798,10.813441,9.314762,6.7616568,9.249449
83_Ensenanza_de_Matematicas.txt.txt,12.041576,10.00275,8.510527,7.709282,8.909603
165_Algebra_Abstracta_2.txt.txt,12.281669,10.081632,7.8522286,6.7025905,9.026226
140_Arte_y_Educacion___Curaduria.txt.txt,11.479258,10.313161,7.7997913,6.2554264,8.282134
1_Escritura_Academica.txt.txt,11.014396,11.325537,8.247748,6.167735,9.163623
15_Matematicas_Discretas.txt.txt,11.253967,10.536521,8.533911,6.2698126,7.865365
115_Tributacion_y_Entorno_Legal.txt.txt,11.198708,10.520352,8.437835,7.252377,8.121323
2_Taller_de_Ing._Cs._Computacion.txt.txt,10.850465,10.307831,9.496814,7.639584,8.2084255
93_Practica_4.txt.txt,11.8163185,10.396322,8.891662,6.9436193,8.283701
12_Ingles_Nivel_3.txt.txt,11.59206,10.182231,8.063153,6.8712535,8.119733
163_Geometria_Diferencial.txt.txt,11.811108,10.841687,9.57409,6.87607,9.593079
22_Algebra_Lineal_1_+Ej.txt.txt,11.400031,10.585562,9.001094,5.5180707,9.471091
69_Administracion_de_Eventos.txt.txt,9.892458,10.171272,9.459426,6.564726,8.94464
61_Alta_Cocina_Francesa.txt.txt,11.353888,10.344887,7.7210298,7.799662,8.330664
123_Fundamentos_de_Escultura.txt.txt,10.704215,11.188855,9.303021,6.7438526,8.152763
126_Arte_Contemporaneo.txt.txt,10.183345,11.206281,8.518385,6.967714,8.61237
86_Bilingualism.txt.txt,10.243661,10.588634,7.9378996,7.089312,8.321057
180_Diseño_de_Produccion.txt.txt,10.544616,9.453896,9.212602,7.047114,8.271973
97_Principios_de_Marketing.txt.txt,10.220899,9.707426,8.849613,6.3147793,8.263065
109_Investigacion_de_Mercados.txt.txt,10.978729,10.350554,7.717937,6.129751,8.754767
21_Programacion_de_Apps.txt.txt,11.061971,11.527918,9.349401,6.973051,9.376229
137_Matematicas_Cotidianas.txt.txt,11.671005,10.0906,8.249145,5.8023734,8.505619
169_Improvisacion.txt.txt,10.694181,10.943281,8.357607,7.367172,8.376445
14_Programacion_Avanzada_en_C++.txt.txt,11.076634,10.85904,9.160198,7.9268837,9.114719
154_Fundamentos_de_Geometria.txt.txt,12.545285,10.111748,7.9884963,6.807105,8.803839
13_Ingles_Nivel_4.txt.txt,10.974594,10.5778475,8.025305,7.2943244,9.656005
43_Mineria_de_Datos.txt.txt,11.772228,10.424486,9.028434,5.4995475,8.12655
149_Teoria_de_Grupos.txt.txt,12.230204,10.148483,7.979846,6.1888766,8.461157
142_Produccion_&_Exhibicion.txt.txt,11.149769,9.464592,8.369143,7.3885765,9.75315
152_Calculo_para_Ciencias_2.txt.txt,11.779334,10.618843,9.714368,7.0840845,9.093556
81_Practica_1.txt.txt,10.282724,9.756493,8.8603325,6.633297,8.714778
57_Alta_Cocina_Ecuatoriana.txt.txt,10.949921,9.917916,7.9886894,7.8651037,8.270012
16_Introduccion_a_la_Economia.txt.txt,11.796612,10.654329,8.286303,5.7763176,9.123727
75_Planificacion_y_Evaluacion_1.txt.txt,11.194694,9.389834,7.9654546,7.231265,9.022055
8_Programacion_en_C++_+Ej.txt.txt,11.883979,10.8715925,7.8888164,6.139227,8.725233
68_Enologia_y_Cocteleria.txt.txt,10.800079,10.359175,7.640059,6.9613676,8.64608
143_Programacion_Para_Diseño_1.txt.txt,11.243575,11.043798,8.641568,7.7440124,9.248734
108_Economia_y_Negocios.txt.txt,12.006429,10.341651,8.171029,5.878863,8.419978
98_Estadistica_Empresarial_+Lab.txt.txt,11.900144,10.629789,8.9175,5.420634,8.382057
82_Metodologias_de_Ensenanza.txt.txt,12.149592,10.310238,8.450423,7.699877,8.792759
160_Ecuaciones_Diferenciales_Parciales.txt.txt,12.355435,10.813827,8.228929,6.509914,9.365346
48_Principios_de_Administracion.txt.txt,12.087487,9.817382,8.748788,5.9845862,8.560894
90_Practica_3.txt.txt,10.654287,9.823664,8.189086,6.5467033,9.7325945
52_Contabilidad_Empresarial.txt.txt,11.686747,11.05801,8.450452,5.9230947,8.583864
121_Dibujo_para_Arte_y_Diseno.txt.txt,10.442283,11.101988,9.3212385,6.906882,8.901125
76_Estadistica_para_CCSS.txt.txt,12.134524,11.026495,9.329887,5.680003,8.6862135
45_Proyecto_Integrador_CMP.txt.txt,11.444327,9.469485,8.140895,7.147452,9.64421
131_Taller_de_Investigacion.txt.txt,11.117045,11.391106,8.266738,6.7424684,9.013951
84_Ensenanza_de_Ciencias_Sociales.txt.txt,9.774037,10.561365,8.521115,7.220045,9.097462
9_Calculo_Integral_+_Ej.txt.txt,12.221827,10.50087,9.355183,6.555843,8.607153
23_Fisica_para_Ingenieria_2_+Lab_Ej.txt.txt,11.381921,11.063941,8.3510685,6.532046,9.67116
132_Enfasis_1.txt.txt,10.044934,11.587553,8.753019,5.8367887,9.107229
107_Operaciones_+Lab.txt.txt,10.811386,9.7298975,9.239828,5.943142,8.409853
145_Programacion_Para_Diseño_3.txt.txt,11.650746,11.56219,9.018753,7.0019817,8.3659
94_Zoologia_+Lab.txt.txt,11.711278,10.0673485,8.857312,7.6761336,9.299312
113_Negocios_Internacionales.txt.txt,10.830633,9.424847,8.85076,5.8012657,9.38146
20_Ingles_Nivel_6.txt.txt,10.711983,11.223919,7.816918,6.5224266,8.927478
112_Gestion_del_Talento.txt.txt,10.059856,9.536472,8.778977,6.5342984,9.516863
77_Neurociencia_y_Educacion.txt.txt,10.867109,9.595703,7.9248524,7.682077,9.01922
166_Topologia_1.txt.txt,11.967572,11.4565935,9.082191,6.951087,9.121691
95_Fisiologia_+Lab.txt.txt,10.2297125,9.295533,8.3784485,7.0492425,8.657333
134_Enfasis_2.txt.txt,9.93391,11.450832,8.923453,5.9575152,8.93903
148_Calculo_para_Ciencias_1.txt.txt,11.720052,11.157269,9.214227,7.133527,9.401726
31_Organizacion_de_Computadores.txt.txt,10.43582,10.172805,8.446857,6.4312997,8.276394
46_Matematica_Empresarial_+Ej.txt.txt,12.188289,10.583254,8.317781,5.8514714,8.969538
147_Modelado_3D_1.txt.txt,11.337425,10.572656,9.541252,7.6847034,9.041664
114_Innovacion_y_Sustentabilidad.txt.txt,10.328525,10.41471,8.018383,6.071675,8.784872
39_Proyectos__Gerencia_y_Analisis.txt.txt,11.818172,9.784544,8.020442,5.7505045,9.282905
27_Estructuras_de_Datos.txt.txt,11.589525,10.473989,7.867932,7.090729,9.272766
87_Practica_2.txt.txt,9.979005,9.351285,8.826811,6.800496,9.216293
174_Proyecto_final_en_Danza.txt.txt,10.958248,9.979021,8.141654,6.946939,9.936728
173_Performance.txt.txt,9.828511,9.929236,9.0755825,6.674286,8.768867
96_Evolucion.txt.txt,11.045233,10.616325,8.597912,6.4772944,9.886822
41_Coloquios_ING.txt.txt,10.215794,10.932204,9.149496,6.3689704,9.751145
59_Introduccion_al_Marketing_HSP.txt.txt,10.464454,9.347982,8.560994,5.9914675,8.5538645
111_Proyectos_Empresariales.txt.txt,10.225359,10.040626,9.246958,6.027897,9.524291
157_Analisis_Numerico.txt.txt,12.055036,10.986853,9.374726,6.198661,9.010617
88_Ensenanza_de_Ciencias.txt.txt,10.703882,9.326458,8.520879,7.507277,9.313458
104_Finanzas_Corporativas.txt.txt,10.660653,9.185912,8.817945,6.032831,9.261859
156_Inferencia_Estadistica.txt.txt,12.185645,10.747106,8.98405,5.441168,8.867633
29_Teoria_de_la_Computacion.txt.txt,11.384506,9.687802,8.903851,6.9749436,9.978602
73_Teorias_del_Aprendizaje.txt.txt,11.261957,9.306452,8.317965,7.6952214,8.651957
168_Analisis_Real.txt.txt,12.562876,10.849279,9.445655,6.662404,8.791419
74_Desarrollo__Niño_y_Adolescente.txt.txt,11.369429,9.481465,8.960945,6.580286,7.971549
92_Proyecto_Integrador_EDU.txt.txt,11.515704,9.558176,7.964554,7.1711326,9.897106
38_Sistemas_Operativos.txt.txt,11.447285,9.567711,9.37566,7.1917853,8.394057
40_Practica_Pre-Profesional_PASEM.txt.txt,11.578923,9.234346,8.440251,7.346824,9.102393
70_Gerencia_Financiera_HSP.txt.txt,11.574288,9.60989,8.25598,5.645623,8.419115
172_Composicion.txt.txt,11.634201,9.443266,9.295956,7.2084436,8.952129
136_Laboratorio_de_Creacion_3.txt.txt,10.195045,10.638645,9.750871,6.509905,9.132896
5_Cosmos.txt.txt,10.561345,10.616881,8.517642,5.9195004,9.509946
122_Fotografia_1.txt.txt,10.987706,11.407427,9.199308,6.76845,8.185823
128_Taller_de_Arte_1.txt.txt,10.474869,10.21811,9.167865,7.962798,8.693376
49_Panaderia.txt.txt,10.723007,9.231869,8.4271555,6.632103,8.401574
144_Programacion_Para_Diseño_2.txt.txt,11.135268,11.253224,9.171087,7.8514824,9.094876
170_Danza_Moderna_2.txt.txt,11.177589,10.598559,9.318417,7.717115,8.371682
159_Combinatoria_y_Grafos.txt.txt,11.259781,9.185422,8.137824,6.4376874,8.593964
103_Coloquios_adm.txt.txt,10.756752,10.961913,9.021282,5.884731,9.362624
71_Identidad_Culinaria.txt.txt,10.218443,10.841925,7.7199445,7.0088377,9.102097
120_Laboratorio_de_Creacion_1.txt.txt,10.452955,10.795885,9.675683,6.0814424,8.9881315
51_Introduccion_a_la_Hospitalidad.txt.txt,10.731437,10.67718,9.18529,5.7281585,9.6521845
175_Lenguaje_del_Cine.txt.txt,11.555192,9.319202,8.536907,6.956724,8.166285
19_Ingles_Nivel_5.txt.txt,10.380872,11.366596,8.469958,6.5808153,9.2213745
177_Cinematografia.txt.txt,10.010815,10.307779,9.401881,6.9548974,8.286079
133_Taller_de_Arte_2.txt.txt,10.478163,10.542027,9.095063,7.573267,8.182198
6_Ingles_Nivel_1.txt.txt,9.985865,9.776324,8.351729,6.391628,8.905166
179_Storytelling.txt.txt,10.645987,9.39756,8.946672,7.6766477,8.834634
37_Redes_+Lab.txt.txt,11.546478,9.116779,8.847349,6.4368296,8.633946
146_Juegos_y_Narrativa.txt.txt,10.803669,11.138217,8.415258,7.40883,9.413009
167_Topologia_2.txt.txt,12.354931,9.926596,8.886185,6.9534354,9.120085
139_Taller_de_Arte_3.txt.txt,11.367438,9.657666,8.503868,7.9212623,9.097246
33_Diseño_de_Sistemas.txt.txt,10.785893,10.012542,8.8627825,6.2297935,7.8587637
141_Temas_en_Comunicacion_y_Arte.txt.txt,10.613332,11.0019045,7.8248916,6.7869077,8.406819
124_Teoria_Critica_1__Arte_&_Media.txt.txt,10.153275,11.4827585,7.990358,6.8400726,8.650353
158_Teoria_de_Numeros.txt.txt,12.29733,9.967193,9.204401,6.3021474,9.037474
