original_column,0,1,2
184_Ergonomia.txt.txt,10.930838,7.7097974,6.633498
105_Marketing_Digital.txt.txt,10.34878,8.288748,6.9146585
32_Emprendimiento.txt.txt,11.10743,7.475111,6.9902835
185_Ingenieria_de_la_Calidad_+_Lab.txt.txt,10.80461,8.547351,6.2385206
24_Aprendizaje_y_Servicio_PASEC.txt.txt,10.30703,7.550114,6.9354386
34_Inteligencia_Artificial.txt.txt,11.025282,7.584125,6.548954
3_Calculo_Diferencial_+_Ej.txt.txt,10.901296,9.284488,7.483927
11_Ser_y_Cosmos.txt.txt,9.757663,8.153258,6.25098
89_Ensenanza_Integrada_de_CITIAM.txt.txt,10.384309,7.9702454,7.598748
155_Logica_y_Teoria_de_Conjuntos.txt.txt,10.83614,8.567329,7.387085
26_Electronica_Basica_+Lab.txt.txt,11.000465,8.1098175,7.099406
7_Ingles_Nivel_2.txt.txt,10.333549,8.268197,7.219814
65_Alta_Cocina_Mundial.txt.txt,10.460157,7.9972963,7.10633
110_Creatividad_Empresarial.txt.txt,10.177779,7.911063,6.1527386
101_Analisis_de_Datos.txt.txt,11.55638,7.9634566,7.1701
63_Servicio_y_Protocolo.txt.txt,10.752116,8.191494,7.0259295
161_Algebra_Lineal_2.txt.txt,10.21776,9.066529,6.861709
171_Barra_para_danza_contemporanea.txt.txt,10.76048,7.8476987,6.8397145
"183_Procesos,_Metodos_y_Estandares.txt.txt",10.439763,8.779674,6.359062
129_Coloquios_ART.txt.txt,10.104445,8.867891,6.0743484
67_Innovacion_Culinaria.txt.txt,10.585043,7.7177997,6.581181
116_Analisis_Estrategico_ADM.txt.txt,10.788914,7.303044,6.9477243
10_Autoconocimiento.txt.txt,9.9447565,7.7555604,6.283004
47_Conceptos_y_Tecnicas_1.txt.txt,10.80258,7.7634816,6.958255
35_Base_de_Datos.txt.txt,10.630783,7.8552084,7.2897563
119_Composicion_Visual_1.txt.txt,10.723646,8.555092,6.623396
79_Coloquios_EDU.txt.txt,10.353069,8.87639,5.9457626
130_Arte_y_Contexto_Social.txt.txt,9.558658,8.730749,6.189368
178_Sonido.txt.txt,10.185706,8.301085,6.539753
44_Aplicaciones_Distribuidas.txt.txt,10.163091,8.466558,6.7625656
62_Pasteleria.txt.txt,11.213927,7.751635,6.776383
151_Ecuaciones_Diferenciales.txt.txt,11.020669,7.8130736,7.9424734
18_Calculo_Vectorial.txt.txt,10.335701,8.796386,7.811335
125_Nuevos_Medios.txt.txt,10.251645,9.514375,6.3640785
100_Principios_de_Seguros.txt.txt,9.588733,8.343127,6.8925996
36_Aprendizaje_Automatico.txt.txt,11.883503,7.617564,6.7667217
72_Fundamentos_de_la_Educacion.txt.txt,10.302893,8.579524,7.058201
56_Carniceria.txt.txt,10.378167,7.947034,6.6627383
28_Probabilidad_y_Estadistica_+Ej.txt.txt,11.799795,8.83938,7.7184615
58_Introduccion_a_la_Biologia_+Ej.txt.txt,10.96815,8.072109,7.518369
102_Principios_de_Finanzas.txt.txt,11.47711,8.620446,6.466946
181_Inv._de_Operaciones_1_+Lab.txt.txt,10.75916,8.953585,7.2330017
85_Arte_y_Educacion.txt.txt,10.125403,7.829573,6.858932
186_Sistemas_Lean.txt.txt,10.76425,8.988413,6.8917727
25_Cultura_Gastronomica.txt.txt,9.893333,8.732949,6.4367447
4_Quimica_General_1_+Lab_Ej.txt.txt,10.510213,8.166616,7.199471
138_Enfasis_3.txt.txt,9.743415,9.534913,5.5686407
55_Administracion_de_A_&_B.txt.txt,10.794673,8.734781,6.3176093
64_Practica_Culinaria_2.txt.txt,10.39357,7.416759,6.3792048
42_Seguridad_Informatica.txt.txt,10.523265,7.940179,6.4276357
135_Gestion_y_Produccion_Cultural.txt.txt,9.777814,8.668077,7.3211446
162_Algebra_Abstracta_1.txt.txt,9.980259,8.394321,8.294696
99_Gerencia_de_Costos.txt.txt,11.113318,8.564779,6.768816
17_Fisica_para_Ingenieria_1_+Lab_Ej.txt.txt,11.108219,8.347006,7.652708
127_Laboratorio_de_Creacion_2.txt.txt,10.178611,7.6726165,7.350956
176_Lenguaje_Visual_y_Montaje.txt.txt,10.451763,8.914001,6.4456444
78_Planificacion_y_Evaluacion_2.txt.txt,11.099146,7.3711367,6.4665947
80_Ensenanza_de_Lenguaje.txt.txt,10.282185,8.328189,6.0517287
66_Reposteria_y_Chocolateria.txt.txt,9.9636,8.002961,7.2230234
30_Programacion_Avanzada_de_Apps.txt.txt,10.41282,8.129141,5.3372297
53_Conceptos_y_Tecnicas_2_+PRA.txt.txt,10.229429,7.1522527,6.5639997
54_Practica_Culinaria_1.txt.txt,10.418881,7.536853,6.3368444
50_Nutricion_Humana_+Lab.txt.txt,10.803871,8.074533,6.33291
182_Control_de_Produccion.txt.txt,10.958673,8.269314,6.146827
60_Coloquios_Gastr.txt.txt,10.60586,9.246511,5.74975
118_Fundamentos_de_las_Artes.txt.txt,10.595066,7.6440854,7.609931
106_Negociacion.txt.txt,11.492244,7.897143,7.5892606
164_Analisis_Funcional.txt.txt,11.366905,8.4439945,7.2939215
153_Introduccion_a_Probabilidades.txt.txt,11.333633,8.979195,7.4787664
91_Inclusion_y_Diversidad.txt.txt,9.677519,7.953459,5.8468823
117_Herramientas_Digitales_1.txt.txt,10.780125,9.61417,6.6693206
150_Variable_Compleja.txt.txt,10.389122,8.533657,7.9888134
83_Ensenanza_de_Matematicas.txt.txt,9.557639,7.472216,7.62803
165_Algebra_Abstracta_2.txt.txt,9.991093,8.568025,8.347506
140_Arte_y_Educacion___Curaduria.txt.txt,9.588168,7.736534,7.161134
1_Escritura_Academica.txt.txt,10.034342,7.731921,5.6494403
15_Matematicas_Discretas.txt.txt,11.314202,8.9590645,6.68464
115_Tributacion_y_Entorno_Legal.txt.txt,9.955876,7.5904427,6.8661394
2_Taller_de_Ing._Cs._Computacion.txt.txt,9.801021,7.5094485,5.8558564
93_Practica_4.txt.txt,10.825288,7.0511203,6.8526564
12_Ingles_Nivel_3.txt.txt,11.256522,7.2981987,7.22874
163_Geometria_Diferencial.txt.txt,10.665749,9.202479,7.566322
22_Algebra_Lineal_1_+Ej.txt.txt,10.227432,9.171351,6.8758016
69_Administracion_de_Eventos.txt.txt,9.843306,9.079732,6.8362265
61_Alta_Cocina_Francesa.txt.txt,10.318282,6.991542,6.503741
123_Fundamentos_de_Escultura.txt.txt,11.041854,9.372327,6.6764793
126_Arte_Contemporaneo.txt.txt,9.698126,8.772221,6.0531135
86_Bilingualism.txt.txt,9.421853,8.74181,6.5446787
180_Diseño_de_Produccion.txt.txt,9.622955,7.729848,6.6609864
97_Principios_de_Marketing.txt.txt,9.893973,8.289167,7.5875463
109_Investigacion_de_Mercados.txt.txt,10.484699,7.3177023,5.806184
21_Programacion_de_Apps.txt.txt,10.328984,8.17958,5.27931
137_Matematicas_Cotidianas.txt.txt,10.697337,8.912245,7.9228
169_Improvisacion.txt.txt,9.752198,8.323349,5.978147
14_Programacion_Avanzada_en_C++.txt.txt,11.065625,7.6990094,5.740141
154_Fundamentos_de_Geometria.txt.txt,9.806219,8.496158,8.129852
13_Ingles_Nivel_4.txt.txt,9.685762,8.484719,7.3678393
43_Mineria_de_Datos.txt.txt,12.01104,7.6994367,6.971671
149_Teoria_de_Grupos.txt.txt,10.22006,8.103286,8.183556
142_Produccion_&_Exhibicion.txt.txt,10.821788,6.9430804,6.134629
152_Calculo_para_Ciencias_2.txt.txt,10.157992,9.015959,7.703067
81_Practica_1.txt.txt,9.596215,7.8521953,7.3138
57_Alta_Cocina_Ecuatoriana.txt.txt,10.009556,7.18042,6.825451
16_Introduccion_a_la_Economia.txt.txt,11.35847,7.9672227,7.751317
75_Planificacion_y_Evaluacion_1.txt.txt,11.020649,7.007939,6.566275
8_Programacion_en_C++_+Ej.txt.txt,10.891981,8.114126,8.017271
68_Enologia_y_Cocteleria.txt.txt,9.538846,7.507651,6.954725
143_Programacion_Para_Diseño_1.txt.txt,11.336148,8.003135,5.687922
108_Economia_y_Negocios.txt.txt,11.116451,7.6707487,7.6981654
98_Estadistica_Empresarial_+Lab.txt.txt,11.973137,8.127964,7.355631
82_Metodologias_de_Ensenanza.txt.txt,9.328612,7.6098547,7.6037455
160_Ecuaciones_Diferenciales_Parciales.txt.txt,10.927576,7.4656405,7.9141235
48_Principios_de_Administracion.txt.txt,11.583877,8.193439,8.041871
90_Practica_3.txt.txt,9.438869,7.4201827,6.509788
52_Contabilidad_Empresarial.txt.txt,11.190488,8.298947,8.001361
121_Dibujo_para_Arte_y_Diseno.txt.txt,10.007077,8.306801,5.690958
76_Estadistica_para_CCSS.txt.txt,11.905065,8.802915,7.599507
45_Proyecto_Integrador_CMP.txt.txt,10.761646,6.7365675,6.1441045
131_Taller_de_Investigacion.txt.txt,10.200207,7.6399837,5.633649
84_Ensenanza_de_Ciencias_Sociales.txt.txt,9.28029,8.779071,6.477755
9_Calculo_Integral_+_Ej.txt.txt,11.1136875,8.798152,7.6724133
23_Fisica_para_Ingenieria_2_+Lab_Ej.txt.txt,10.503455,7.344167,7.8649817
132_Enfasis_1.txt.txt,9.622182,9.692015,5.644589
107_Operaciones_+Lab.txt.txt,10.477888,9.186748,7.615675
145_Programacion_Para_Diseño_3.txt.txt,10.941084,9.755905,7.1317773
94_Zoologia_+Lab.txt.txt,11.294383,8.280837,5.938258
113_Negocios_Internacionales.txt.txt,11.331483,8.725764,6.1585183
20_Ingles_Nivel_6.txt.txt,9.387355,8.28762,6.3430357
112_Gestion_del_Talento.txt.txt,9.469738,8.122502,7.167235
77_Neurociencia_y_Educacion.txt.txt,10.573858,8.415335,7.6248546
166_Topologia_1.txt.txt,11.070083,9.473623,7.6646867
95_Fisiologia_+Lab.txt.txt,9.494892,9.013282,7.0638947
134_Enfasis_2.txt.txt,9.632935,9.6845455,5.691766
148_Calculo_para_Ciencias_1.txt.txt,10.852633,9.421623,7.3754106
31_Organizacion_de_Computadores.txt.txt,11.107411,7.417597,6.094051
46_Matematica_Empresarial_+Ej.txt.txt,11.148186,8.158535,7.9754753
147_Modelado_3D_1.txt.txt,11.666336,7.977994,6.1306477
114_Innovacion_y_Sustentabilidad.txt.txt,10.293635,7.4312034,7.4578333
39_Proyectos__Gerencia_y_Analisis.txt.txt,11.357885,8.477258,8.246971
27_Estructuras_de_Datos.txt.txt,10.462322,7.202069,7.6278534
87_Practica_2.txt.txt,10.451252,7.166961,7.1479397
174_Proyecto_final_en_Danza.txt.txt,10.184985,6.8844056,6.087492
173_Performance.txt.txt,9.507994,8.614062,6.9729815
96_Evolucion.txt.txt,10.829916,8.739866,8.134005
41_Coloquios_ING.txt.txt,10.6585455,9.336864,5.7833376
59_Introduccion_al_Marketing_HSP.txt.txt,10.02928,7.6796207,7.7866616
111_Proyectos_Empresariales.txt.txt,9.409428,8.355936,6.9071803
157_Analisis_Numerico.txt.txt,11.241393,9.036919,8.118289
88_Ensenanza_de_Ciencias.txt.txt,9.764144,7.3895335,7.254253
104_Finanzas_Corporativas.txt.txt,11.654612,8.292549,6.4994464
156_Inferencia_Estadistica.txt.txt,11.878187,8.932227,7.7908206
29_Teoria_de_la_Computacion.txt.txt,11.632289,7.5852633,7.3818254
73_Teorias_del_Aprendizaje.txt.txt,10.716667,7.0029354,7.244097
168_Analisis_Real.txt.txt,10.804991,8.53077,8.257135
74_Desarrollo__Niño_y_Adolescente.txt.txt,10.06953,7.0773745,7.2494884
92_Proyecto_Integrador_EDU.txt.txt,10.661381,6.720319,5.932205
38_Sistemas_Operativos.txt.txt,11.645642,8.57057,6.8087835
40_Practica_Pre-Profesional_PASEM.txt.txt,10.477,6.6525993,6.6148906
70_Gerencia_Financiera_HSP.txt.txt,11.222297,8.015933,8.322795
172_Composicion.txt.txt,11.365694,9.087169,6.0322323
136_Laboratorio_de_Creacion_3.txt.txt,10.786202,8.438517,5.4632707
5_Cosmos.txt.txt,10.892782,9.178214,6.449598
122_Fotografia_1.txt.txt,10.47813,9.759051,6.77652
128_Taller_de_Arte_1.txt.txt,9.87842,7.247662,6.163997
49_Panaderia.txt.txt,11.292095,8.281957,7.5255165
144_Programacion_Para_Diseño_2.txt.txt,11.182783,7.736402,5.622139
170_Danza_Moderna_2.txt.txt,9.856874,7.4237843,6.9797435
159_Combinatoria_y_Grafos.txt.txt,10.866538,7.245421,7.5728135
103_Coloquios_adm.txt.txt,10.825437,9.027329,5.9117413
71_Identidad_Culinaria.txt.txt,9.463385,8.751379,6.107118
120_Laboratorio_de_Creacion_1.txt.txt,10.684518,8.502313,5.420472
51_Introduccion_a_la_Hospitalidad.txt.txt,11.034093,9.049343,5.7742853
175_Lenguaje_del_Cine.txt.txt,11.6371565,7.794422,6.772437
19_Ingles_Nivel_5.txt.txt,10.032956,9.002766,6.159169
177_Cinematografia.txt.txt,9.990994,9.375665,6.6202264
133_Taller_de_Arte_2.txt.txt,9.625615,7.4143076,6.157923
6_Ingles_Nivel_1.txt.txt,9.704895,8.997747,7.3015437
179_Storytelling.txt.txt,10.450093,6.8670015,7.144753
37_Redes_+Lab.txt.txt,11.273468,7.693171,8.099739
146_Juegos_y_Narrativa.txt.txt,11.117797,7.897021,6.3695865
167_Topologia_2.txt.txt,10.588433,7.9473023,8.208705
139_Taller_de_Arte_3.txt.txt,10.695761,6.8262444,6.5890145
33_Diseño_de_Sistemas.txt.txt,10.669224,7.773204,5.5235868
141_Temas_en_Comunicacion_y_Arte.txt.txt,9.724522,8.62776,6.298505
124_Teoria_Critica_1__Arte_&_Media.txt.txt,9.276414,8.946512,6.0046725
158_Teoria_de_Numeros.txt.txt,10.301821,9.1306715,8.035893
