original_column,0,1,2,3,4
184_Ergonomia.txt.txt,6.0086293,10.439576,7.363034,1.8805125,4.401891
105_Marketing_Digital.txt.txt,5.9964795,10.554105,7.01457,2.192675,4.6860914
32_Emprendimiento.txt.txt,6.402429,10.687969,6.9934626,1.89573,5.7742934
185_Ingenieria_de_la_Calidad_+_Lab.txt.txt,5.316243,9.791893,6.529738,1.1317235,4.76837
24_Aprendizaje_y_Servicio_PASEC.txt.txt,6.069967,9.3358345,6.7139254,2.0602577,4.796335
34_Inteligencia_Artificial.txt.txt,6.3957624,10.314608,7.1634912,1.4297904,5.3602443
3_Calculo_Diferencial_+_Ej.txt.txt,6.3404512,9.55677,6.446855,0.7616046,4.985359
11_Ser_y_Cosmos.txt.txt,6.246593,10.234638,6.8092723,2.7107284,5.3930445
89_Ensenanza_Integrada_de_CITIAM.txt.txt,6.559936,10.44248,6.7436604,1.1163865,5.5808363
155_Logica_y_Teoria_de_Conjuntos.txt.txt,6.602535,10.142933,6.9138002,1.3029323,4.8127513
26_Electronica_Basica_+Lab.txt.txt,5.4919553,10.474246,7.143242,1.5081251,5.0405836
7_Ingles_Nivel_2.txt.txt,6.063564,9.653261,6.3677363,1.5597286,5.4052057
65_Alta_Cocina_Mundial.txt.txt,6.030613,10.118478,6.488528,2.0822434,5.0320716
110_Creatividad_Empresarial.txt.txt,6.4427743,9.869297,6.9344425,2.135595,4.806752
101_Analisis_de_Datos.txt.txt,5.794843,10.308246,7.4183307,1.2912865,4.1300025
63_Servicio_y_Protocolo.txt.txt,5.5539517,9.99461,7.361369,1.334949,4.826239
161_Algebra_Lineal_2.txt.txt,5.8564405,10.512012,6.5784483,0.62879676,5.4818764
171_Barra_para_danza_contemporanea.txt.txt,6.4670753,10.343925,7.163628,1.8310484,5.3498335
"183_Procesos,_Metodos_y_Estandares.txt.txt",5.382693,10.539984,6.14148,1.5271817,4.7768292
129_Coloquios_ART.txt.txt,5.3564796,9.9795475,7.0101633,1.9326943,3.986589
67_Innovacion_Culinaria.txt.txt,6.1044874,9.858589,6.8346877,1.9977697,4.3275943
116_Analisis_Estrategico_ADM.txt.txt,5.908343,10.847846,7.578007,1.7643517,5.3107486
10_Autoconocimiento.txt.txt,6.3129654,10.557993,6.626106,2.1813138,4.1712995
47_Conceptos_y_Tecnicas_1.txt.txt,6.3394594,10.111552,6.325521,1.2030559,5.0591307
35_Base_de_Datos.txt.txt,6.2057123,9.991415,7.5496297,1.7730864,4.93239
119_Composicion_Visual_1.txt.txt,5.69529,10.360924,6.658814,1.4772289,4.5369444
79_Coloquios_EDU.txt.txt,5.3030386,9.630101,6.649775,1.9478893,4.1087575
130_Arte_y_Contexto_Social.txt.txt,5.732619,9.387264,6.893778,2.4113905,5.4586525
178_Sonido.txt.txt,6.1062207,10.570969,6.7045794,2.173906,5.0926604
44_Aplicaciones_Distribuidas.txt.txt,6.396831,9.6771,7.0875072,2.438118,5.184038
62_Pasteleria.txt.txt,5.8665795,10.338628,7.256768,1.6994867,5.1348515
151_Ecuaciones_Diferenciales.txt.txt,6.8006716,9.638053,6.759001,0.96852785,4.5862727
18_Calculo_Vectorial.txt.txt,6.7461066,10.116394,6.31343,0.73204166,5.6037073
125_Nuevos_Medios.txt.txt,5.6825595,9.632659,6.287664,2.4588337,5.599352
100_Principios_de_Seguros.txt.txt,6.346126,9.6143465,6.789003,2.3479588,4.1693163
36_Aprendizaje_Automatico.txt.txt,5.972699,10.132246,6.503627,0.83883774,4.0050783
72_Fundamentos_de_la_Educacion.txt.txt,5.6683254,10.183027,6.993695,2.1320245,5.523483
56_Carniceria.txt.txt,5.961133,10.911544,6.8829784,1.7994143,5.241974
28_Probabilidad_y_Estadistica_+Ej.txt.txt,6.0198107,9.941712,7.252844,0.36526975,4.5716457
58_Introduccion_a_la_Biologia_+Ej.txt.txt,6.377075,9.95955,7.3896236,1.1899174,4.456953
102_Principios_de_Finanzas.txt.txt,6.8554263,10.015502,6.4350457,1.5639514,4.269175
181_Inv._de_Operaciones_1_+Lab.txt.txt,5.6061835,10.340478,6.5350013,0.86452615,4.332253
85_Arte_y_Educacion.txt.txt,5.207096,10.225676,7.467081,1.8409294,4.7968383
186_Sistemas_Lean.txt.txt,5.4245977,10.3679495,6.5384455,1.1438557,5.3448133
25_Cultura_Gastronomica.txt.txt,5.50182,9.551901,7.268374,2.1444874,5.1417594
4_Quimica_General_1_+Lab_Ej.txt.txt,5.9342275,9.741095,7.6517286,1.3365788,5.045174
138_Enfasis_3.txt.txt,5.461118,9.6195345,5.793305,1.3086808,4.747315
55_Administracion_de_A_&_B.txt.txt,5.263889,10.720346,6.3428087,1.3406408,4.8396564
64_Practica_Culinaria_2.txt.txt,6.0215926,10.017954,5.7747188,1.8724678,4.2304235
42_Seguridad_Informatica.txt.txt,5.431916,10.393899,6.8431587,1.582711,4.925991
135_Gestion_y_Produccion_Cultural.txt.txt,5.640198,9.768377,7.604065,2.255126,4.644349
162_Algebra_Abstracta_1.txt.txt,7.102444,10.799429,7.1638875,1.1422733,4.867029
99_Gerencia_de_Costos.txt.txt,5.835474,9.558604,6.839389,1.499384,4.1805453
17_Fisica_para_Ingenieria_1_+Lab_Ej.txt.txt,6.2188196,10.001086,7.4068336,0.7808281,4.952416
127_Laboratorio_de_Creacion_2.txt.txt,5.851451,10.447013,7.8972173,1.550989,4.965618
176_Lenguaje_Visual_y_Montaje.txt.txt,5.8460417,10.421372,6.8117414,1.7835618,5.9687667
78_Planificacion_y_Evaluacion_2.txt.txt,6.2145724,10.010152,7.439596,1.942611,5.788723
80_Ensenanza_de_Lenguaje.txt.txt,5.598363,10.043238,7.1046195,2.6233904,5.3359003
66_Reposteria_y_Chocolateria.txt.txt,5.908168,10.778341,6.5207396,1.7696284,5.293436
30_Programacion_Avanzada_de_Apps.txt.txt,5.8631363,9.269888,6.054532,1.775589,4.6390324
53_Conceptos_y_Tecnicas_2_+PRA.txt.txt,6.180171,10.241313,5.8285885,1.8191614,3.9078856
54_Practica_Culinaria_1.txt.txt,5.715046,10.468957,5.971707,1.4335341,4.3807797
50_Nutricion_Humana_+Lab.txt.txt,6.622561,10.064614,6.3343787,1.7332757,5.272396
182_Control_de_Produccion.txt.txt,5.501137,10.922926,6.886479,1.1752435,4.6960273
60_Coloquios_Gastr.txt.txt,5.108262,9.363035,6.4463525,1.5642184,4.372375
118_Fundamentos_de_las_Artes.txt.txt,6.9345803,9.845821,7.099543,1.7311188,5.3185287
106_Negociacion.txt.txt,6.9774475,9.757965,7.517732,2.2416945,5.032487
164_Analisis_Funcional.txt.txt,6.8340626,9.572404,7.1374674,1.025533,5.3222737
153_Introduccion_a_Probabilidades.txt.txt,6.1172256,10.018596,7.2034755,0.5103154,5.307948
91_Inclusion_y_Diversidad.txt.txt,5.572841,11.091824,6.371679,1.8007913,4.2083354
117_Herramientas_Digitales_1.txt.txt,5.6727853,9.865654,5.879267,1.878695,5.589469
150_Variable_Compleja.txt.txt,6.781084,9.93831,6.651409,0.83446485,5.871649
83_Ensenanza_de_Matematicas.txt.txt,6.6720815,10.535694,7.1027403,2.7714517,4.3825026
165_Algebra_Abstracta_2.txt.txt,7.259053,10.852742,6.782625,1.0451981,5.057871
140_Arte_y_Educacion___Curaduria.txt.txt,6.055327,10.717876,7.472343,2.2978199,4.344212
1_Escritura_Academica.txt.txt,5.034649,10.463544,6.904466,2.3531995,4.3871746
15_Matematicas_Discretas.txt.txt,6.9878607,10.245231,7.5340037,1.8600687,5.4878645
115_Tributacion_y_Entorno_Legal.txt.txt,6.5041366,10.774738,7.5691614,2.3704002,5.213385
2_Taller_de_Ing._Cs._Computacion.txt.txt,6.3546877,10.973228,6.2265005,1.8949035,4.258187
93_Practica_4.txt.txt,6.3782372,11.152535,6.717576,1.1759098,5.1555047
12_Ingles_Nivel_3.txt.txt,6.164522,10.201731,7.495087,1.7596893,3.7663448
163_Geometria_Diferencial.txt.txt,6.1662393,9.656686,6.093567,0.69922304,5.483017
22_Algebra_Lineal_1_+Ej.txt.txt,5.8499355,10.507939,6.3687744,0.46279207,5.40307
69_Administracion_de_Eventos.txt.txt,5.105912,9.457475,6.974873,1.9080975,5.2995434
61_Alta_Cocina_Francesa.txt.txt,6.3824234,9.929318,5.919483,1.7655526,3.9527376
123_Fundamentos_de_Escultura.txt.txt,5.48598,10.066601,5.7457223,1.7657442,5.118215
126_Arte_Contemporaneo.txt.txt,5.4565387,9.92183,6.305126,2.5019493,4.8956175
86_Bilingualism.txt.txt,5.9816804,10.403651,7.42718,2.8260818,5.491493
180_Diseño_de_Produccion.txt.txt,5.8150387,11.416231,6.903207,2.0568323,4.7607317
97_Principios_de_Marketing.txt.txt,4.9461136,10.855171,6.863372,1.8366605,5.140226
109_Investigacion_de_Mercados.txt.txt,5.9877315,11.243243,7.325108,2.1872814,5.129491
21_Programacion_de_Apps.txt.txt,5.6612425,9.357801,5.8385205,1.8390491,4.4823747
137_Matematicas_Cotidianas.txt.txt,6.3894434,10.0601225,6.6465592,0.6178053,4.489239
169_Improvisacion.txt.txt,5.497231,9.9345875,7.8909974,2.2959645,5.045539
14_Programacion_Avanzada_en_C++.txt.txt,5.820777,9.230225,6.657801,1.5780014,5.507771
154_Fundamentos_de_Geometria.txt.txt,7.000216,10.935716,7.349918,1.0430279,4.86901
13_Ingles_Nivel_4.txt.txt,6.48657,9.692588,6.414508,2.712555,5.0267353
43_Mineria_de_Datos.txt.txt,5.934125,10.255195,6.828048,0.67852676,3.867598
149_Teoria_de_Grupos.txt.txt,7.168289,10.452393,7.4845753,1.3399595,4.6312003
142_Produccion_&_Exhibicion.txt.txt,5.8848352,10.630144,5.8813148,2.3279111,5.2892017
152_Calculo_para_Ciencias_2.txt.txt,6.647878,10.292642,6.1229744,0.9792216,5.38645
81_Practica_1.txt.txt,6.094008,10.476814,8.040799,1.9660993,4.6239796
57_Alta_Cocina_Ecuatoriana.txt.txt,6.6479535,10.111878,6.002161,2.0928636,4.246491
16_Introduccion_a_la_Economia.txt.txt,6.1684365,9.714384,6.9013047,1.3347697,3.8174672
75_Planificacion_y_Evaluacion_1.txt.txt,6.5157566,10.534536,7.6276665,2.1968222,5.7576537
8_Programacion_en_C++_+Ej.txt.txt,6.5828924,9.636199,7.7360168,1.0879639,4.612771
68_Enologia_y_Cocteleria.txt.txt,5.992551,9.6502,7.9117384,2.2483168,5.3730354
143_Programacion_Para_Diseño_1.txt.txt,5.169013,9.914316,6.415307,1.7202859,5.6658998
108_Economia_y_Negocios.txt.txt,6.7754045,10.308965,7.732805,1.3511249,4.4212475
98_Estadistica_Empresarial_+Lab.txt.txt,5.607137,10.134854,7.047185,0.854691,3.959273
82_Metodologias_de_Ensenanza.txt.txt,6.4493575,10.324366,6.953874,2.9283392,4.1434274
160_Ecuaciones_Diferenciales_Parciales.txt.txt,7.054255,9.475809,6.9689655,0.92158264,4.7371845
48_Principios_de_Administracion.txt.txt,6.947096,9.487426,7.214909,1.6241193,4.3992977
90_Practica_3.txt.txt,6.535241,10.7189455,6.2392545,1.2181288,4.573945
52_Contabilidad_Empresarial.txt.txt,6.401428,9.584646,7.1650705,1.1940889,3.888967
121_Dibujo_para_Arte_y_Diseno.txt.txt,5.8471713,10.523841,6.066879,1.3435553,5.355037
76_Estadistica_para_CCSS.txt.txt,5.550261,9.9925585,7.0207157,0.44033894,4.4435577
45_Proyecto_Integrador_CMP.txt.txt,6.5058017,10.857699,5.9960985,1.962412,5.174001
131_Taller_de_Investigacion.txt.txt,5.1517205,10.606196,6.5419703,2.3455791,4.546997
84_Ensenanza_de_Ciencias_Sociales.txt.txt,5.521821,9.839465,6.941621,2.96779,4.864817
9_Calculo_Integral_+_Ej.txt.txt,6.647696,10.257488,6.8348627,0.5658566,4.913883
23_Fisica_para_Ingenieria_2_+Lab_Ej.txt.txt,5.684577,10.813646,7.5039053,1.1569462,5.5436425
132_Enfasis_1.txt.txt,5.3193445,9.699486,5.466448,1.2626281,4.9206023
107_Operaciones_+Lab.txt.txt,5.2332435,10.2422,6.5770626,0.8931371,4.603999
145_Programacion_Para_Diseño_3.txt.txt,5.8591213,9.854112,5.941485,1.7370377,5.8766866
94_Zoologia_+Lab.txt.txt,6.1463466,9.873273,7.895818,2.0885959,4.3353806
113_Negocios_Internacionales.txt.txt,7.1899214,10.212711,6.4543543,1.437521,4.5395346
20_Ingles_Nivel_6.txt.txt,5.894177,9.595563,7.1188283,2.7824228,4.6031847
112_Gestion_del_Talento.txt.txt,6.8541064,10.253597,7.3404875,2.6586838,5.004157
77_Neurociencia_y_Educacion.txt.txt,5.942381,11.202995,7.692267,1.5606079,5.073149
166_Topologia_1.txt.txt,6.406969,9.692216,6.5648594,0.3533203,5.2864027
95_Fisiologia_+Lab.txt.txt,5.8894925,10.290956,7.644529,2.5053742,5.6204658
134_Enfasis_2.txt.txt,5.2052064,9.683655,5.590588,1.4963614,4.787216
148_Calculo_para_Ciencias_1.txt.txt,6.2509027,9.63543,6.310888,0.79670006,5.5038695
31_Organizacion_de_Computadores.txt.txt,6.3120203,9.504613,7.4347596,1.5332636,5.7675743
46_Matematica_Empresarial_+Ej.txt.txt,6.6419773,10.296264,7.1609635,0.9286942,4.037413
147_Modelado_3D_1.txt.txt,6.3299303,9.148373,7.390334,1.7033685,5.378458
114_Innovacion_y_Sustentabilidad.txt.txt,6.678898,9.193769,6.573307,2.2223701,4.8003354
39_Proyectos__Gerencia_y_Analisis.txt.txt,6.8629475,9.982659,7.3848042,0.94169927,3.9309857
27_Estructuras_de_Datos.txt.txt,6.68944,9.82736,8.070168,1.5195072,5.3446302
87_Practica_2.txt.txt,5.612494,10.189517,7.3760967,2.9024138,4.739373
174_Proyecto_final_en_Danza.txt.txt,5.3575363,10.710336,5.998099,2.1091943,5.271803
173_Performance.txt.txt,6.176044,9.606416,7.688628,2.4833212,4.5549617
96_Evolucion.txt.txt,5.8766646,9.095419,7.5086765,1.7851707,4.6249843
41_Coloquios_ING.txt.txt,5.1742783,9.152789,6.3184524,1.5276344,4.278822
59_Introduccion_al_Marketing_HSP.txt.txt,5.1673203,10.957991,7.4065785,1.6477245,5.215692
111_Proyectos_Empresariales.txt.txt,6.3925853,9.185502,6.6592135,2.0787933,4.141989
157_Analisis_Numerico.txt.txt,7.056102,9.7707615,7.247712,0.4856333,5.1295304
88_Ensenanza_de_Ciencias.txt.txt,6.3255596,10.975704,7.7832284,2.388,4.7948995
104_Finanzas_Corporativas.txt.txt,7.0741777,10.129426,6.95522,1.6566107,4.105877
156_Inferencia_Estadistica.txt.txt,5.6002855,9.978799,7.5190725,0.44668505,4.361581
29_Teoria_de_la_Computacion.txt.txt,5.788169,9.576788,7.324916,1.1025375,5.633299
73_Teorias_del_Aprendizaje.txt.txt,5.7187543,10.415173,7.769988,2.4934056,4.89218
168_Analisis_Real.txt.txt,6.9424086,10.354664,6.7298355,0.484622,5.232017
74_Desarrollo__Niño_y_Adolescente.txt.txt,6.7913074,10.963361,6.784059,1.9883624,4.478343
92_Proyecto_Integrador_EDU.txt.txt,6.268762,10.96234,5.649853,1.7127054,5.138516
38_Sistemas_Operativos.txt.txt,6.88476,10.813894,6.8928204,2.1555004,5.186854
40_Practica_Pre-Profesional_PASEM.txt.txt,6.504879,11.123918,6.5800757,1.8697926,5.6716857
70_Gerencia_Financiera_HSP.txt.txt,6.468939,10.064879,7.80286,1.0978292,3.9685724
172_Composicion.txt.txt,5.9850135,11.086257,7.0280857,1.9728904,4.193553
136_Laboratorio_de_Creacion_3.txt.txt,4.834024,9.72271,6.591216,1.8439491,4.753257
5_Cosmos.txt.txt,5.5351195,10.573456,7.3841543,1.7873583,3.9305003
122_Fotografia_1.txt.txt,5.890628,9.954718,5.5729747,2.015812,5.3154826
128_Taller_de_Arte_1.txt.txt,5.683204,10.582949,6.062539,2.4246275,4.412352
49_Panaderia.txt.txt,6.499596,11.343949,7.0587144,2.0176013,5.2393794
144_Programacion_Para_Diseño_2.txt.txt,5.748099,9.029877,6.2972584,1.7752684,5.5184116
170_Danza_Moderna_2.txt.txt,5.5656877,9.98314,8.169329,2.0015824,5.071386
159_Combinatoria_y_Grafos.txt.txt,6.364601,10.882366,7.6704164,1.0180769,4.9693713
103_Coloquios_adm.txt.txt,5.561362,9.140203,7.052413,1.588074,4.221947
71_Identidad_Culinaria.txt.txt,5.8010583,9.444425,7.2811875,2.6514115,5.6497235
120_Laboratorio_de_Creacion_1.txt.txt,4.956048,9.677137,6.7284503,1.2345173,4.8580837
51_Introduccion_a_la_Hospitalidad.txt.txt,5.593787,9.081011,6.9247184,1.1572472,4.4056897
175_Lenguaje_del_Cine.txt.txt,5.9987526,10.419096,7.9706264,1.5191492,5.493854
19_Ingles_Nivel_5.txt.txt,5.325765,9.483598,7.085944,2.3279028,3.9676259
177_Cinematografia.txt.txt,6.1674256,10.673683,5.950216,2.5168843,4.804889
133_Taller_de_Arte_2.txt.txt,5.8786793,10.874032,6.5429707,2.3292158,4.031515
6_Ingles_Nivel_1.txt.txt,6.895379,9.811057,6.472454,2.426601,5.43716
179_Storytelling.txt.txt,5.1335874,10.790678,7.8050084,1.756128,4.8772855
37_Redes_+Lab.txt.txt,5.6662827,9.906957,8.100499,1.3990128,4.4958425
146_Juegos_y_Narrativa.txt.txt,4.9717183,10.536718,7.071442,2.0858886,5.596832
167_Topologia_2.txt.txt,6.816459,10.734266,7.435604,0.9237714,5.4266396
139_Taller_de_Arte_3.txt.txt,6.0840697,11.259252,7.0382524,2.0677702,5.7856565
33_Diseño_de_Sistemas.txt.txt,5.3440633,10.768314,7.594784,1.2784603,4.434297
141_Temas_en_Comunicacion_y_Arte.txt.txt,6.1199846,9.646657,6.9282446,3.0245066,5.3547826
124_Teoria_Critica_1__Arte_&_Media.txt.txt,5.326571,9.53561,6.3029876,2.5984845,5.2829704
158_Teoria_de_Numeros.txt.txt,6.846374,10.188437,7.5544243,0.62518245,5.251758
