original_column,0,1,2
184_Ergonomia.txt.txt,4.366536,7.768557,5.5147896
105_Marketing_Digital.txt.txt,2.1256938,8.637127,5.11503
32_Emprendimiento.txt.txt,2.6283288,8.418854,5.776862
185_Ingenieria_de_la_Calidad_+_Lab.txt.txt,3.4966981,8.730461,6.34134
24_Aprendizaje_y_Servicio_PASEC.txt.txt,3.351605,7.4442444,4.6733217
34_Inteligencia_Artificial.txt.txt,3.510153,7.184639,5.99183
3_Calculo_Diferencial_+_Ej.txt.txt,2.8172226,6.703875,6.7960234
11_Ser_y_Cosmos.txt.txt,3.1807494,6.786918,4.111457
89_Ensenanza_Integrada_de_CITIAM.txt.txt,2.0856314,7.4970436,4.4893312
155_Logica_y_Teoria_de_Conjuntos.txt.txt,3.0301752,6.5410967,6.289386
26_Electronica_Basica_+Lab.txt.txt,3.3666995,7.249656,7.0595264
7_Ingles_Nivel_2.txt.txt,3.811214,6.926416,5.6100664
65_Alta_Cocina_Mundial.txt.txt,4.575281,8.605106,5.3127623
110_Creatividad_Empresarial.txt.txt,3.5304918,8.380209,4.9414716
101_Analisis_de_Datos.txt.txt,2.574948,8.126787,6.3618555
63_Servicio_y_Protocolo.txt.txt,3.658447,9.182613,6.7144337
161_Algebra_Lineal_2.txt.txt,2.3565,6.7089815,5.6245646
171_Barra_para_danza_contemporanea.txt.txt,3.196006,8.767495,4.614552
"183_Procesos,_Metodos_y_Estandares.txt.txt",3.6350417,8.960157,6.5587816
129_Coloquios_ART.txt.txt,3.0312333,6.5748563,4.4887786
67_Innovacion_Culinaria.txt.txt,4.192724,8.737374,5.1216164
116_Analisis_Estrategico_ADM.txt.txt,1.9035122,8.4409485,5.541957
10_Autoconocimiento.txt.txt,3.822566,8.2214365,4.105099
47_Conceptos_y_Tecnicas_1.txt.txt,4.541937,8.616163,6.0696845
35_Base_de_Datos.txt.txt,3.789552,8.060185,6.9752502
119_Composicion_Visual_1.txt.txt,2.8017988,9.153007,4.969777
79_Coloquios_EDU.txt.txt,3.1714401,6.9032383,4.4843764
130_Arte_y_Contexto_Social.txt.txt,2.4183457,8.618711,4.3936753
178_Sonido.txt.txt,3.4715648,9.334235,5.6043644
44_Aplicaciones_Distribuidas.txt.txt,4.3725896,8.086305,6.5744276
62_Pasteleria.txt.txt,4.2152843,9.108029,6.0094566
151_Ecuaciones_Diferenciales.txt.txt,3.3555253,6.376856,6.1015973
18_Calculo_Vectorial.txt.txt,2.681983,6.4074016,6.3351946
125_Nuevos_Medios.txt.txt,2.5139682,8.452954,4.9013443
100_Principios_de_Seguros.txt.txt,3.4182353,8.822632,6.01614
36_Aprendizaje_Automatico.txt.txt,3.854569,7.1809216,6.030134
72_Fundamentos_de_la_Educacion.txt.txt,3.0926976,7.7630844,3.772596
56_Carniceria.txt.txt,4.223375,8.820771,6.3858986
28_Probabilidad_y_Estadistica_+Ej.txt.txt,1.9916425,7.2681947,6.4984894
58_Introduccion_a_la_Biologia_+Ej.txt.txt,2.5884717,7.4596286,5.93923
102_Principios_de_Finanzas.txt.txt,2.8270922,7.860247,5.8181024
181_Inv._de_Operaciones_1_+Lab.txt.txt,3.211619,7.575355,6.597267
85_Arte_y_Educacion.txt.txt,2.691859,7.557557,3.700365
186_Sistemas_Lean.txt.txt,3.2046614,8.653714,6.449398
25_Cultura_Gastronomica.txt.txt,2.743619,8.173078,4.70821
4_Quimica_General_1_+Lab_Ej.txt.txt,2.2497036,7.4553227,6.7623744
138_Enfasis_3.txt.txt,2.428623,7.03555,4.6177297
55_Administracion_de_A_&_B.txt.txt,3.369731,9.309123,6.984716
64_Practica_Culinaria_2.txt.txt,4.735248,7.757213,5.541073
42_Seguridad_Informatica.txt.txt,3.104589,8.416537,7.1249623
135_Gestion_y_Produccion_Cultural.txt.txt,2.840893,9.00584,6.0889015
162_Algebra_Abstracta_1.txt.txt,2.6327164,5.9770503,5.5515237
99_Gerencia_de_Costos.txt.txt,2.3898346,8.562109,6.3969927
17_Fisica_para_Ingenieria_1_+Lab_Ej.txt.txt,3.0106442,7.0397363,6.983074
127_Laboratorio_de_Creacion_2.txt.txt,4.1155076,8.1978445,4.8894053
176_Lenguaje_Visual_y_Montaje.txt.txt,2.572003,9.2793665,5.1436925
78_Planificacion_y_Evaluacion_2.txt.txt,2.6749024,7.514374,4.9309864
80_Ensenanza_de_Lenguaje.txt.txt,3.0895796,7.825388,4.1803284
66_Reposteria_y_Chocolateria.txt.txt,4.21838,8.79275,5.753428
30_Programacion_Avanzada_de_Apps.txt.txt,4.239066,7.481487,6.7089143
53_Conceptos_y_Tecnicas_2_+PRA.txt.txt,4.9060373,8.303885,5.4792295
54_Practica_Culinaria_1.txt.txt,4.7595787,8.1808,6.039569
50_Nutricion_Humana_+Lab.txt.txt,3.0807793,7.821973,5.6584134
182_Control_de_Produccion.txt.txt,3.405954,9.353416,6.397006
60_Coloquios_Gastr.txt.txt,3.651581,7.33557,4.2304473
118_Fundamentos_de_las_Artes.txt.txt,3.3144417,7.6080728,5.285171
106_Negociacion.txt.txt,2.280201,9.307122,5.918994
164_Analisis_Funcional.txt.txt,2.4660661,6.5339646,5.5482407
153_Introduccion_a_Probabilidades.txt.txt,2.1141884,6.8024125,6.3193264
91_Inclusion_y_Diversidad.txt.txt,2.9996936,8.035127,4.0906153
117_Herramientas_Digitales_1.txt.txt,3.0070298,8.731495,5.3082647
150_Variable_Compleja.txt.txt,2.4824119,5.905684,6.0950475
83_Ensenanza_de_Matematicas.txt.txt,2.128415,7.6279583,4.1968265
165_Algebra_Abstracta_2.txt.txt,2.5908477,6.362012,5.4586744
140_Arte_y_Educacion___Curaduria.txt.txt,2.6926336,7.795743,4.5316677
1_Escritura_Academica.txt.txt,4.058533,7.276874,4.853063
15_Matematicas_Discretas.txt.txt,2.8587098,6.456094,5.863523
115_Tributacion_y_Entorno_Legal.txt.txt,3.3619292,8.586359,5.7268305
2_Taller_de_Ing._Cs._Computacion.txt.txt,4.5531507,7.4034457,5.241205
93_Practica_4.txt.txt,4.755047,7.178124,4.445205
12_Ingles_Nivel_3.txt.txt,3.9011798,6.589638,5.1763997
163_Geometria_Diferencial.txt.txt,2.2838957,6.3659062,6.3292356
22_Algebra_Lineal_1_+Ej.txt.txt,2.4935215,6.7587647,6.5248213
69_Administracion_de_Eventos.txt.txt,2.786371,8.984096,6.4313374
61_Alta_Cocina_Francesa.txt.txt,4.868562,8.644973,5.655689
123_Fundamentos_de_Escultura.txt.txt,3.3285964,8.674402,5.0619383
126_Arte_Contemporaneo.txt.txt,2.846294,8.871765,4.2772307
86_Bilingualism.txt.txt,2.442495,8.026169,3.9979694
180_Diseño_de_Produccion.txt.txt,2.885383,9.675297,5.2438054
97_Principios_de_Marketing.txt.txt,2.0963943,8.567341,5.918811
109_Investigacion_de_Mercados.txt.txt,2.2455182,8.976841,6.054191
21_Programacion_de_Apps.txt.txt,4.101288,7.673049,6.969537
137_Matematicas_Cotidianas.txt.txt,2.7376783,7.2855463,6.643157
169_Improvisacion.txt.txt,3.6176586,8.991999,4.3257885
14_Programacion_Avanzada_en_C++.txt.txt,4.0139437,7.768512,6.301993
154_Fundamentos_de_Geometria.txt.txt,2.8943484,5.8043275,5.258548
13_Ingles_Nivel_4.txt.txt,4.2133827,6.7998815,5.074614
43_Mineria_de_Datos.txt.txt,3.2491958,7.670167,6.238377
149_Teoria_de_Grupos.txt.txt,2.8229127,6.080341,5.4472327
142_Produccion_&_Exhibicion.txt.txt,4.5759497,7.8769445,5.014539
152_Calculo_para_Ciencias_2.txt.txt,2.3643656,6.4850454,6.2846894
81_Practica_1.txt.txt,4.597972,6.973107,4.478417
57_Alta_Cocina_Ecuatoriana.txt.txt,4.813646,8.746029,5.4672213
16_Introduccion_a_la_Economia.txt.txt,1.8375145,8.072718,6.0439057
75_Planificacion_y_Evaluacion_1.txt.txt,2.8905926,7.801582,4.79146
8_Programacion_en_C++_+Ej.txt.txt,2.6487958,7.240402,6.985986
68_Enologia_y_Cocteleria.txt.txt,4.301533,9.262668,5.615324
143_Programacion_Para_Diseño_1.txt.txt,3.6062598,8.175426,6.16386
108_Economia_y_Negocios.txt.txt,1.7727431,7.8117743,6.0829163
98_Estadistica_Empresarial_+Lab.txt.txt,2.0571156,8.086231,6.5548844
82_Metodologias_de_Ensenanza.txt.txt,2.1534016,7.9408035,4.5985637
160_Ecuaciones_Diferenciales_Parciales.txt.txt,3.352263,6.268415,5.8680887
48_Principios_de_Administracion.txt.txt,2.7826116,8.766214,7.0763702
90_Practica_3.txt.txt,4.290193,6.88599,4.3210254
52_Contabilidad_Empresarial.txt.txt,2.5967782,7.993473,7.0384507
121_Dibujo_para_Arte_y_Diseno.txt.txt,3.6550486,8.880818,5.262686
76_Estadistica_para_CCSS.txt.txt,1.7424198,7.412466,6.317586
45_Proyecto_Integrador_CMP.txt.txt,4.751421,7.2136784,5.284477
131_Taller_de_Investigacion.txt.txt,4.075387,7.80119,4.4682555
84_Ensenanza_de_Ciencias_Sociales.txt.txt,2.0310917,8.008801,4.0817103
9_Calculo_Integral_+_Ej.txt.txt,2.547914,6.425532,6.940593
23_Fisica_para_Ingenieria_2_+Lab_Ej.txt.txt,3.3413303,6.7174263,6.825888
132_Enfasis_1.txt.txt,2.246563,6.8365664,4.671195
107_Operaciones_+Lab.txt.txt,2.8600788,7.539619,6.884972
145_Programacion_Para_Diseño_3.txt.txt,3.984585,7.745346,5.775439
94_Zoologia_+Lab.txt.txt,2.4260604,7.2446,5.816688
113_Negocios_Internacionales.txt.txt,3.1663575,8.268739,5.501392
20_Ingles_Nivel_6.txt.txt,4.159398,6.6579103,4.888892
112_Gestion_del_Talento.txt.txt,2.582615,8.954749,6.762037
77_Neurociencia_y_Educacion.txt.txt,2.9398715,7.4218698,4.245096
166_Topologia_1.txt.txt,2.857525,5.986717,6.3896375
95_Fisiologia_+Lab.txt.txt,2.4641953,7.3616385,5.424642
134_Enfasis_2.txt.txt,2.519599,6.6351414,4.70659
148_Calculo_para_Ciencias_1.txt.txt,2.1675873,6.334383,6.7915716
31_Organizacion_de_Computadores.txt.txt,3.7810962,7.730333,7.2839403
46_Matematica_Empresarial_+Ej.txt.txt,2.0071738,7.8020926,6.9584546
147_Modelado_3D_1.txt.txt,4.0339365,8.040815,6.0894055
114_Innovacion_y_Sustentabilidad.txt.txt,3.1520941,7.321684,4.7852926
39_Proyectos__Gerencia_y_Analisis.txt.txt,3.2122953,8.613005,7.071313
27_Estructuras_de_Datos.txt.txt,3.4243495,8.015916,6.842186
87_Practica_2.txt.txt,4.302162,7.116504,4.0924234
174_Proyecto_final_en_Danza.txt.txt,4.56714,8.025912,4.3746624
173_Performance.txt.txt,4.112141,8.769571,4.3214073
96_Evolucion.txt.txt,2.3362982,7.444379,5.4756074
41_Coloquios_ING.txt.txt,3.7074935,6.8453984,3.9971979
59_Introduccion_al_Marketing_HSP.txt.txt,1.9576035,8.707994,6.04533
111_Proyectos_Empresariales.txt.txt,2.826082,8.605462,6.4152637
157_Analisis_Numerico.txt.txt,3.1086447,6.866696,5.9630537
88_Ensenanza_de_Ciencias.txt.txt,2.2177854,7.220264,3.8333917
104_Finanzas_Corporativas.txt.txt,2.4290693,8.087564,5.508614
156_Inferencia_Estadistica.txt.txt,1.7450033,7.284188,5.6859884
29_Teoria_de_la_Computacion.txt.txt,4.28967,6.6728835,5.7471104
73_Teorias_del_Aprendizaje.txt.txt,3.0471783,7.211413,3.830199
168_Analisis_Real.txt.txt,2.115019,6.1543303,5.8933663
74_Desarrollo__Niño_y_Adolescente.txt.txt,3.5788739,7.942484,4.0115824
92_Proyecto_Integrador_EDU.txt.txt,4.45536,7.390231,4.6857657
38_Sistemas_Operativos.txt.txt,3.799884,8.529336,7.063841
40_Practica_Pre-Profesional_PASEM.txt.txt,4.5853806,6.9512,4.7138677
70_Gerencia_Financiera_HSP.txt.txt,2.4505167,8.823666,6.7678623
172_Composicion.txt.txt,3.3827894,9.142715,4.3766575
136_Laboratorio_de_Creacion_3.txt.txt,3.8242354,8.006037,5.070669
5_Cosmos.txt.txt,3.2537713,6.2408533,4.458941
122_Fotografia_1.txt.txt,3.0180101,9.279437,5.4385533
128_Taller_de_Arte_1.txt.txt,4.5065727,8.436554,4.5976973
49_Panaderia.txt.txt,4.2808876,9.241186,6.2220697
144_Programacion_Para_Diseño_2.txt.txt,3.7920642,7.864401,6.287911
170_Danza_Moderna_2.txt.txt,3.8800542,8.957863,4.578889
159_Combinatoria_y_Grafos.txt.txt,3.015378,7.408502,6.2804995
103_Coloquios_adm.txt.txt,3.2352953,6.4656935,4.7341228
71_Identidad_Culinaria.txt.txt,3.6316411,8.167382,4.3421206
120_Laboratorio_de_Creacion_1.txt.txt,3.9335248,8.080943,5.365358
51_Introduccion_a_la_Hospitalidad.txt.txt,3.010863,9.429231,6.7757597
175_Lenguaje_del_Cine.txt.txt,2.222977,9.457319,5.084929
19_Ingles_Nivel_5.txt.txt,3.5772173,6.8621545,4.812593
177_Cinematografia.txt.txt,3.13309,9.500808,5.2106004
133_Taller_de_Arte_2.txt.txt,4.3964286,8.126616,4.2422366
6_Ingles_Nivel_1.txt.txt,3.7934713,7.165001,5.394348
179_Storytelling.txt.txt,2.4388144,9.430909,4.9633713
37_Redes_+Lab.txt.txt,3.5123308,7.9831386,7.388842
146_Juegos_y_Narrativa.txt.txt,2.2105076,9.096844,4.7094464
167_Topologia_2.txt.txt,2.8379867,6.0580225,6.2952113
139_Taller_de_Arte_3.txt.txt,4.84907,7.9365244,4.6177354
33_Diseño_de_Sistemas.txt.txt,4.1667824,8.307397,6.898385
141_Temas_en_Comunicacion_y_Arte.txt.txt,2.8300226,8.662996,4.0668707
124_Teoria_Critica_1__Arte_&_Media.txt.txt,2.558606,8.334652,4.076453
158_Teoria_de_Numeros.txt.txt,2.5847673,5.7875676,5.91646
