original_column,0,1
184_Ergonomia.txt.txt,6.413808,5.9907227
105_Marketing_Digital.txt.txt,5.440578,6.708408
32_Emprendimiento.txt.txt,5.396803,5.6209235
185_Ingenieria_de_la_Calidad_+_Lab.txt.txt,4.852207,6.764111
24_Aprendizaje_y_Servicio_PASEC.txt.txt,7.672645,5.239053
34_Inteligencia_Artificial.txt.txt,4.740212,5.4781895
3_Calculo_Diferencial_+_Ej.txt.txt,3.6219401,4.1830716
11_Ser_y_Cosmos.txt.txt,7.3406863,5.367465
89_Ensenanza_Integrada_de_CITIAM.txt.txt,7.362187,4.922591
155_Logica_y_Teoria_de_Conjuntos.txt.txt,4.601452,4.102492
26_Electronica_Basica_+Lab.txt.txt,4.7867346,5.3609343
7_Ingles_Nivel_2.txt.txt,6.4944115,4.1492014
65_Alta_Cocina_Mundial.txt.txt,7.791698,6.5180907
110_Creatividad_Empresarial.txt.txt,6.374034,5.3621664
101_Analisis_de_Datos.txt.txt,3.8877366,6.062732
63_Servicio_y_Protocolo.txt.txt,4.7612896,6.634811
161_Algebra_Lineal_2.txt.txt,4.669386,4.2755203
171_Barra_para_danza_contemporanea.txt.txt,6.5356,6.6715226
"183_Procesos,_Metodos_y_Estandares.txt.txt",4.9291472,7.0827823
129_Coloquios_ART.txt.txt,6.7746105,5.149695
67_Innovacion_Culinaria.txt.txt,7.928532,6.4297466
116_Analisis_Estrategico_ADM.txt.txt,5.49902,6.7630835
10_Autoconocimiento.txt.txt,7.2027183,5.8351197
47_Conceptos_y_Tecnicas_1.txt.txt,7.969415,7.0795774
35_Base_de_Datos.txt.txt,4.9019985,7.8947706
119_Composicion_Visual_1.txt.txt,6.6924844,7.4557233
79_Coloquios_EDU.txt.txt,6.945996,5.0258255
130_Arte_y_Contexto_Social.txt.txt,7.165131,6.1390653
178_Sonido.txt.txt,6.718047,7.7390685
44_Aplicaciones_Distribuidas.txt.txt,5.008184,7.72239
62_Pasteleria.txt.txt,7.759951,7.432826
151_Ecuaciones_Diferenciales.txt.txt,4.0651712,4.6261716
18_Calculo_Vectorial.txt.txt,3.9886675,4.1728377
125_Nuevos_Medios.txt.txt,6.5168953,7.2249565
100_Principios_de_Seguros.txt.txt,5.575653,5.885971
36_Aprendizaje_Automatico.txt.txt,4.513172,5.6763735
72_Fundamentos_de_la_Educacion.txt.txt,8.101165,5.1563525
56_Carniceria.txt.txt,7.636101,7.5058603
28_Probabilidad_y_Estadistica_+Ej.txt.txt,3.6307218,4.863983
58_Introduccion_a_la_Biologia_+Ej.txt.txt,4.737961,5.025204
102_Principios_de_Finanzas.txt.txt,5.7350106,5.3523426
181_Inv._de_Operaciones_1_+Lab.txt.txt,4.6208525,5.5520205
85_Arte_y_Educacion.txt.txt,7.748086,4.8967557
186_Sistemas_Lean.txt.txt,5.031209,6.8343167
25_Cultura_Gastronomica.txt.txt,7.3979335,6.2820044
4_Quimica_General_1_+Lab_Ej.txt.txt,4.213684,5.0240593
138_Enfasis_3.txt.txt,6.1516333,4.8900948
55_Administracion_de_A_&_B.txt.txt,4.6522107,6.696306
64_Practica_Culinaria_2.txt.txt,8.080129,6.5415196
42_Seguridad_Informatica.txt.txt,4.2617397,7.019215
135_Gestion_y_Produccion_Cultural.txt.txt,5.303171,6.0827527
162_Algebra_Abstracta_1.txt.txt,4.6803346,3.7318907
99_Gerencia_de_Costos.txt.txt,4.199714,6.485662
17_Fisica_para_Ingenieria_1_+Lab_Ej.txt.txt,4.274301,4.971444
127_Laboratorio_de_Creacion_2.txt.txt,6.2173305,6.231364
176_Lenguaje_Visual_y_Montaje.txt.txt,6.657228,7.9045086
78_Planificacion_y_Evaluacion_2.txt.txt,7.298738,4.3490744
80_Ensenanza_de_Lenguaje.txt.txt,7.62593,4.6537914
66_Reposteria_y_Chocolateria.txt.txt,7.6072526,7.2797256
30_Programacion_Avanzada_de_Apps.txt.txt,5.076169,7.633096
53_Conceptos_y_Tecnicas_2_+PRA.txt.txt,7.9058275,6.8885326
54_Practica_Culinaria_1.txt.txt,8.253993,6.6516385
50_Nutricion_Humana_+Lab.txt.txt,5.337247,5.3573413
182_Control_de_Produccion.txt.txt,4.9300003,6.915119
60_Coloquios_Gastr.txt.txt,6.5671415,5.3024845
118_Fundamentos_de_las_Artes.txt.txt,6.1047807,6.138457
106_Negociacion.txt.txt,4.2033134,6.4095984
164_Analisis_Funcional.txt.txt,4.334283,4.3498006
153_Introduccion_a_Probabilidades.txt.txt,3.5891626,4.560988
91_Inclusion_y_Diversidad.txt.txt,7.1175985,4.7553325
117_Herramientas_Digitales_1.txt.txt,6.160097,7.4364676
150_Variable_Compleja.txt.txt,3.909879,3.8342462
83_Ensenanza_de_Matematicas.txt.txt,7.8200526,4.534935
165_Algebra_Abstracta_2.txt.txt,4.886181,4.020274
140_Arte_y_Educacion___Curaduria.txt.txt,6.899509,5.5700254
1_Escritura_Academica.txt.txt,6.4973617,4.8038306
15_Matematicas_Discretas.txt.txt,4.774023,4.305033
115_Tributacion_y_Entorno_Legal.txt.txt,5.7507844,5.7026234
2_Taller_de_Ing._Cs._Computacion.txt.txt,6.371238,5.63586
93_Practica_4.txt.txt,8.233175,5.7658577
12_Ingles_Nivel_3.txt.txt,6.371496,4.3936334
163_Geometria_Diferencial.txt.txt,3.7755816,4.135236
22_Algebra_Lineal_1_+Ej.txt.txt,4.23601,4.6589317
69_Administracion_de_Eventos.txt.txt,4.9949102,6.1277895
61_Alta_Cocina_Francesa.txt.txt,8.143269,6.8716965
123_Fundamentos_de_Escultura.txt.txt,6.1792607,6.859701
126_Arte_Contemporaneo.txt.txt,6.6209645,6.565182
86_Bilingualism.txt.txt,7.470376,4.56364
180_Diseño_de_Produccion.txt.txt,6.792154,7.958024
97_Principios_de_Marketing.txt.txt,5.388297,6.335582
109_Investigacion_de_Mercados.txt.txt,4.4118433,6.211123
21_Programacion_de_Apps.txt.txt,5.1519527,7.5404367
137_Matematicas_Cotidianas.txt.txt,4.357939,5.31894
169_Improvisacion.txt.txt,6.805709,6.8304424
14_Programacion_Avanzada_en_C++.txt.txt,5.6502004,7.6363835
154_Fundamentos_de_Geometria.txt.txt,4.5563836,3.709252
13_Ingles_Nivel_4.txt.txt,6.762651,4.333057
43_Mineria_de_Datos.txt.txt,3.9929786,6.0401764
149_Teoria_de_Grupos.txt.txt,4.79856,3.8967257
142_Produccion_&_Exhibicion.txt.txt,6.583758,5.9036384
152_Calculo_para_Ciencias_2.txt.txt,3.8675754,4.3293033
81_Practica_1.txt.txt,8.371556,5.641076
57_Alta_Cocina_Ecuatoriana.txt.txt,8.070186,6.8083234
16_Introduccion_a_la_Economia.txt.txt,4.0482326,5.88651
75_Planificacion_y_Evaluacion_1.txt.txt,7.580813,4.3593984
8_Programacion_en_C++_+Ej.txt.txt,3.8727758,5.091422
68_Enologia_y_Cocteleria.txt.txt,7.941278,7.057819
143_Programacion_Para_Diseño_1.txt.txt,5.9621067,7.709876
108_Economia_y_Negocios.txt.txt,3.9264867,5.790718
98_Estadistica_Empresarial_+Lab.txt.txt,3.6507874,5.7892237
82_Metodologias_de_Ensenanza.txt.txt,7.9163513,4.653378
160_Ecuaciones_Diferenciales_Parciales.txt.txt,4.2495136,4.116168
48_Principios_de_Administracion.txt.txt,4.7976856,6.196692
90_Practica_3.txt.txt,8.447054,5.6356006
52_Contabilidad_Empresarial.txt.txt,3.938511,6.2918634
121_Dibujo_para_Arte_y_Diseno.txt.txt,6.1750913,6.431853
76_Estadistica_para_CCSS.txt.txt,3.5110664,5.0763025
45_Proyecto_Integrador_CMP.txt.txt,6.1434746,5.727211
131_Taller_de_Investigacion.txt.txt,6.502828,5.689351
84_Ensenanza_de_Ciencias_Sociales.txt.txt,7.829046,5.153555
9_Calculo_Integral_+_Ej.txt.txt,3.6963685,4.39384
23_Fisica_para_Ingenieria_2_+Lab_Ej.txt.txt,4.6462765,5.0661793
132_Enfasis_1.txt.txt,6.0591097,4.7319
107_Operaciones_+Lab.txt.txt,4.524688,5.59984
145_Programacion_Para_Diseño_3.txt.txt,5.8542128,7.381517
94_Zoologia_+Lab.txt.txt,5.1131954,4.8527036
113_Negocios_Internacionales.txt.txt,5.8623333,5.4106474
20_Ingles_Nivel_6.txt.txt,6.6495233,4.317995
112_Gestion_del_Talento.txt.txt,5.4841194,6.308831
77_Neurociencia_y_Educacion.txt.txt,8.188347,4.9624667
166_Topologia_1.txt.txt,4.244385,3.9114883
95_Fisiologia_+Lab.txt.txt,5.1077023,4.9996357
134_Enfasis_2.txt.txt,6.1103964,4.800235
148_Calculo_para_Ciencias_1.txt.txt,3.812392,4.2222486
31_Organizacion_de_Computadores.txt.txt,4.504553,7.350952
46_Matematica_Empresarial_+Ej.txt.txt,3.8523805,5.515055
147_Modelado_3D_1.txt.txt,5.5788436,7.5879636
114_Innovacion_y_Sustentabilidad.txt.txt,7.5344877,5.383728
39_Proyectos__Gerencia_y_Analisis.txt.txt,5.2231383,6.1841316
27_Estructuras_de_Datos.txt.txt,5.0130625,7.0719543
87_Practica_2.txt.txt,8.406509,5.610204
174_Proyecto_final_en_Danza.txt.txt,6.7871437,6.346051
173_Performance.txt.txt,6.7775574,6.605827
96_Evolucion.txt.txt,4.9038134,4.8890452
41_Coloquios_ING.txt.txt,7.0155005,4.987942
59_Introduccion_al_Marketing_HSP.txt.txt,5.285081,6.7026763
111_Proyectos_Empresariales.txt.txt,5.0022864,6.150405
157_Analisis_Numerico.txt.txt,4.401518,4.7974596
88_Ensenanza_de_Ciencias.txt.txt,7.83307,4.772618
104_Finanzas_Corporativas.txt.txt,5.859183,5.1150503
156_Inferencia_Estadistica.txt.txt,3.549432,5.1639724
29_Teoria_de_la_Computacion.txt.txt,6.2004447,4.4059925
73_Teorias_del_Aprendizaje.txt.txt,7.8726764,4.826604
168_Analisis_Real.txt.txt,4.080394,3.5589888
74_Desarrollo__Niño_y_Adolescente.txt.txt,7.79369,5.4936414
92_Proyecto_Integrador_EDU.txt.txt,7.7672095,5.7931147
38_Sistemas_Operativos.txt.txt,4.864888,7.414971
40_Practica_Pre-Profesional_PASEM.txt.txt,8.184989,5.861969
70_Gerencia_Financiera_HSP.txt.txt,4.2907796,6.602544
172_Composicion.txt.txt,6.924015,6.9949646
136_Laboratorio_de_Creacion_3.txt.txt,6.129822,6.1239657
5_Cosmos.txt.txt,7.303706,5.498795
122_Fotografia_1.txt.txt,6.5858135,7.6753674
128_Taller_de_Arte_1.txt.txt,6.8913054,5.8640304
49_Panaderia.txt.txt,7.875536,7.3284073
144_Programacion_Para_Diseño_2.txt.txt,5.8323846,7.664325
170_Danza_Moderna_2.txt.txt,6.8664856,6.7008376
159_Combinatoria_y_Grafos.txt.txt,4.28332,5.6816344
103_Coloquios_adm.txt.txt,6.679702,5.07304
71_Identidad_Culinaria.txt.txt,7.6323943,6.278547
120_Laboratorio_de_Creacion_1.txt.txt,6.0047765,6.3287425
51_Introduccion_a_la_Hospitalidad.txt.txt,4.568832,6.7929883
175_Lenguaje_del_Cine.txt.txt,6.8366175,8.065864
19_Ingles_Nivel_5.txt.txt,6.7277656,4.4480968
177_Cinematografia.txt.txt,6.8633437,7.63803
133_Taller_de_Arte_2.txt.txt,6.724073,5.9344954
6_Ingles_Nivel_1.txt.txt,6.826157,4.109739
179_Storytelling.txt.txt,6.8676486,8.1217165
37_Redes_+Lab.txt.txt,4.3234415,7.064581
146_Juegos_y_Narrativa.txt.txt,6.941371,8.221134
167_Topologia_2.txt.txt,4.3179207,3.7752626
139_Taller_de_Arte_3.txt.txt,6.632428,6.082744
33_Diseño_de_Sistemas.txt.txt,5.1085773,7.897705
141_Temas_en_Comunicacion_y_Arte.txt.txt,7.0406065,6.292104
124_Teoria_Critica_1__Arte_&_Media.txt.txt,7.2378793,6.014704
158_Teoria_de_Numeros.txt.txt,3.9465141,3.661868
