original_column,0,1
184_Ergonomia.txt.txt,1.6718936,7.868074
105_Marketing_Digital.txt.txt,0.36023617,9.974355
32_Emprendimiento.txt.txt,0.31862518,8.781426
185_Ingenieria_de_la_Calidad_+_Lab.txt.txt,-0.26879004,7.5563345
24_Aprendizaje_y_Servicio_PASEC.txt.txt,4.077639,9.233938
34_Inteligencia_Artificial.txt.txt,0.20412737,11.245889
3_Calculo_Diferencial_+_Ej.txt.txt,-1.2260277,12.52497
11_Ser_y_Cosmos.txt.txt,3.9557514,10.45835
89_Ensenanza_Integrada_de_CITIAM.txt.txt,2.3849983,12.294091
155_Logica_y_Teoria_de_Conjuntos.txt.txt,0.5466391,12.742311
26_Electronica_Basica_+Lab.txt.txt,-2.048678,10.216071
7_Ingles_Nivel_2.txt.txt,1.8960118,9.203197
65_Alta_Cocina_Mundial.txt.txt,1.7833972,6.9731903
110_Creatividad_Empresarial.txt.txt,1.4385496,8.48775
101_Analisis_de_Datos.txt.txt,-1.0437092,9.724063
63_Servicio_y_Protocolo.txt.txt,-0.37962487,7.2690005
161_Algebra_Lineal_2.txt.txt,-0.05487468,11.982505
171_Barra_para_danza_contemporanea.txt.txt,2.1108594,10.164096
"183_Procesos,_Metodos_y_Estandares.txt.txt",-1.5350788,7.493271
129_Coloquios_ART.txt.txt,3.1760468,9.984394
67_Innovacion_Culinaria.txt.txt,1.2220312,7.505198
116_Analisis_Estrategico_ADM.txt.txt,0.33339334,9.363095
10_Autoconocimiento.txt.txt,2.567682,11.908193
47_Conceptos_y_Tecnicas_1.txt.txt,0.95783055,7.041392
35_Base_de_Datos.txt.txt,-1.5858766,9.110609
119_Composicion_Visual_1.txt.txt,0.9993904,10.476931
79_Coloquios_EDU.txt.txt,3.0570602,10.039082
130_Arte_y_Contexto_Social.txt.txt,2.1375513,11.049822
178_Sonido.txt.txt,1.1483773,9.086133
44_Aplicaciones_Distribuidas.txt.txt,-0.25308207,8.215981
62_Pasteleria.txt.txt,0.5285823,7.5922875
151_Ecuaciones_Diferenciales.txt.txt,-1.6524152,11.826259
18_Calculo_Vectorial.txt.txt,-0.8091634,12.595998
125_Nuevos_Medios.txt.txt,1.617355,10.995403
100_Principios_de_Seguros.txt.txt,0.63734776,8.375831
36_Aprendizaje_Automatico.txt.txt,0.0070473263,10.778508
72_Fundamentos_de_la_Educacion.txt.txt,3.8072717,10.870724
56_Carniceria.txt.txt,0.33500084,7.6625366
28_Probabilidad_y_Estadistica_+Ej.txt.txt,-1.505905,11.356294
58_Introduccion_a_la_Biologia_+Ej.txt.txt,-0.93250823,11.133044
102_Principios_de_Finanzas.txt.txt,1.0575404,9.238998
181_Inv._de_Operaciones_1_+Lab.txt.txt,-1.160114,10.174585
85_Arte_y_Educacion.txt.txt,3.6486833,10.784708
186_Sistemas_Lean.txt.txt,-0.63755065,7.1957245
25_Cultura_Gastronomica.txt.txt,2.726254,9.766756
4_Quimica_General_1_+Lab_Ej.txt.txt,-1.6489187,10.517698
138_Enfasis_3.txt.txt,2.0133,11.591809
55_Administracion_de_A_&_B.txt.txt,-0.75434256,7.5549393
64_Practica_Culinaria_2.txt.txt,1.9168658,6.779524
42_Seguridad_Informatica.txt.txt,-2.0651343,8.366734
135_Gestion_y_Produccion_Cultural.txt.txt,0.82037836,8.454266
162_Algebra_Abstracta_1.txt.txt,0.45476037,13.305331
99_Gerencia_de_Costos.txt.txt,-0.66013885,8.4654
17_Fisica_para_Ingenieria_1_+Lab_Ej.txt.txt,-1.8096724,11.25311
127_Laboratorio_de_Creacion_2.txt.txt,1.8937916,8.9622965
176_Lenguaje_Visual_y_Montaje.txt.txt,1.1413469,10.254467
78_Planificacion_y_Evaluacion_2.txt.txt,1.9236262,10.949222
80_Ensenanza_de_Lenguaje.txt.txt,2.6455698,10.98933
66_Reposteria_y_Chocolateria.txt.txt,1.7574617,7.9742002
30_Programacion_Avanzada_de_Apps.txt.txt,-0.8558382,8.391354
53_Conceptos_y_Tecnicas_2_+PRA.txt.txt,1.5326464,7.1296487
54_Practica_Culinaria_1.txt.txt,0.7765449,6.6159043
50_Nutricion_Humana_+Lab.txt.txt,-0.07007387,9.768547
182_Control_de_Produccion.txt.txt,-1.006695,6.9679937
60_Coloquios_Gastr.txt.txt,2.4464304,8.887654
118_Fundamentos_de_las_Artes.txt.txt,0.9664258,11.401265
106_Negociacion.txt.txt,-0.35698816,9.299365
164_Analisis_Funcional.txt.txt,-0.39407176,12.17691
153_Introduccion_a_Probabilidades.txt.txt,-0.56180227,11.884543
91_Inclusion_y_Diversidad.txt.txt,3.9309113,9.139968
117_Herramientas_Digitales_1.txt.txt,0.59503865,11.035834
150_Variable_Compleja.txt.txt,-0.53081596,12.477017
83_Ensenanza_de_Matematicas.txt.txt,3.0113392,11.610964
165_Algebra_Abstracta_2.txt.txt,0.5140387,12.402292
140_Arte_y_Educacion___Curaduria.txt.txt,3.1282382,10.097879
1_Escritura_Academica.txt.txt,2.6538897,8.820048
15_Matematicas_Discretas.txt.txt,0.45132458,12.385598
115_Tributacion_y_Entorno_Legal.txt.txt,0.6275315,8.100467
2_Taller_de_Ing._Cs._Computacion.txt.txt,2.295003,8.287892
93_Practica_4.txt.txt,3.4026072,7.4837623
12_Ingles_Nivel_3.txt.txt,3.9671383,8.438431
163_Geometria_Diferencial.txt.txt,-1.194153,13.2149725
22_Algebra_Lineal_1_+Ej.txt.txt,-1.3589344,11.935075
69_Administracion_de_Eventos.txt.txt,-0.03540506,8.2543
61_Alta_Cocina_Francesa.txt.txt,1.0869142,6.569952
123_Fundamentos_de_Escultura.txt.txt,1.0017209,9.086013
126_Arte_Contemporaneo.txt.txt,2.0101583,9.983318
86_Bilingualism.txt.txt,2.9429073,10.411137
180_Diseño_de_Produccion.txt.txt,1.172216,10.19651
97_Principios_de_Marketing.txt.txt,0.060853735,9.775755
109_Investigacion_de_Mercados.txt.txt,-0.1831047,9.19003
21_Programacion_de_Apps.txt.txt,-1.7242452,8.501211
137_Matematicas_Cotidianas.txt.txt,-1.8718289,11.391307
169_Improvisacion.txt.txt,1.6184682,9.954514
14_Programacion_Avanzada_en_C++.txt.txt,0.53569245,10.2346525
154_Fundamentos_de_Geometria.txt.txt,0.71142346,13.08184
13_Ingles_Nivel_4.txt.txt,3.2911758,9.004931
43_Mineria_de_Datos.txt.txt,-0.7805365,9.498279
149_Teoria_de_Grupos.txt.txt,0.3024285,13.156574
142_Produccion_&_Exhibicion.txt.txt,2.0553458,7.687653
152_Calculo_para_Ciencias_2.txt.txt,-1.1294487,12.00146
81_Practica_1.txt.txt,3.1041772,7.181571
57_Alta_Cocina_Ecuatoriana.txt.txt,1.7189113,6.4088135
16_Introduccion_a_la_Economia.txt.txt,-0.5865898,9.940442
75_Planificacion_y_Evaluacion_1.txt.txt,2.69137,10.260474
8_Programacion_en_C++_+Ej.txt.txt,-2.0787487,10.6221695
68_Enologia_y_Cocteleria.txt.txt,0.41457358,6.6103272
143_Programacion_Para_Diseño_1.txt.txt,0.08999922,10.910787
108_Economia_y_Negocios.txt.txt,-0.5357546,10.726389
98_Estadistica_Empresarial_+Lab.txt.txt,-1.5772585,9.820542
82_Metodologias_de_Ensenanza.txt.txt,2.9400172,10.992058
160_Ecuaciones_Diferenciales_Parciales.txt.txt,-1.6823814,12.775063
48_Principios_de_Administracion.txt.txt,-0.8502777,8.626565
90_Practica_3.txt.txt,3.8008773,7.997584
52_Contabilidad_Empresarial.txt.txt,-1.9984288,9.616727
121_Dibujo_para_Arte_y_Diseno.txt.txt,0.89363384,9.798139
76_Estadistica_para_CCSS.txt.txt,-1.1493906,10.829212
45_Proyecto_Integrador_CMP.txt.txt,2.1482325,8.197826
131_Taller_de_Investigacion.txt.txt,2.5852768,8.584529
84_Ensenanza_de_Ciencias_Sociales.txt.txt,2.9054208,11.386067
9_Calculo_Integral_+_Ej.txt.txt,-1.5530059,12.281141
23_Fisica_para_Ingenieria_2_+Lab_Ej.txt.txt,-1.3794882,11.160033
132_Enfasis_1.txt.txt,1.722158,12.101862
107_Operaciones_+Lab.txt.txt,-1.4837574,10.037077
145_Programacion_Para_Diseño_3.txt.txt,-0.39489305,11.15237
94_Zoologia_+Lab.txt.txt,-0.17325081,11.352081
113_Negocios_Internacionales.txt.txt,1.2954376,8.156578
20_Ingles_Nivel_6.txt.txt,3.121925,8.7112055
112_Gestion_del_Talento.txt.txt,0.06024011,9.309701
77_Neurociencia_y_Educacion.txt.txt,4.0036693,10.415293
166_Topologia_1.txt.txt,-0.79677093,12.660902
95_Fisiologia_+Lab.txt.txt,-0.2018777,10.598446
134_Enfasis_2.txt.txt,1.6833678,11.376646
148_Calculo_para_Ciencias_1.txt.txt,-1.859643,12.621025
31_Organizacion_de_Computadores.txt.txt,-2.1300035,9.105351
46_Matematica_Empresarial_+Ej.txt.txt,-2.284425,10.49376
147_Modelado_3D_1.txt.txt,-0.43715692,10.122505
114_Innovacion_y_Sustentabilidad.txt.txt,3.800272,9.913902
39_Proyectos__Gerencia_y_Analisis.txt.txt,-0.07481967,8.370477
27_Estructuras_de_Datos.txt.txt,-1.1932907,8.804508
87_Practica_2.txt.txt,3.70139,7.489575
174_Proyecto_final_en_Danza.txt.txt,2.2861948,9.173963
173_Performance.txt.txt,1.6167204,9.404111
96_Evolucion.txt.txt,-0.7262542,10.217753
41_Coloquios_ING.txt.txt,4.03198,9.478479
59_Introduccion_al_Marketing_HSP.txt.txt,-0.15539151,9.027586
111_Proyectos_Empresariales.txt.txt,0.121115014,8.600851
157_Analisis_Numerico.txt.txt,-0.577576,11.522698
88_Ensenanza_de_Ciencias.txt.txt,3.5910702,11.279413
104_Finanzas_Corporativas.txt.txt,0.6339262,9.247381
156_Inferencia_Estadistica.txt.txt,0.62097967,11.844894
29_Teoria_de_la_Computacion.txt.txt,1.1158195,12.037901
73_Teorias_del_Aprendizaje.txt.txt,4.31596,10.222222
168_Analisis_Real.txt.txt,-0.4132227,13.162425
74_Desarrollo__Niño_y_Adolescente.txt.txt,3.5163786,11.340591
92_Proyecto_Integrador_EDU.txt.txt,2.9182415,7.9283285
38_Sistemas_Operativos.txt.txt,-1.4224865,8.033628
40_Practica_Pre-Profesional_PASEM.txt.txt,2.5118973,7.3309193
70_Gerencia_Financiera_HSP.txt.txt,-1.3234196,8.383052
172_Composicion.txt.txt,1.6144513,10.374044
136_Laboratorio_de_Creacion_3.txt.txt,1.2106299,8.853577
5_Cosmos.txt.txt,3.4079258,11.848464
122_Fotografia_1.txt.txt,0.6543055,10.810951
128_Taller_de_Arte_1.txt.txt,2.6292093,7.809299
49_Panaderia.txt.txt,0.40900785,7.087303
144_Programacion_Para_Diseño_2.txt.txt,0.31823668,10.353604
170_Danza_Moderna_2.txt.txt,1.359077,10.986969
159_Combinatoria_y_Grafos.txt.txt,0.33824614,11.760897
103_Coloquios_adm.txt.txt,2.8165123,9.20345
71_Identidad_Culinaria.txt.txt,3.3373616,9.079656
120_Laboratorio_de_Creacion_1.txt.txt,0.82975286,9.723346
51_Introduccion_a_la_Hospitalidad.txt.txt,-0.817062,7.9143205
175_Lenguaje_del_Cine.txt.txt,1.084141,11.048229
19_Ingles_Nivel_5.txt.txt,2.6354768,9.58137
177_Cinematografia.txt.txt,1.3975081,9.837988
133_Taller_de_Arte_2.txt.txt,3.296762,8.360349
6_Ingles_Nivel_1.txt.txt,1.7882916,8.397175
179_Storytelling.txt.txt,1.4912572,10.094146
37_Redes_+Lab.txt.txt,-2.3729725,9.0292
146_Juegos_y_Narrativa.txt.txt,1.5709141,11.5396185
167_Topologia_2.txt.txt,-0.20810638,12.603635
139_Taller_de_Arte_3.txt.txt,2.8197026,8.107003
33_Diseño_de_Sistemas.txt.txt,-0.89461887,9.221933
141_Temas_en_Comunicacion_y_Arte.txt.txt,2.1739721,10.329541
124_Teoria_Critica_1__Arte_&_Media.txt.txt,2.4126441,10.692864
158_Teoria_de_Numeros.txt.txt,-0.25095108,12.8650675
