original_column,0,1
184_Ergonomia.txt.txt,-2.2300262,-1.0636448
105_Marketing_Digital.txt.txt,-2.61669,-0.00027414243
32_Emprendimiento.txt.txt,-1.7607871,0.46382853
185_Ingenieria_de_la_Calidad_+_Lab.txt.txt,-1.5576218,1.0988636
24_Aprendizaje_y_Servicio_PASEC.txt.txt,-4.136802,0.8012801
34_Inteligencia_Artificial.txt.txt,-2.3483088,3.05524
3_Calculo_Diferencial_+_Ej.txt.txt,-2.1491845,3.2556891
11_Ser_y_Cosmos.txt.txt,-4.9739347,1.7818764
89_Ensenanza_Integrada_de_CITIAM.txt.txt,-4.819747,2.6918814
155_Logica_y_Teoria_de_Conjuntos.txt.txt,-3.012359,3.6027792
26_Electronica_Basica_+Lab.txt.txt,-0.58113635,3.01632
7_Ingles_Nivel_2.txt.txt,-3.141009,1.6661428
65_Alta_Cocina_Mundial.txt.txt,-0.08037679,-0.2942988
110_Creatividad_Empresarial.txt.txt,-3.0887916,0.21314561
101_Analisis_de_Datos.txt.txt,-1.6948662,1.4590534
63_Servicio_y_Protocolo.txt.txt,-0.86207914,0.31727272
161_Algebra_Lineal_2.txt.txt,-3.5403268,3.0522652
171_Barra_para_danza_contemporanea.txt.txt,-3.3408432,1.5078732
"183_Procesos,_Metodos_y_Estandares.txt.txt",-0.9245013,0.8105699
129_Coloquios_ART.txt.txt,-4.1576858,1.6596427
67_Innovacion_Culinaria.txt.txt,-1.1229827,-0.4276199
116_Analisis_Estrategico_ADM.txt.txt,-2.1713223,0.50887305
10_Autoconocimiento.txt.txt,-4.065231,-0.23111427
47_Conceptos_y_Tecnicas_1.txt.txt,-0.18563108,0.03381275
35_Base_de_Datos.txt.txt,-0.39361086,1.87702
119_Composicion_Visual_1.txt.txt,-3.2784796,1.2575567
79_Coloquios_EDU.txt.txt,-4.791053,1.4712633
130_Arte_y_Contexto_Social.txt.txt,-4.4600453,0.33920357
178_Sonido.txt.txt,-2.4580526,-1.1156212
44_Aplicaciones_Distribuidas.txt.txt,-0.5997041,1.8953496
62_Pasteleria.txt.txt,-0.3106988,0.03418137
151_Ecuaciones_Diferenciales.txt.txt,-1.9814497,3.90753
18_Calculo_Vectorial.txt.txt,-1.9266231,4.1214767
125_Nuevos_Medios.txt.txt,-3.1388485,-0.3058124
100_Principios_de_Seguros.txt.txt,-1.7773354,0.55137324
36_Aprendizaje_Automatico.txt.txt,-2.2943876,2.1073153
72_Fundamentos_de_la_Educacion.txt.txt,-6.076921,0.21543251
56_Carniceria.txt.txt,-0.14650404,0.7631417
28_Probabilidad_y_Estadistica_+Ej.txt.txt,-1.3487606,3.4631097
58_Introduccion_a_la_Biologia_+Ej.txt.txt,-2.6822329,2.31578
102_Principios_de_Finanzas.txt.txt,-2.4920428,1.6513995
181_Inv._de_Operaciones_1_+Lab.txt.txt,-1.700116,2.3953185
85_Arte_y_Educacion.txt.txt,-5.5673137,0.9581671
186_Sistemas_Lean.txt.txt,-2.0123763,0.9982935
25_Cultura_Gastronomica.txt.txt,-4.6051464,1.0586044
4_Quimica_General_1_+Lab_Ej.txt.txt,-1.2376298,2.6669607
138_Enfasis_3.txt.txt,-4.522591,2.2351995
55_Administracion_de_A_&_B.txt.txt,-0.80531424,0.5575708
64_Practica_Culinaria_2.txt.txt,-0.50728333,-1.0491587
42_Seguridad_Informatica.txt.txt,-0.7136213,2.276062
135_Gestion_y_Produccion_Cultural.txt.txt,-2.7793107,-0.11239063
162_Algebra_Abstracta_1.txt.txt,-4.0356865,3.8703535
99_Gerencia_de_Costos.txt.txt,-2.4771442,1.0439065
17_Fisica_para_Ingenieria_1_+Lab_Ej.txt.txt,-0.7741106,3.5801437
127_Laboratorio_de_Creacion_2.txt.txt,-2.0187018,-0.86353654
176_Lenguaje_Visual_y_Montaje.txt.txt,-1.4225427,-1.3663005
78_Planificacion_y_Evaluacion_2.txt.txt,-3.9158762,2.06467
80_Ensenanza_de_Lenguaje.txt.txt,-4.814919,0.9082633
66_Reposteria_y_Chocolateria.txt.txt,-0.87574965,-1.0219265
30_Programacion_Avanzada_de_Apps.txt.txt,-0.66475827,1.3682857
53_Conceptos_y_Tecnicas_2_+PRA.txt.txt,0.2677538,-0.5615036
54_Practica_Culinaria_1.txt.txt,-0.47568476,-0.20924765
50_Nutricion_Humana_+Lab.txt.txt,-3.0496452,2.1634295
182_Control_de_Produccion.txt.txt,-1.1935766,0.3906134
60_Coloquios_Gastr.txt.txt,-4.31287,0.5156703
118_Fundamentos_de_las_Artes.txt.txt,-3.04189,-0.20440431
106_Negociacion.txt.txt,-1.8382143,0.11927449
164_Analisis_Funcional.txt.txt,-3.2695482,2.9919217
153_Introduccion_a_Probabilidades.txt.txt,-2.37668,3.5611987
91_Inclusion_y_Diversidad.txt.txt,-4.661246,-0.4889964
117_Herramientas_Digitales_1.txt.txt,-1.9814327,-0.43578333
150_Variable_Compleja.txt.txt,-2.8240316,4.3189783
83_Ensenanza_de_Matematicas.txt.txt,-5.4102902,2.0266998
165_Algebra_Abstracta_2.txt.txt,-3.9980593,3.2871082
140_Arte_y_Educacion___Curaduria.txt.txt,-4.366076,-0.31995982
1_Escritura_Academica.txt.txt,-3.442246,-0.18547468
15_Matematicas_Discretas.txt.txt,-3.5712001,3.8890917
115_Tributacion_y_Entorno_Legal.txt.txt,-2.557383,0.32740527
2_Taller_de_Ing._Cs._Computacion.txt.txt,-3.8758042,-1.0833868
93_Practica_4.txt.txt,-5.4879265,-0.49233976
12_Ingles_Nivel_3.txt.txt,-3.286589,0.7417716
163_Geometria_Diferencial.txt.txt,-2.4621253,4.8042054
22_Algebra_Lineal_1_+Ej.txt.txt,-2.8940961,2.7974505
69_Administracion_de_Eventos.txt.txt,-2.3157725,0.9445534
61_Alta_Cocina_Francesa.txt.txt,0.54189575,-0.28457016
123_Fundamentos_de_Escultura.txt.txt,-2.2121134,-0.5746631
126_Arte_Contemporaneo.txt.txt,-3.5453224,0.06565092
86_Bilingualism.txt.txt,-5.0423512,1.3023082
180_Diseño_de_Produccion.txt.txt,-1.7857745,-1.8173947
97_Principios_de_Marketing.txt.txt,-1.6263427,0.996106
109_Investigacion_de_Mercados.txt.txt,-1.5542527,0.096375406
21_Programacion_de_Apps.txt.txt,0.086364344,1.0825168
137_Matematicas_Cotidianas.txt.txt,-1.342799,3.1172009
169_Improvisacion.txt.txt,-3.8827596,-0.24549437
14_Programacion_Avanzada_en_C++.txt.txt,-0.16864993,2.0781498
154_Fundamentos_de_Geometria.txt.txt,-4.067851,4.2533665
13_Ingles_Nivel_4.txt.txt,-3.8483622,1.3798956
43_Mineria_de_Datos.txt.txt,-1.894473,2.0407457
149_Teoria_de_Grupos.txt.txt,-4.1077185,3.5149746
142_Produccion_&_Exhibicion.txt.txt,-3.3654993,-1.4038959
152_Calculo_para_Ciencias_2.txt.txt,-2.145896,4.558015
81_Practica_1.txt.txt,-5.0571947,-0.74122244
57_Alta_Cocina_Ecuatoriana.txt.txt,0.08057668,-0.8460613
16_Introduccion_a_la_Economia.txt.txt,-2.215539,1.9911927
75_Planificacion_y_Evaluacion_1.txt.txt,-4.6876907,0.066050105
8_Programacion_en_C++_+Ej.txt.txt,-1.5689938,2.7020345
68_Enologia_y_Cocteleria.txt.txt,-0.6566334,-0.34337786
143_Programacion_Para_Diseño_1.txt.txt,-0.6709219,1.0903642
108_Economia_y_Negocios.txt.txt,-2.813172,2.695313
98_Estadistica_Empresarial_+Lab.txt.txt,-1.433852,2.0412142
82_Metodologias_de_Ensenanza.txt.txt,-5.2017665,1.7636172
160_Ecuaciones_Diferenciales_Parciales.txt.txt,-3.221997,3.4604552
48_Principios_de_Administracion.txt.txt,-2.0081089,1.6135963
90_Practica_3.txt.txt,-5.7416325,0.20922892
52_Contabilidad_Empresarial.txt.txt,-1.2742894,1.914415
121_Dibujo_para_Arte_y_Diseno.txt.txt,-2.590374,-0.54689264
76_Estadistica_para_CCSS.txt.txt,-1.7944944,2.7400293
45_Proyecto_Integrador_CMP.txt.txt,-4.3283567,-1.1268058
131_Taller_de_Investigacion.txt.txt,-3.200005,-1.5712849
84_Ensenanza_de_Ciencias_Sociales.txt.txt,-5.6774316,1.686459
9_Calculo_Integral_+_Ej.txt.txt,-1.7931473,4.064342
23_Fisica_para_Ingenieria_2_+Lab_Ej.txt.txt,-1.0046796,3.852741
132_Enfasis_1.txt.txt,-4.2733283,2.7459536
107_Operaciones_+Lab.txt.txt,-1.509107,2.0083303
145_Programacion_Para_Diseño_3.txt.txt,-1.0160329,1.4203919
94_Zoologia_+Lab.txt.txt,-3.5948305,3.1525278
113_Negocios_Internacionales.txt.txt,-2.1195762,0.8500925
20_Ingles_Nivel_6.txt.txt,-3.7948055,0.6235786
112_Gestion_del_Talento.txt.txt,-2.7570758,1.3906567
77_Neurociencia_y_Educacion.txt.txt,-5.718583,0.5304631
166_Topologia_1.txt.txt,-3.0266984,4.6625896
95_Fisiologia_+Lab.txt.txt,-3.6678329,2.367839
134_Enfasis_2.txt.txt,-4.1734657,2.256378
148_Calculo_para_Ciencias_1.txt.txt,-2.1033647,4.4590154
31_Organizacion_de_Computadores.txt.txt,0.30210188,2.3203788
46_Matematica_Empresarial_+Ej.txt.txt,-1.3519726,3.290928
147_Modelado_3D_1.txt.txt,0.09374013,1.7974098
114_Innovacion_y_Sustentabilidad.txt.txt,-3.8330615,1.8117172
39_Proyectos__Gerencia_y_Analisis.txt.txt,-1.3806156,1.1610702
27_Estructuras_de_Datos.txt.txt,-0.9081997,2.1261647
87_Practica_2.txt.txt,-5.642626,-0.7800511
174_Proyecto_final_en_Danza.txt.txt,-4.1064487,-1.38621
173_Performance.txt.txt,-3.6206996,-0.4908929
96_Evolucion.txt.txt,-4.0592623,2.808878
41_Coloquios_ING.txt.txt,-4.791061,0.62999547
59_Introduccion_al_Marketing_HSP.txt.txt,-1.2564148,0.28916112
111_Proyectos_Empresariales.txt.txt,-2.7363153,0.9857464
157_Analisis_Numerico.txt.txt,-2.2554107,3.2633197
88_Ensenanza_de_Ciencias.txt.txt,-5.6965528,2.3858335
104_Finanzas_Corporativas.txt.txt,-3.0208802,1.0987722
156_Inferencia_Estadistica.txt.txt,-2.767791,2.4455872
29_Teoria_de_la_Computacion.txt.txt,-3.8591273,1.0372759
73_Teorias_del_Aprendizaje.txt.txt,-5.9826226,1.2444482
168_Analisis_Real.txt.txt,-3.5459912,4.5709534
74_Desarrollo__Niño_y_Adolescente.txt.txt,-5.347333,-0.13699809
92_Proyecto_Integrador_EDU.txt.txt,-4.3742595,-0.5608614
38_Sistemas_Operativos.txt.txt,-0.47930902,1.126055
40_Practica_Pre-Profesional_PASEM.txt.txt,-4.6645546,-1.3918403
70_Gerencia_Financiera_HSP.txt.txt,-2.1156092,0.35797986
172_Composicion.txt.txt,-3.5153012,0.46807873
136_Laboratorio_de_Creacion_3.txt.txt,-2.7654984,-1.001088
5_Cosmos.txt.txt,-5.2235966,2.3240664
122_Fotografia_1.txt.txt,-1.6738591,-1.0093491
128_Taller_de_Arte_1.txt.txt,-3.3711383,-1.1572934
49_Panaderia.txt.txt,0.4544645,0.4462203
144_Programacion_Para_Diseño_2.txt.txt,0.17597887,1.3691386
170_Danza_Moderna_2.txt.txt,-3.6227703,1.1288437
159_Combinatoria_y_Grafos.txt.txt,-2.7047772,2.4479544
103_Coloquios_adm.txt.txt,-2.964453,0.3158779
71_Identidad_Culinaria.txt.txt,-5.652541,0.7836141
120_Laboratorio_de_Creacion_1.txt.txt,-1.4877602,-0.95703167
51_Introduccion_a_la_Hospitalidad.txt.txt,-1.6841805,-0.28453895
175_Lenguaje_del_Cine.txt.txt,-1.516006,-2.0145988
19_Ingles_Nivel_5.txt.txt,-4.1510873,1.5563847
177_Cinematografia.txt.txt,-2.4785497,-1.9258437
133_Taller_de_Arte_2.txt.txt,-3.808717,-1.4272512
6_Ingles_Nivel_1.txt.txt,-3.5106173,0.53423655
179_Storytelling.txt.txt,-2.1402388,-1.9783076
37_Redes_+Lab.txt.txt,-0.15581663,2.7923646
146_Juegos_y_Narrativa.txt.txt,-2.2874677,-1.5967324
167_Topologia_2.txt.txt,-2.7794766,3.8770483
139_Taller_de_Arte_3.txt.txt,-3.6255722,-1.9037971
33_Diseño_de_Sistemas.txt.txt,0.010568349,1.6440688
141_Temas_en_Comunicacion_y_Arte.txt.txt,-4.738206,0.21558742
124_Teoria_Critica_1__Arte_&_Media.txt.txt,-5.429601,0.48638377
158_Teoria_de_Numeros.txt.txt,-3.0600011,4.2596107
