original_column,0,1
184_Ergonomia.txt.txt,12.815374,3.13962
105_Marketing_Digital.txt.txt,12.452176,3.4593685
32_Emprendimiento.txt.txt,11.803989,3.0225656
185_Ingenieria_de_la_Calidad_+_Lab.txt.txt,10.8659725,2.9989877
24_Aprendizaje_y_Servicio_PASEC.txt.txt,11.3154125,4.3003807
34_Inteligencia_Artificial.txt.txt,11.638585,1.6319162
3_Calculo_Diferencial_+_Ej.txt.txt,12.758306,0.6417613
11_Ser_y_Cosmos.txt.txt,10.015548,3.6983552
89_Ensenanza_Integrada_de_CITIAM.txt.txt,12.189782,1.8032092
155_Logica_y_Teoria_de_Conjuntos.txt.txt,12.821403,2.170749
26_Electronica_Basica_+Lab.txt.txt,13.547027,1.9504972
7_Ingles_Nivel_2.txt.txt,11.606561,2.9490423
65_Alta_Cocina_Mundial.txt.txt,11.431664,2.1938508
110_Creatividad_Empresarial.txt.txt,10.393877,3.0084054
101_Analisis_de_Datos.txt.txt,10.634368,4.0759287
63_Servicio_y_Protocolo.txt.txt,13.259934,2.0393302
161_Algebra_Lineal_2.txt.txt,13.026222,2.3330986
171_Barra_para_danza_contemporanea.txt.txt,10.532379,2.6601205
"183_Procesos,_Metodos_y_Estandares.txt.txt",11.13325,1.6169394
129_Coloquios_ART.txt.txt,11.359129,4.574056
67_Innovacion_Culinaria.txt.txt,10.612791,3.2678182
116_Analisis_Estrategico_ADM.txt.txt,12.082492,2.3498712
10_Autoconocimiento.txt.txt,10.765246,2.1706326
47_Conceptos_y_Tecnicas_1.txt.txt,12.1635475,1.4021546
35_Base_de_Datos.txt.txt,12.051806,3.3246558
119_Composicion_Visual_1.txt.txt,12.146751,3.1859443
79_Coloquios_EDU.txt.txt,12.394971,3.8783934
130_Arte_y_Contexto_Social.txt.txt,11.943195,3.6955767
178_Sonido.txt.txt,11.613882,4.011045
44_Aplicaciones_Distribuidas.txt.txt,11.037991,3.9194348
62_Pasteleria.txt.txt,10.175724,2.2483096
151_Ecuaciones_Diferenciales.txt.txt,11.994871,2.3771608
18_Calculo_Vectorial.txt.txt,12.325366,0.6466991
125_Nuevos_Medios.txt.txt,12.925473,4.1457834
100_Principios_de_Seguros.txt.txt,11.398639,2.6819453
36_Aprendizaje_Automatico.txt.txt,10.504031,2.5655673
72_Fundamentos_de_la_Educacion.txt.txt,10.981562,2.0253885
56_Carniceria.txt.txt,10.751809,1.8908323
28_Probabilidad_y_Estadistica_+Ej.txt.txt,11.040235,4.6223927
58_Introduccion_a_la_Biologia_+Ej.txt.txt,13.792589,3.623077
102_Principios_de_Finanzas.txt.txt,12.437482,2.6734383
181_Inv._de_Operaciones_1_+Lab.txt.txt,13.212511,1.5022959
85_Arte_y_Educacion.txt.txt,11.539545,2.314799
186_Sistemas_Lean.txt.txt,10.985084,3.0481546
25_Cultura_Gastronomica.txt.txt,12.732138,3.839635
4_Quimica_General_1_+Lab_Ej.txt.txt,11.392206,2.9512196
138_Enfasis_3.txt.txt,11.442565,4.099369
55_Administracion_de_A_&_B.txt.txt,12.530849,1.837965
64_Practica_Culinaria_2.txt.txt,12.309208,2.4082866
42_Seguridad_Informatica.txt.txt,10.489455,1.9010222
135_Gestion_y_Produccion_Cultural.txt.txt,12.846332,4.7002845
162_Algebra_Abstracta_1.txt.txt,12.90554,2.481398
99_Gerencia_de_Costos.txt.txt,13.521889,4.231239
17_Fisica_para_Ingenieria_1_+Lab_Ej.txt.txt,12.597897,1.6716595
127_Laboratorio_de_Creacion_2.txt.txt,9.640413,2.5182798
176_Lenguaje_Visual_y_Montaje.txt.txt,11.825654,2.9861803
78_Planificacion_y_Evaluacion_2.txt.txt,11.989339,1.4329374
80_Ensenanza_de_Lenguaje.txt.txt,11.753157,3.8953068
66_Reposteria_y_Chocolateria.txt.txt,9.284818,3.1983716
30_Programacion_Avanzada_de_Apps.txt.txt,14.180771,2.899514
53_Conceptos_y_Tecnicas_2_+PRA.txt.txt,12.021372,1.2579772
54_Practica_Culinaria_1.txt.txt,11.830841,0.96480936
50_Nutricion_Humana_+Lab.txt.txt,12.394475,2.616215
182_Control_de_Produccion.txt.txt,11.284165,1.2799207
60_Coloquios_Gastr.txt.txt,11.114388,4.8838296
118_Fundamentos_de_las_Artes.txt.txt,11.66795,2.1186175
106_Negociacion.txt.txt,11.1599245,5.581292
164_Analisis_Funcional.txt.txt,10.43453,4.3881726
153_Introduccion_a_Probabilidades.txt.txt,11.380109,1.8965969
91_Inclusion_y_Diversidad.txt.txt,11.669954,0.80481696
117_Herramientas_Digitales_1.txt.txt,11.883803,4.0761404
150_Variable_Compleja.txt.txt,13.301997,0.48555115
83_Ensenanza_de_Matematicas.txt.txt,12.916701,4.438901
165_Algebra_Abstracta_2.txt.txt,12.2491045,3.541375
140_Arte_y_Educacion___Curaduria.txt.txt,13.440792,3.0825791
1_Escritura_Academica.txt.txt,10.605517,2.6334891
15_Matematicas_Discretas.txt.txt,11.292772,3.3646245
115_Tributacion_y_Entorno_Legal.txt.txt,11.559499,3.0930316
2_Taller_de_Ing._Cs._Computacion.txt.txt,9.658767,1.4999341
93_Practica_4.txt.txt,10.508428,2.51832
12_Ingles_Nivel_3.txt.txt,13.7428255,2.7194517
163_Geometria_Diferencial.txt.txt,12.909688,0.8358738
22_Algebra_Lineal_1_+Ej.txt.txt,12.580692,1.7864223
69_Administracion_de_Eventos.txt.txt,13.370619,3.5594587
61_Alta_Cocina_Francesa.txt.txt,10.715141,0.4327563
123_Fundamentos_de_Escultura.txt.txt,9.761759,3.883857
126_Arte_Contemporaneo.txt.txt,12.595913,4.4316826
86_Bilingualism.txt.txt,14.324981,3.1344721
180_Diseño_de_Produccion.txt.txt,9.81223,1.6898372
97_Principios_de_Marketing.txt.txt,13.404531,4.9453464
109_Investigacion_de_Mercados.txt.txt,10.191691,1.381039
21_Programacion_de_Apps.txt.txt,13.997217,2.8119454
137_Matematicas_Cotidianas.txt.txt,12.696867,2.8835864
169_Improvisacion.txt.txt,14.255881,2.0833018
14_Programacion_Avanzada_en_C++.txt.txt,13.816048,1.4291587
154_Fundamentos_de_Geometria.txt.txt,13.819468,2.151394
13_Ingles_Nivel_4.txt.txt,9.657236,3.0533912
43_Mineria_de_Datos.txt.txt,9.688157,3.5398345
149_Teoria_de_Grupos.txt.txt,11.913345,1.8310015
142_Produccion_&_Exhibicion.txt.txt,11.000182,3.4645605
152_Calculo_para_Ciencias_2.txt.txt,11.413458,0.50445354
81_Practica_1.txt.txt,11.084494,5.2641807
57_Alta_Cocina_Ecuatoriana.txt.txt,10.967279,0.8893189
16_Introduccion_a_la_Economia.txt.txt,12.818463,1.1313596
75_Planificacion_y_Evaluacion_1.txt.txt,13.4249525,3.7906811
8_Programacion_en_C++_+Ej.txt.txt,12.496741,2.9260447
68_Enologia_y_Cocteleria.txt.txt,12.082737,4.46269
143_Programacion_Para_Diseño_1.txt.txt,12.574052,4.372397
108_Economia_y_Negocios.txt.txt,13.25705,3.1832528
98_Estadistica_Empresarial_+Lab.txt.txt,10.856725,4.682872
82_Metodologias_de_Ensenanza.txt.txt,12.336702,4.2686315
160_Ecuaciones_Diferenciales_Parciales.txt.txt,12.018997,2.791821
48_Principios_de_Administracion.txt.txt,9.652679,4.7743526
90_Practica_3.txt.txt,10.624562,1.9294357
52_Contabilidad_Empresarial.txt.txt,11.534281,1.1612449
121_Dibujo_para_Arte_y_Diseno.txt.txt,11.804862,3.3874397
76_Estadistica_para_CCSS.txt.txt,10.38752,4.9650197
45_Proyecto_Integrador_CMP.txt.txt,13.113915,3.4646246
131_Taller_de_Investigacion.txt.txt,10.983272,1.6570817
84_Ensenanza_de_Ciencias_Sociales.txt.txt,13.110454,4.9338202
9_Calculo_Integral_+_Ej.txt.txt,10.811066,0.6751848
23_Fisica_para_Ingenieria_2_+Lab_Ej.txt.txt,12.171622,5.644909
132_Enfasis_1.txt.txt,10.680275,4.4856405
107_Operaciones_+Lab.txt.txt,10.440316,0.8298275
145_Programacion_Para_Diseño_3.txt.txt,10.793838,-0.17373079
94_Zoologia_+Lab.txt.txt,12.850469,1.52205
113_Negocios_Internacionales.txt.txt,10.289514,3.4712353
20_Ingles_Nivel_6.txt.txt,10.563274,4.2578444
112_Gestion_del_Talento.txt.txt,10.968745,2.7984772
77_Neurociencia_y_Educacion.txt.txt,13.51639,2.7943146
166_Topologia_1.txt.txt,12.631515,-0.008076868
95_Fisiologia_+Lab.txt.txt,14.536272,4.3941226
134_Enfasis_2.txt.txt,10.151261,3.4280415
148_Calculo_para_Ciencias_1.txt.txt,12.39361,-0.101495594
31_Organizacion_de_Computadores.txt.txt,12.47224,5.7369823
46_Matematica_Empresarial_+Ej.txt.txt,13.349002,2.5030243
147_Modelado_3D_1.txt.txt,13.551444,0.7382223
114_Innovacion_y_Sustentabilidad.txt.txt,9.107641,1.8407117
39_Proyectos__Gerencia_y_Analisis.txt.txt,13.573546,4.686314
27_Estructuras_de_Datos.txt.txt,11.685252,0.40491432
87_Practica_2.txt.txt,12.168221,4.8075933
174_Proyecto_final_en_Danza.txt.txt,9.989857,4.7623315
173_Performance.txt.txt,11.370651,3.6859126
96_Evolucion.txt.txt,14.3008585,3.8434756
41_Coloquios_ING.txt.txt,11.562046,4.2172165
59_Introduccion_al_Marketing_HSP.txt.txt,14.593327,3.741541
111_Proyectos_Empresariales.txt.txt,11.827876,5.328894
157_Analisis_Numerico.txt.txt,11.201347,0.40047008
88_Ensenanza_de_Ciencias.txt.txt,12.921765,-0.3941854
104_Finanzas_Corporativas.txt.txt,13.613419,4.3110123
156_Inferencia_Estadistica.txt.txt,11.63797,5.1258693
29_Teoria_de_la_Computacion.txt.txt,13.215208,1.6040026
73_Teorias_del_Aprendizaje.txt.txt,14.5572195,2.2310789
168_Analisis_Real.txt.txt,12.085546,-0.029935608
74_Desarrollo__Niño_y_Adolescente.txt.txt,9.84025,1.1438639
92_Proyecto_Integrador_EDU.txt.txt,11.782509,4.6250925
38_Sistemas_Operativos.txt.txt,10.200408,0.66975075
40_Practica_Pre-Profesional_PASEM.txt.txt,9.810169,2.9013627
70_Gerencia_Financiera_HSP.txt.txt,14.620378,3.444733
172_Composicion.txt.txt,10.156147,3.700052
136_Laboratorio_de_Creacion_3.txt.txt,13.937235,0.6759396
5_Cosmos.txt.txt,10.133496,1.9619848
122_Fotografia_1.txt.txt,12.682185,5.189769
128_Taller_de_Arte_1.txt.txt,10.530544,1.2872277
49_Panaderia.txt.txt,9.582237,2.3101776
144_Programacion_Para_Diseño_2.txt.txt,14.41658,2.0143158
170_Danza_Moderna_2.txt.txt,14.556535,1.7748445
159_Combinatoria_y_Grafos.txt.txt,14.203519,1.3623971
103_Coloquios_adm.txt.txt,10.345988,3.8965573
71_Identidad_Culinaria.txt.txt,10.001567,4.6236296
120_Laboratorio_de_Creacion_1.txt.txt,12.926356,0.73114955
51_Introduccion_a_la_Hospitalidad.txt.txt,9.363417,2.718923
175_Lenguaje_del_Cine.txt.txt,11.009672,1.8590847
19_Ingles_Nivel_5.txt.txt,10.750292,5.389417
177_Cinematografia.txt.txt,13.650397,3.8799016
133_Taller_de_Arte_2.txt.txt,9.0180855,2.0152645
6_Ingles_Nivel_1.txt.txt,13.670234,1.2445773
179_Storytelling.txt.txt,9.553411,2.5768447
37_Redes_+Lab.txt.txt,9.517461,0.96546996
146_Juegos_y_Narrativa.txt.txt,11.928304,0.4380278
167_Topologia_2.txt.txt,14.171957,4.2273254
139_Taller_de_Arte_3.txt.txt,9.933485,1.8053224
33_Diseño_de_Sistemas.txt.txt,11.840578,0.19980706
141_Temas_en_Comunicacion_y_Arte.txt.txt,12.179957,5.357563
124_Teoria_Critica_1__Arte_&_Media.txt.txt,12.889371,3.4600418
158_Teoria_de_Numeros.txt.txt,13.187918,5.3781986
