original_column,0,1,2,3,4
184_Ergonomia.txt.txt,6.534781,5.177718,2.0144365,9.059394,5.977961
105_Marketing_Digital.txt.txt,4.5860033,5.0665636,4.028152,9.493046,5.6921616
32_Emprendimiento.txt.txt,4.2318945,4.973743,3.1264284,10.599455,5.9038153
185_Ingenieria_de_la_Calidad_+_Lab.txt.txt,4.53374,3.6640184,1.8806716,9.980264,5.414054
24_Aprendizaje_y_Servicio_PASEC.txt.txt,5.4914594,5.8236594,2.5896864,11.11575,6.108036
34_Inteligencia_Artificial.txt.txt,4.7199893,4.726699,3.6314936,8.7271385,4.8733735
3_Calculo_Diferencial_+_Ej.txt.txt,5.7105284,4.0752535,2.522252,9.146944,3.8731682
11_Ser_y_Cosmos.txt.txt,5.10744,6.123938,2.3855617,11.260324,5.267463
89_Ensenanza_Integrada_de_CITIAM.txt.txt,4.443172,5.9160767,3.3136265,10.277245,5.049441
155_Logica_y_Teoria_de_Conjuntos.txt.txt,6.0811205,4.560878,3.5891404,9.385524,3.971113
26_Electronica_Basica_+Lab.txt.txt,5.3179235,3.0324025,2.2526014,9.9678,4.433305
7_Ingles_Nivel_2.txt.txt,4.964933,5.6787553,1.8175235,9.056663,4.2776527
65_Alta_Cocina_Mundial.txt.txt,4.7120147,5.409664,1.8138744,10.1888,7.008839
110_Creatividad_Empresarial.txt.txt,4.1269393,5.632127,2.3444552,10.3931875,5.8804092
101_Analisis_de_Datos.txt.txt,4.1624007,3.694867,3.1104553,9.87767,5.258615
63_Servicio_y_Protocolo.txt.txt,4.9117155,3.717565,2.77137,10.126204,6.7704334
161_Algebra_Lineal_2.txt.txt,4.596843,4.944917,2.9993346,9.200817,3.5619936
171_Barra_para_danza_contemporanea.txt.txt,5.4901037,6.057303,2.9182959,9.278009,4.9559283
"183_Procesos,_Metodos_y_Estandares.txt.txt",4.610494,3.381669,2.2413223,9.370908,5.9960675
129_Coloquios_ART.txt.txt,4.357342,6.3404183,1.7493789,10.309428,5.1370826
67_Innovacion_Culinaria.txt.txt,4.340308,5.526337,1.6936404,9.837947,6.514328
116_Analisis_Estrategico_ADM.txt.txt,5.012452,4.789375,4.068546,10.023696,5.8777914
10_Autoconocimiento.txt.txt,6.0447083,5.6734595,2.2195432,9.576611,4.8956633
47_Conceptos_y_Tecnicas_1.txt.txt,4.654735,4.650883,1.3623195,9.624911,6.9670486
35_Base_de_Datos.txt.txt,4.5032506,3.3411396,2.0330083,9.023517,4.9064727
119_Composicion_Visual_1.txt.txt,5.100913,6.0339365,3.1549332,8.279101,5.864087
79_Coloquios_EDU.txt.txt,4.8686466,6.5992737,2.1864772,10.642762,5.365897
130_Arte_y_Contexto_Social.txt.txt,4.5523076,5.9122868,3.4063618,9.666715,6.254599
178_Sonido.txt.txt,5.4693427,5.0773363,2.6552067,8.601385,6.4628286
44_Aplicaciones_Distribuidas.txt.txt,5.6706066,3.6289995,2.052787,8.870863,5.7183723
62_Pasteleria.txt.txt,4.924709,4.2888694,1.7832893,8.776121,7.0170794
151_Ecuaciones_Diferenciales.txt.txt,4.912135,4.2790537,3.4836187,10.137307,3.7463548
18_Calculo_Vectorial.txt.txt,5.282929,3.804396,3.2178545,8.890843,3.4925144
125_Nuevos_Medios.txt.txt,4.0263968,5.796439,3.094222,8.90756,5.5681133
100_Principios_de_Seguros.txt.txt,6.094781,4.0959997,2.4354398,9.721709,6.420251
36_Aprendizaje_Automatico.txt.txt,5.1807275,4.050103,3.5345218,8.956505,5.2331057
72_Fundamentos_de_la_Educacion.txt.txt,6.093258,6.391189,2.8343523,10.460283,6.107074
56_Carniceria.txt.txt,5.2561755,3.8219566,1.824084,9.033351,6.7037263
28_Probabilidad_y_Estadistica_+Ej.txt.txt,4.9001226,3.9914422,2.0058625,10.008244,3.6960595
58_Introduccion_a_la_Biologia_+Ej.txt.txt,5.7725124,4.297232,2.6985898,10.817118,4.187809
102_Principios_de_Finanzas.txt.txt,5.103186,4.799679,1.9643997,10.985252,5.3819346
181_Inv._de_Operaciones_1_+Lab.txt.txt,5.8021345,3.8189454,3.4889956,9.439294,5.1584463
85_Arte_y_Educacion.txt.txt,5.333846,6.750506,3.2489247,10.740392,5.7699122
186_Sistemas_Lean.txt.txt,5.18696,4.093276,2.1432214,9.631919,5.284151
25_Cultura_Gastronomica.txt.txt,4.747037,5.646815,2.9392939,9.886661,6.7771454
4_Quimica_General_1_+Lab_Ej.txt.txt,5.641112,4.1210136,2.1234858,10.381121,3.9318287
138_Enfasis_3.txt.txt,4.3192015,5.644505,2.2252223,10.571043,4.5181007
55_Administracion_de_A_&_B.txt.txt,5.0083838,3.4897022,2.2243242,10.419273,6.372073
64_Practica_Culinaria_2.txt.txt,5.6206937,5.446114,1.2601143,9.995052,6.870385
42_Seguridad_Informatica.txt.txt,5.599572,3.02132,2.6360507,10.071725,5.885511
135_Gestion_y_Produccion_Cultural.txt.txt,5.5839233,4.681086,3.099693,10.11064,6.618286
162_Algebra_Abstracta_1.txt.txt,5.812133,5.1993556,3.226118,9.533009,3.3126092
99_Gerencia_de_Costos.txt.txt,4.4996777,3.975465,2.7519724,10.834984,5.724697
17_Fisica_para_Ingenieria_1_+Lab_Ej.txt.txt,5.939181,3.5839694,3.1138592,10.061599,4.0423975
127_Laboratorio_de_Creacion_2.txt.txt,4.8487263,5.206182,1.1524302,8.737746,5.454124
176_Lenguaje_Visual_y_Montaje.txt.txt,4.5452423,5.2106714,3.2945113,8.1045265,6.0398016
78_Planificacion_y_Evaluacion_2.txt.txt,5.67951,5.670778,3.74917,10.465578,5.1215115
80_Ensenanza_de_Lenguaje.txt.txt,5.605209,6.676312,2.78987,10.017344,5.3086176
66_Reposteria_y_Chocolateria.txt.txt,5.084762,4.5767055,1.3001558,8.870697,6.6172647
30_Programacion_Avanzada_de_Apps.txt.txt,5.4810066,3.5953078,2.1545174,8.341897,5.304324
53_Conceptos_y_Tecnicas_2_+PRA.txt.txt,5.093106,5.3553123,1.0064609,9.678717,6.688954
54_Practica_Culinaria_1.txt.txt,5.439392,4.618998,1.4575746,10.324553,6.8288403
50_Nutricion_Humana_+Lab.txt.txt,6.3497047,4.4156184,3.1967216,10.349691,5.614061
182_Control_de_Produccion.txt.txt,5.0351515,3.7672694,1.5561706,9.962559,5.8728795
60_Coloquios_Gastr.txt.txt,4.530012,5.6354036,1.4620938,10.4774275,5.957523
118_Fundamentos_de_las_Artes.txt.txt,4.588367,5.1761127,1.8532331,8.910897,4.6736107
106_Negociacion.txt.txt,3.7153609,4.129026,3.1191804,10.272328,5.8462105
164_Analisis_Funcional.txt.txt,4.4058595,4.4955955,2.4201384,9.268263,3.1781118
153_Introduccion_a_Probabilidades.txt.txt,4.750296,3.9830217,2.2073383,9.119787,3.5861316
91_Inclusion_y_Diversidad.txt.txt,5.294778,5.180215,1.9791514,10.002924,5.385273
117_Herramientas_Digitales_1.txt.txt,4.0990067,5.3016696,2.5361435,8.139423,5.522266
150_Variable_Compleja.txt.txt,5.452281,4.100582,2.957397,8.240202,3.846834
83_Ensenanza_de_Matematicas.txt.txt,5.448996,6.365175,3.5553505,10.241481,4.910114
165_Algebra_Abstracta_2.txt.txt,4.8652506,5.3207345,3.3613775,9.361374,3.4509053
140_Arte_y_Educacion___Curaduria.txt.txt,5.6712155,5.394183,2.9261575,10.649719,6.3395624
1_Escritura_Academica.txt.txt,5.613051,5.6120625,0.92565054,9.398847,4.855636
15_Matematicas_Discretas.txt.txt,5.7659106,4.6932697,3.6346378,8.745069,4.132479
115_Tributacion_y_Entorno_Legal.txt.txt,5.602039,4.642878,2.5973685,10.130839,6.203228
2_Taller_de_Ing._Cs._Computacion.txt.txt,6.098963,4.8762374,1.7272512,8.86115,5.0722084
93_Practica_4.txt.txt,6.050909,6.453699,1.548142,10.321703,6.041508
12_Ingles_Nivel_3.txt.txt,5.4692254,5.064985,1.1767849,9.792479,4.532433
163_Geometria_Diferencial.txt.txt,5.2999277,3.788513,3.1807575,9.307186,2.891462
22_Algebra_Lineal_1_+Ej.txt.txt,4.4611974,3.9546,3.1191633,9.5311,3.5062413
69_Administracion_de_Eventos.txt.txt,5.195207,4.212677,3.2043066,10.781765,6.5059466
61_Alta_Cocina_Francesa.txt.txt,5.293398,5.1367035,1.4851004,9.65501,7.499807
123_Fundamentos_de_Escultura.txt.txt,3.9741266,5.506093,1.7864323,8.666723,5.481833
126_Arte_Contemporaneo.txt.txt,4.6263804,6.2484317,2.2885265,9.119478,5.8731084
86_Bilingualism.txt.txt,5.516203,6.0267177,3.6306639,10.136994,6.0288706
180_Diseño_de_Produccion.txt.txt,5.4459925,5.392358,3.5020742,8.212589,6.345887
97_Principios_de_Marketing.txt.txt,5.156542,4.4126945,3.6331222,10.004181,5.918716
109_Investigacion_de_Mercados.txt.txt,3.9351785,4.402121,3.4492981,9.964474,5.7997923
21_Programacion_de_Apps.txt.txt,4.741211,3.4995081,2.426953,8.433429,5.700711
137_Matematicas_Cotidianas.txt.txt,5.2793217,3.935767,3.8608992,9.768771,4.445599
169_Improvisacion.txt.txt,4.9875746,6.355004,2.502427,8.650934,4.9999747
14_Programacion_Avanzada_en_C++.txt.txt,4.721704,4.230596,2.2728608,8.38719,5.28512
154_Fundamentos_de_Geometria.txt.txt,6.0742717,4.896946,3.521759,9.050679,3.2576327
13_Ingles_Nivel_4.txt.txt,5.4351587,6.452119,1.277978,9.657747,4.983241
43_Mineria_de_Datos.txt.txt,4.688903,3.6278868,3.534341,9.659319,5.47998
149_Teoria_de_Grupos.txt.txt,5.590189,5.0439935,3.6234725,9.194914,3.279371
142_Produccion_&_Exhibicion.txt.txt,6.329101,4.9638085,1.3750215,9.212942,5.8839355
152_Calculo_para_Ciencias_2.txt.txt,4.728489,4.324822,2.963869,8.686325,3.6893983
81_Practica_1.txt.txt,6.482383,6.0991035,1.6040077,10.207418,6.34751
57_Alta_Cocina_Ecuatoriana.txt.txt,4.790602,5.3065457,1.2533435,9.679206,7.328673
16_Introduccion_a_la_Economia.txt.txt,4.5071826,4.6155095,3.7692928,10.725578,5.228547
75_Planificacion_y_Evaluacion_1.txt.txt,6.09865,5.5121255,3.5657275,10.095272,5.6053686
8_Programacion_en_C++_+Ej.txt.txt,5.3893595,3.7886856,2.2722032,9.742756,4.4058986
68_Enologia_y_Cocteleria.txt.txt,5.232925,4.554545,2.1623619,9.655466,7.350441
143_Programacion_Para_Diseño_1.txt.txt,4.2836723,4.3828,3.208182,8.368508,5.614632
108_Economia_y_Negocios.txt.txt,4.517815,4.3413134,3.4410691,10.697802,4.9108095
98_Estadistica_Empresarial_+Lab.txt.txt,3.9677668,3.800243,3.1378067,10.330197,4.683199
82_Metodologias_de_Ensenanza.txt.txt,5.6019764,6.471275,3.2414174,10.352773,5.594352
160_Ecuaciones_Diferenciales_Parciales.txt.txt,5.3552995,4.4798365,3.8346496,9.699492,3.7569342
48_Principios_de_Administracion.txt.txt,5.5913043,3.5580926,2.8380105,10.864557,5.9469194
90_Practica_3.txt.txt,5.9401617,5.8455873,1.2303721,10.759184,5.77264
52_Contabilidad_Empresarial.txt.txt,4.5991383,3.2397273,2.7731376,10.28462,4.798906
121_Dibujo_para_Arte_y_Diseno.txt.txt,4.1676793,5.3155546,2.0537655,8.907514,5.666281
76_Estadistica_para_CCSS.txt.txt,4.17833,4.2004137,2.5258303,10.043752,3.8386893
45_Proyecto_Integrador_CMP.txt.txt,6.673352,4.9043703,1.67103,9.543849,5.469403
131_Taller_de_Investigacion.txt.txt,5.3106384,4.9756203,0.8349047,9.356199,5.4227924
84_Ensenanza_de_Ciencias_Sociales.txt.txt,4.780091,6.3478,3.774301,10.240865,5.420268
9_Calculo_Integral_+_Ej.txt.txt,5.0777917,3.6851876,2.5835881,8.966577,3.6448622
23_Fisica_para_Ingenieria_2_+Lab_Ej.txt.txt,5.7708774,3.4900966,2.5340168,10.173805,3.7002268
132_Enfasis_1.txt.txt,4.179605,5.5441246,1.924523,10.063785,4.4083266
107_Operaciones_+Lab.txt.txt,5.7845097,3.6443512,3.44663,9.895879,5.0189533
145_Programacion_Para_Diseño_3.txt.txt,4.4228473,4.6256995,2.2199976,8.1728735,4.8221173
94_Zoologia_+Lab.txt.txt,5.9512362,4.981103,3.037026,10.82125,4.499459
113_Negocios_Internacionales.txt.txt,4.6789145,5.1615334,1.9874879,10.94454,6.1765957
20_Ingles_Nivel_6.txt.txt,5.1044583,5.968139,1.0940528,9.78256,4.671263
112_Gestion_del_Talento.txt.txt,6.175476,4.5079713,2.7780027,10.853727,5.8434668
77_Neurociencia_y_Educacion.txt.txt,6.200064,5.9595017,3.3468916,10.688763,5.9317074
166_Topologia_1.txt.txt,5.890414,4.330596,3.1923153,9.548023,2.8898835
95_Fisiologia_+Lab.txt.txt,5.785529,4.6017857,3.03714,11.366001,4.695344
134_Enfasis_2.txt.txt,4.059703,5.4015365,1.9885374,10.543535,4.8597994
148_Calculo_para_Ciencias_1.txt.txt,5.4225335,3.8586164,2.5905075,9.44778,3.130728
31_Organizacion_de_Computadores.txt.txt,5.341811,2.8478398,2.251333,9.309554,5.1302214
46_Matematica_Empresarial_+Ej.txt.txt,4.755099,3.824861,3.3153038,10.452444,4.3252573
147_Modelado_3D_1.txt.txt,4.1521945,4.204919,2.081463,8.548385,4.9113545
114_Innovacion_y_Sustentabilidad.txt.txt,4.789178,6.0536427,2.8569367,11.079646,6.043732
39_Proyectos__Gerencia_y_Analisis.txt.txt,6.1121607,3.9442892,2.111474,10.216356,5.64307
27_Estructuras_de_Datos.txt.txt,5.1098475,3.68365,2.9872031,8.79598,5.843134
87_Practica_2.txt.txt,5.9802923,6.0969806,1.4927956,10.624251,6.4784737
174_Proyecto_final_en_Danza.txt.txt,6.1373367,5.926744,1.666676,9.080379,5.559738
173_Performance.txt.txt,5.7338343,6.3244085,1.9665207,8.866544,4.9996357
96_Evolucion.txt.txt,5.9941273,4.8822904,2.4486642,11.166355,4.6273346
41_Coloquios_ING.txt.txt,5.130547,6.1414638,1.5649716,10.975408,5.2967205
59_Introduccion_al_Marketing_HSP.txt.txt,4.844009,4.1524615,3.8008723,9.954829,6.314625
111_Proyectos_Empresariales.txt.txt,5.8823547,4.1042223,2.3303432,10.731505,6.1892223
157_Analisis_Numerico.txt.txt,4.41302,4.6781807,3.5355623,9.311683,4.0735
88_Ensenanza_de_Ciencias.txt.txt,5.5507627,6.2370095,3.315838,10.769288,4.7185283
104_Finanzas_Corporativas.txt.txt,4.7305636,4.889926,2.6289341,11.205774,5.8177238
156_Inferencia_Estadistica.txt.txt,4.6189933,4.5838647,2.2037058,10.381621,3.8486447
29_Teoria_de_la_Computacion.txt.txt,6.41624,4.9074683,2.2732875,9.669548,4.6325173
73_Teorias_del_Aprendizaje.txt.txt,5.6537027,6.5141816,2.6680424,11.082656,5.672349
168_Analisis_Real.txt.txt,5.3467665,4.9067826,2.7485569,8.295773,3.65031
74_Desarrollo__Niño_y_Adolescente.txt.txt,6.4903026,5.8665433,2.8051856,9.731964,5.650843
92_Proyecto_Integrador_EDU.txt.txt,6.3454914,5.760423,1.8340077,10.226224,5.786321
38_Sistemas_Operativos.txt.txt,5.2165227,3.0608506,2.1411963,9.568058,6.007909
40_Practica_Pre-Profesional_PASEM.txt.txt,6.4397645,5.562283,1.2090546,10.074437,5.911822
70_Gerencia_Financiera_HSP.txt.txt,4.331648,3.6148348,2.9226696,10.861133,5.9834743
172_Composicion.txt.txt,5.4889927,6.1723237,2.516761,8.244085,5.3662677
136_Laboratorio_de_Creacion_3.txt.txt,4.399193,5.4642096,0.9617993,9.341481,5.5835743
5_Cosmos.txt.txt,5.603571,5.8169966,2.2213488,10.744104,4.5542226
122_Fotografia_1.txt.txt,4.9568763,5.478145,3.0172417,7.859832,5.644372
128_Taller_de_Arte_1.txt.txt,5.48327,5.818435,1.2995255,9.097028,6.081886
49_Panaderia.txt.txt,5.0718155,4.507792,1.6381419,9.098039,7.2986326
144_Programacion_Para_Diseño_2.txt.txt,4.1843996,4.3394895,2.7309978,8.129324,5.4309225
170_Danza_Moderna_2.txt.txt,5.569152,5.6823487,2.6914067,8.624189,4.763349
159_Combinatoria_y_Grafos.txt.txt,5.758856,4.494057,3.1834977,8.526743,4.898611
103_Coloquios_adm.txt.txt,4.669922,5.5237,1.2250924,10.59316,5.241611
71_Identidad_Culinaria.txt.txt,4.8244896,6.13301,2.2968078,9.962726,6.9108405
120_Laboratorio_de_Creacion_1.txt.txt,4.365699,4.62713,1.0972059,9.299491,5.235534
51_Introduccion_a_la_Hospitalidad.txt.txt,4.1909714,3.8323026,2.582844,10.497666,6.5140452
175_Lenguaje_del_Cine.txt.txt,4.826375,5.426278,3.7137065,7.9234786,6.1643386
19_Ingles_Nivel_5.txt.txt,4.784971,6.6676064,1.826293,9.913191,4.7421794
177_Cinematografia.txt.txt,5.2683344,5.607701,2.835167,8.120643,6.482291
133_Taller_de_Arte_2.txt.txt,5.5860696,5.549325,1.3058299,8.6834755,5.559611
6_Ingles_Nivel_1.txt.txt,4.719937,6.2221737,1.8013569,9.294742,5.1019135
179_Storytelling.txt.txt,4.950874,5.2277026,3.6446588,8.580813,6.733169
37_Redes_+Lab.txt.txt,5.6552463,2.8920944,2.8614805,9.54294,5.5381236
146_Juegos_y_Narrativa.txt.txt,4.3839865,5.4864607,3.665946,8.65003,6.358814
167_Topologia_2.txt.txt,5.5060935,4.642527,2.9666085,9.030723,2.9695802
139_Taller_de_Arte_3.txt.txt,5.951692,5.328737,0.90648824,8.888518,5.7135615
33_Diseño_de_Sistemas.txt.txt,4.772098,3.654541,1.4675888,8.929541,5.201054
141_Temas_en_Comunicacion_y_Arte.txt.txt,4.011491,6.2916584,2.6836286,9.656199,5.7151856
124_Teoria_Critica_1__Arte_&_Media.txt.txt,4.330082,6.550835,3.0732944,9.552879,5.852948
158_Teoria_de_Numeros.txt.txt,5.864462,4.3815694,2.6094253,8.594739,3.447089
