original_column,0,1,2
184_Ergonomia.txt.txt,0.0,7.141742,2.6992986
105_Marketing_Digital.txt.txt,0.0,0.0,0.12000111
32_Emprendimiento.txt.txt,0.0,0.0,8.530307
185_Ingenieria_de_la_Calidad_+_Lab.txt.txt,0.0,9.962822,0.0
24_Aprendizaje_y_Servicio_PASEC.txt.txt,0.0,0.0,0.0
34_Inteligencia_Artificial.txt.txt,0.0,0.0,0.0
3_Calculo_Diferencial_+_Ej.txt.txt,4.726047,1.839495,3.8071797
11_Ser_y_Cosmos.txt.txt,0.0,0.0,0.0
89_Ensenanza_Integrada_de_CITIAM.txt.txt,0.0,5.275271,3.4186206
155_Logica_y_Teoria_de_Conjuntos.txt.txt,0.0,0.0,0.0
26_Electronica_Basica_+Lab.txt.txt,0.0,17.172234,0.0
7_Ingles_Nivel_2.txt.txt,4.4058847,0.0,5.863928
65_Alta_Cocina_Mundial.txt.txt,3.9037173,4.7758217,0.0
110_Creatividad_Empresarial.txt.txt,8.620327,0.0,0.0
101_Analisis_de_Datos.txt.txt,2.6601758,0.23853357,0.0
63_Servicio_y_Protocolo.txt.txt,0.0,0.0,0.0
161_Algebra_Lineal_2.txt.txt,0.0,0.0,5.353107
171_Barra_para_danza_contemporanea.txt.txt,0.0,13.126342,0.0
"183_Procesos,_Metodos_y_Estandares.txt.txt",0.0,1.6069928,0.0
129_Coloquios_ART.txt.txt,0.92659223,0.13854189,6.9141226
67_Innovacion_Culinaria.txt.txt,0.0,0.0,0.0
116_Analisis_Estrategico_ADM.txt.txt,2.891762,0.73498344,0.0
10_Autoconocimiento.txt.txt,3.2057545,7.3852434,0.0
47_Conceptos_y_Tecnicas_1.txt.txt,0.0,0.0,0.0
35_Base_de_Datos.txt.txt,0.0,0.0,0.0
119_Composicion_Visual_1.txt.txt,8.94591,0.0,0.0
79_Coloquios_EDU.txt.txt,0.0,0.0,8.658285
130_Arte_y_Contexto_Social.txt.txt,5.1091185,6.115683,0.0
178_Sonido.txt.txt,10.264732,0.0,0.0
44_Aplicaciones_Distribuidas.txt.txt,0.0,0.0,0.0
62_Pasteleria.txt.txt,0.0,0.0,0.0
151_Ecuaciones_Diferenciales.txt.txt,8.7712965,0.0,0.0
18_Calculo_Vectorial.txt.txt,0.0,0.0,10.421
125_Nuevos_Medios.txt.txt,0.0,0.0,10.124463
100_Principios_de_Seguros.txt.txt,3.3859174,4.1396613,2.8252552
36_Aprendizaje_Automatico.txt.txt,0.29454762,0.0,0.0
72_Fundamentos_de_la_Educacion.txt.txt,0.0,10.977031,0.0
56_Carniceria.txt.txt,0.0,0.0,0.0
28_Probabilidad_y_Estadistica_+Ej.txt.txt,0.0,0.0,0.0
58_Introduccion_a_la_Biologia_+Ej.txt.txt,7.5534706,0.0,2.532507
102_Principios_de_Finanzas.txt.txt,4.676851,0.0,6.6796126
181_Inv._de_Operaciones_1_+Lab.txt.txt,4.752842,5.089451,0.0
85_Arte_y_Educacion.txt.txt,0.0,0.084562466,0.0
186_Sistemas_Lean.txt.txt,0.6695284,9.619995,0.0
25_Cultura_Gastronomica.txt.txt,3.302227,3.6818795,2.0892184
4_Quimica_General_1_+Lab_Ej.txt.txt,0.0,0.0,0.0
138_Enfasis_3.txt.txt,4.658673,6.539078,0.0
55_Administracion_de_A_&_B.txt.txt,0.0,5.334315,3.5154724
64_Practica_Culinaria_2.txt.txt,0.0,0.0,0.0
42_Seguridad_Informatica.txt.txt,15.650072,0.0,0.0
135_Gestion_y_Produccion_Cultural.txt.txt,4.48713,4.6257915,1.9853247
162_Algebra_Abstracta_1.txt.txt,3.7247427,0.0,6.6065493
99_Gerencia_de_Costos.txt.txt,0.2906838,4.5464463,2.2367914
17_Fisica_para_Ingenieria_1_+Lab_Ej.txt.txt,0.0,4.5500712,5.400119
127_Laboratorio_de_Creacion_2.txt.txt,4.312371,4.145263,2.6155376
176_Lenguaje_Visual_y_Montaje.txt.txt,0.0,0.0,0.0
78_Planificacion_y_Evaluacion_2.txt.txt,0.0,5.150699,4.3240094
80_Ensenanza_de_Lenguaje.txt.txt,0.0,0.0,0.0
66_Reposteria_y_Chocolateria.txt.txt,0.0,0.0,0.0
30_Programacion_Avanzada_de_Apps.txt.txt,12.6819,0.0,0.0
53_Conceptos_y_Tecnicas_2_+PRA.txt.txt,5.0797825,0.0,4.7331777
54_Practica_Culinaria_1.txt.txt,0.0,0.0,0.0
50_Nutricion_Humana_+Lab.txt.txt,0.0,0.0,9.16567
182_Control_de_Produccion.txt.txt,1.7879051,5.9892225,2.921632
60_Coloquios_Gastr.txt.txt,0.0,0.0,11.301495
118_Fundamentos_de_las_Artes.txt.txt,3.940331,3.1757672,3.9159107
106_Negociacion.txt.txt,4.6620555,5.236147,0.0
164_Analisis_Funcional.txt.txt,0.0,0.0,0.0
153_Introduccion_a_Probabilidades.txt.txt,0.0,0.0,0.0
91_Inclusion_y_Diversidad.txt.txt,0.0,0.0,0.0
117_Herramientas_Digitales_1.txt.txt,5.110018,0.0,5.2615886
150_Variable_Compleja.txt.txt,0.0,0.0,3.255325
83_Ensenanza_de_Matematicas.txt.txt,3.5442307,2.3060884,3.2172525
165_Algebra_Abstracta_2.txt.txt,0.0,0.0,0.0
140_Arte_y_Educacion___Curaduria.txt.txt,0.0,1.5862387,1.3129843
1_Escritura_Academica.txt.txt,0.0,0.0,0.0
15_Matematicas_Discretas.txt.txt,0.0,0.0,0.0
115_Tributacion_y_Entorno_Legal.txt.txt,0.0,0.0,0.0
2_Taller_de_Ing._Cs._Computacion.txt.txt,0.0,0.0,7.8976555
93_Practica_4.txt.txt,0.0,0.0,8.706596
12_Ingles_Nivel_3.txt.txt,0.0,0.0,11.928418
163_Geometria_Diferencial.txt.txt,0.0,0.0,10.644584
22_Algebra_Lineal_1_+Ej.txt.txt,0.0,0.0,9.380116
69_Administracion_de_Eventos.txt.txt,0.0,9.305347,0.0
61_Alta_Cocina_Francesa.txt.txt,0.0,0.0,0.0
123_Fundamentos_de_Escultura.txt.txt,5.0895314,6.1954236,0.0
126_Arte_Contemporaneo.txt.txt,4.479763,7.027145,0.0
86_Bilingualism.txt.txt,0.0,0.0,0.0
180_Diseño_de_Produccion.txt.txt,0.0,0.0,0.0
97_Principios_de_Marketing.txt.txt,4.8849297,5.9175553,0.0
109_Investigacion_de_Mercados.txt.txt,8.592262,0.0,0.0
21_Programacion_de_Apps.txt.txt,12.873483,0.0,0.0
137_Matematicas_Cotidianas.txt.txt,0.26914388,0.56865644,3.599789
169_Improvisacion.txt.txt,0.0,13.76234,0.0
14_Programacion_Avanzada_en_C++.txt.txt,6.494471,0.0,4.9292645
154_Fundamentos_de_Geometria.txt.txt,2.2978966,2.244762,4.767592
13_Ingles_Nivel_4.txt.txt,0.0,0.0,11.183275
43_Mineria_de_Datos.txt.txt,5.290062,3.795903,0.0
149_Teoria_de_Grupos.txt.txt,0.0,0.0,8.779637
142_Produccion_&_Exhibicion.txt.txt,0.147955,2.3229535,0.40954226
152_Calculo_para_Ciencias_2.txt.txt,1.5715079,1.4878684,2.1973336
81_Practica_1.txt.txt,0.0,0.0,0.0
57_Alta_Cocina_Ecuatoriana.txt.txt,0.0,0.0,0.0
16_Introduccion_a_la_Economia.txt.txt,2.6011894,0.0,0.19685994
75_Planificacion_y_Evaluacion_1.txt.txt,0.0,4.96211,4.1246405
8_Programacion_en_C++_+Ej.txt.txt,2.7643266,2.5250216,4.6607184
68_Enologia_y_Cocteleria.txt.txt,0.0,0.0,0.0
143_Programacion_Para_Diseño_1.txt.txt,5.0759377,0.0,5.372279
108_Economia_y_Negocios.txt.txt,5.640105,0.0,5.146523
98_Estadistica_Empresarial_+Lab.txt.txt,4.749224,5.7202387,0.0
82_Metodologias_de_Ensenanza.txt.txt,2.4514854,3.6606624,2.3439534
160_Ecuaciones_Diferenciales_Parciales.txt.txt,0.8483468,0.0,0.0
48_Principios_de_Administracion.txt.txt,4.9004636,4.48331,0.0
90_Practica_3.txt.txt,0.0,0.0,1.2593622
52_Contabilidad_Empresarial.txt.txt,0.0,0.0,9.6504755
121_Dibujo_para_Arte_y_Diseno.txt.txt,2.494701,2.539312,0.0
76_Estadistica_para_CCSS.txt.txt,0.0,1.1671981,0.0
45_Proyecto_Integrador_CMP.txt.txt,2.3661277,2.6015177,4.0093546
131_Taller_de_Investigacion.txt.txt,3.1266115,0.67608464,1.8173729
84_Ensenanza_de_Ciencias_Sociales.txt.txt,0.0,0.0,0.2787683
9_Calculo_Integral_+_Ej.txt.txt,3.5536895,2.8240867,4.2918634
23_Fisica_para_Ingenieria_2_+Lab_Ej.txt.txt,0.0,0.0,0.05691378
132_Enfasis_1.txt.txt,3.4536343,2.7651343,0.0
107_Operaciones_+Lab.txt.txt,6.119024,4.669255,0.0
145_Programacion_Para_Diseño_3.txt.txt,0.0,0.0,0.0
94_Zoologia_+Lab.txt.txt,0.0,0.0,30.307444
113_Negocios_Internacionales.txt.txt,0.30860347,2.3134365,0.0
20_Ingles_Nivel_6.txt.txt,0.0,0.0,11.877753
112_Gestion_del_Talento.txt.txt,0.0,0.0,0.0
77_Neurociencia_y_Educacion.txt.txt,0.0,0.0,0.0
166_Topologia_1.txt.txt,0.0,0.0,0.0
95_Fisiologia_+Lab.txt.txt,36.116768,0.0,0.0
134_Enfasis_2.txt.txt,5.428162,5.026279,0.0
148_Calculo_para_Ciencias_1.txt.txt,3.4927108,2.3174386,4.634686
31_Organizacion_de_Computadores.txt.txt,0.0,0.0,0.0
46_Matematica_Empresarial_+Ej.txt.txt,2.7103896,2.951877,4.171411
147_Modelado_3D_1.txt.txt,0.0,0.0,0.0
114_Innovacion_y_Sustentabilidad.txt.txt,0.07947957,0.24350415,0.0
39_Proyectos__Gerencia_y_Analisis.txt.txt,2.7315075,3.1501408,3.026559
27_Estructuras_de_Datos.txt.txt,5.652442,0.0,2.8081486
87_Practica_2.txt.txt,0.0,0.0,0.0
174_Proyecto_final_en_Danza.txt.txt,2.5351565,7.73459,0.0
173_Performance.txt.txt,0.0,4.6573668,4.0615516
96_Evolucion.txt.txt,27.570747,0.0,0.0
41_Coloquios_ING.txt.txt,0.0,0.0,12.974097
59_Introduccion_al_Marketing_HSP.txt.txt,3.6079032,2.232084,3.493598
111_Proyectos_Empresariales.txt.txt,3.0054083,4.0518885,3.8718555
157_Analisis_Numerico.txt.txt,0.0,1.3865169,0.0
88_Ensenanza_de_Ciencias.txt.txt,7.9895024,0.0,0.0
104_Finanzas_Corporativas.txt.txt,0.5995689,0.0,0.057242706
156_Inferencia_Estadistica.txt.txt,0.0,0.0,0.0
29_Teoria_de_la_Computacion.txt.txt,0.0,0.0,1.2349517
73_Teorias_del_Aprendizaje.txt.txt,0.0,0.0,0.0
168_Analisis_Real.txt.txt,4.788001,5.17833,0.0
74_Desarrollo__Niño_y_Adolescente.txt.txt,0.0,29.600445,0.0
92_Proyecto_Integrador_EDU.txt.txt,3.5018055,5.4262967,0.0
38_Sistemas_Operativos.txt.txt,0.0,0.0,0.0
40_Practica_Pre-Profesional_PASEM.txt.txt,0.0,0.0,0.0
70_Gerencia_Financiera_HSP.txt.txt,0.0,10.273736,0.0
172_Composicion.txt.txt,4.1669784,6.3700056,0.0
136_Laboratorio_de_Creacion_3.txt.txt,1.7705315,1.5192083,0.93114334
5_Cosmos.txt.txt,0.0,0.0,0.0
122_Fotografia_1.txt.txt,10.318486,0.0,2.064985
128_Taller_de_Arte_1.txt.txt,5.9816723,5.083534,0.0
49_Panaderia.txt.txt,0.0,0.0,0.0
144_Programacion_Para_Diseño_2.txt.txt,0.096170954,0.0,0.0
170_Danza_Moderna_2.txt.txt,0.0,10.172378,0.0
159_Combinatoria_y_Grafos.txt.txt,0.0,0.0,0.0
103_Coloquios_adm.txt.txt,0.0,0.0,10.994324
71_Identidad_Culinaria.txt.txt,0.0,0.0,0.0
120_Laboratorio_de_Creacion_1.txt.txt,4.996448,2.9774194,2.5958068
51_Introduccion_a_la_Hospitalidad.txt.txt,0.0,0.1377259,1.6876875
175_Lenguaje_del_Cine.txt.txt,0.0,0.0,0.0
19_Ingles_Nivel_5.txt.txt,1.4692428,0.0,7.510619
177_Cinematografia.txt.txt,8.082667,0.0,2.210079
133_Taller_de_Arte_2.txt.txt,3.185242,2.6473198,0.0
6_Ingles_Nivel_1.txt.txt,0.0,0.0,1.9475417
179_Storytelling.txt.txt,0.0,0.0,0.0
37_Redes_+Lab.txt.txt,0.0,0.0,0.0
146_Juegos_y_Narrativa.txt.txt,0.0,0.0,0.0
167_Topologia_2.txt.txt,0.0,0.0,10.841146
139_Taller_de_Arte_3.txt.txt,5.4947786,5.680598,0.8986826
33_Diseño_de_Sistemas.txt.txt,8.154314,0.0,0.0
141_Temas_en_Comunicacion_y_Arte.txt.txt,3.7104123,4.4680314,2.844287
124_Teoria_Critica_1__Arte_&_Media.txt.txt,1.6578023,1.1411428,2.5806854
158_Teoria_de_Numeros.txt.txt,0.0,0.0,0.0
