original_column,0,1,2
184_Ergonomia.txt.txt,34.383232,5.297128,0.0
105_Marketing_Digital.txt.txt,0.0,1.4665358,0.0
32_Emprendimiento.txt.txt,11.346831,10.864928,0.0
185_Ingenieria_de_la_Calidad_+_Lab.txt.txt,11.406095,17.018364,0.0
24_Aprendizaje_y_Servicio_PASEC.txt.txt,0.0,20.373325,0.0
34_Inteligencia_Artificial.txt.txt,0.0,0.0,27.936064
3_Calculo_Diferencial_+_Ej.txt.txt,14.920837,11.271657,9.75434
11_Ser_y_Cosmos.txt.txt,0.0,0.0,0.0
89_Ensenanza_Integrada_de_CITIAM.txt.txt,0.0,6.068934,13.404109
155_Logica_y_Teoria_de_Conjuntos.txt.txt,0.0,0.0,0.0
26_Electronica_Basica_+Lab.txt.txt,12.577063,0.0,7.8498034
7_Ingles_Nivel_2.txt.txt,0.0,22.442356,0.0
65_Alta_Cocina_Mundial.txt.txt,8.820455,0.0,12.514864
110_Creatividad_Empresarial.txt.txt,0.0,15.348849,12.906513
101_Analisis_de_Datos.txt.txt,2.9685223,0.0,0.0
63_Servicio_y_Protocolo.txt.txt,1.5191354,0.0,0.0
161_Algebra_Lineal_2.txt.txt,3.839538,0.0,0.0
171_Barra_para_danza_contemporanea.txt.txt,9.332245,6.5712457,14.434738
"183_Procesos,_Metodos_y_Estandares.txt.txt",0.0,0.0,0.0
129_Coloquios_ART.txt.txt,5.238653,6.8654704,13.901114
67_Innovacion_Culinaria.txt.txt,0.0,0.0,0.0
116_Analisis_Estrategico_ADM.txt.txt,0.0,0.0,0.0
10_Autoconocimiento.txt.txt,19.129545,10.219102,0.0
47_Conceptos_y_Tecnicas_1.txt.txt,0.0,0.0,0.0
35_Base_de_Datos.txt.txt,0.0,0.0,0.0
119_Composicion_Visual_1.txt.txt,19.121733,0.0,0.0
79_Coloquios_EDU.txt.txt,0.0,7.5099406,15.481646
130_Arte_y_Contexto_Social.txt.txt,10.419742,15.591445,11.012407
178_Sonido.txt.txt,10.648619,16.015682,0.0
44_Aplicaciones_Distribuidas.txt.txt,0.0,0.0,0.0
62_Pasteleria.txt.txt,0.0,0.0,0.0
151_Ecuaciones_Diferenciales.txt.txt,0.0,0.0,0.0
18_Calculo_Vectorial.txt.txt,0.0,19.372757,0.0
125_Nuevos_Medios.txt.txt,0.0,20.12619,10.2147665
100_Principios_de_Seguros.txt.txt,0.0,15.904397,13.275488
36_Aprendizaje_Automatico.txt.txt,0.0,0.0,0.84639704
72_Fundamentos_de_la_Educacion.txt.txt,0.0,0.0,0.0
56_Carniceria.txt.txt,0.0,0.0,0.0
28_Probabilidad_y_Estadistica_+Ej.txt.txt,13.76875,8.788004,7.5572333
58_Introduccion_a_la_Biologia_+Ej.txt.txt,9.628799,0.0,29.33445
102_Principios_de_Finanzas.txt.txt,0.0,13.258935,18.439262
181_Inv._de_Operaciones_1_+Lab.txt.txt,17.461466,12.546229,0.0
85_Arte_y_Educacion.txt.txt,0.0,0.0,0.0
186_Sistemas_Lean.txt.txt,0.0,0.0,0.0
25_Cultura_Gastronomica.txt.txt,11.554959,0.0,14.196384
4_Quimica_General_1_+Lab_Ej.txt.txt,0.0,0.0,0.0
138_Enfasis_3.txt.txt,0.0,11.488722,16.670103
55_Administracion_de_A_&_B.txt.txt,25.131039,0.0,0.0
64_Practica_Culinaria_2.txt.txt,0.0,0.0,5.239225
42_Seguridad_Informatica.txt.txt,34.7878,4.950644,0.0
135_Gestion_y_Produccion_Cultural.txt.txt,9.647952,14.890115,8.848239
162_Algebra_Abstracta_1.txt.txt,9.502659,13.55454,9.819636
99_Gerencia_de_Costos.txt.txt,6.4155717,2.903928,1.1849471
17_Fisica_para_Ingenieria_1_+Lab_Ej.txt.txt,16.859764,13.024053,0.0
127_Laboratorio_de_Creacion_2.txt.txt,9.389927,10.32215,14.277121
176_Lenguaje_Visual_y_Montaje.txt.txt,0.0,26.153515,0.0
78_Planificacion_y_Evaluacion_2.txt.txt,0.0,0.0,33.846916
80_Ensenanza_de_Lenguaje.txt.txt,0.0,0.0,0.924212
66_Reposteria_y_Chocolateria.txt.txt,0.0,0.0,0.0
30_Programacion_Avanzada_de_Apps.txt.txt,0.0,28.833908,0.0
53_Conceptos_y_Tecnicas_2_+PRA.txt.txt,0.0,0.0,17.786541
54_Practica_Culinaria_1.txt.txt,17.560598,0.0,0.0
50_Nutricion_Humana_+Lab.txt.txt,9.01156,12.0824,0.0
182_Control_de_Produccion.txt.txt,13.125801,14.806447,0.0
60_Coloquios_Gastr.txt.txt,5.97905,0.0,23.262932
118_Fundamentos_de_las_Artes.txt.txt,10.32744,11.321628,14.182787
106_Negociacion.txt.txt,13.762951,9.50934,11.172737
164_Analisis_Funcional.txt.txt,0.0,0.0,0.0
153_Introduccion_a_Probabilidades.txt.txt,0.0,0.0,0.0
91_Inclusion_y_Diversidad.txt.txt,0.0,0.0,0.0
117_Herramientas_Digitales_1.txt.txt,0.0,19.91652,10.847673
150_Variable_Compleja.txt.txt,0.0,5.1448865,0.0
83_Ensenanza_de_Matematicas.txt.txt,0.0,0.0,22.887064
165_Algebra_Abstracta_2.txt.txt,13.093119,0.0,13.551479
140_Arte_y_Educacion___Curaduria.txt.txt,0.0,0.0,0.0
1_Escritura_Academica.txt.txt,0.0,0.0,0.0
15_Matematicas_Discretas.txt.txt,0.0,0.0,0.0
115_Tributacion_y_Entorno_Legal.txt.txt,9.139256,16.696972,0.0
2_Taller_de_Ing._Cs._Computacion.txt.txt,6.0356827,11.211561,0.0
93_Practica_4.txt.txt,0.0,11.537711,11.976697
12_Ingles_Nivel_3.txt.txt,0.0,0.0,0.0
163_Geometria_Diferencial.txt.txt,0.0,0.0,0.0
22_Algebra_Lineal_1_+Ej.txt.txt,19.62318,0.0,0.0
69_Administracion_de_Eventos.txt.txt,0.0,12.261339,8.487385
61_Alta_Cocina_Francesa.txt.txt,0.0,0.0,26.240316
123_Fundamentos_de_Escultura.txt.txt,0.0,13.289204,18.20692
126_Arte_Contemporaneo.txt.txt,9.882672,8.546534,17.638865
86_Bilingualism.txt.txt,0.0,0.0,0.0
180_Diseño_de_Produccion.txt.txt,0.0,0.0,0.0
97_Principios_de_Marketing.txt.txt,13.636619,14.387312,0.0
109_Investigacion_de_Mercados.txt.txt,19.21133,0.0,0.0
21_Programacion_de_Apps.txt.txt,0.0,31.078888,0.0
137_Matematicas_Cotidianas.txt.txt,2.214285,2.856399,1.6881155
169_Improvisacion.txt.txt,14.821577,0.0,21.65165
14_Programacion_Avanzada_en_C++.txt.txt,0.0,13.97424,15.042676
154_Fundamentos_de_Geometria.txt.txt,0.0,21.905405,0.0
13_Ingles_Nivel_4.txt.txt,0.0,12.548255,16.033794
43_Mineria_de_Datos.txt.txt,0.0,0.0,0.0
149_Teoria_de_Grupos.txt.txt,0.0,0.0,0.0
142_Produccion_&_Exhibicion.txt.txt,0.0,2.1034915,2.9999611
152_Calculo_para_Ciencias_2.txt.txt,5.1579194,9.428589,3.8034685
81_Practica_1.txt.txt,0.0,0.0,0.0
57_Alta_Cocina_Ecuatoriana.txt.txt,0.0,0.0,0.0
16_Introduccion_a_la_Economia.txt.txt,0.2742657,1.6376052,0.0
75_Planificacion_y_Evaluacion_1.txt.txt,0.0,0.0,35.07388
8_Programacion_en_C++_+Ej.txt.txt,0.0,16.317959,13.526339
68_Enologia_y_Cocteleria.txt.txt,0.0,0.0,0.0
143_Programacion_Para_Diseño_1.txt.txt,0.0,15.197284,14.609074
108_Economia_y_Negocios.txt.txt,16.117762,0.0,13.589717
98_Estadistica_Empresarial_+Lab.txt.txt,15.200088,12.331496,0.0
82_Metodologias_de_Ensenanza.txt.txt,0.0,0.0,17.87643
160_Ecuaciones_Diferenciales_Parciales.txt.txt,0.0,0.0,0.0
48_Principios_de_Administracion.txt.txt,18.757038,5.673449,2.4120443
90_Practica_3.txt.txt,0.0,0.0,0.0
52_Contabilidad_Empresarial.txt.txt,18.57264,0.0,8.33658
121_Dibujo_para_Arte_y_Diseno.txt.txt,3.764389,1.8779256,1.6614999
76_Estadistica_para_CCSS.txt.txt,1.5494549,1.9840608,0.0
45_Proyecto_Integrador_CMP.txt.txt,0.0,14.181052,11.132546
131_Taller_de_Investigacion.txt.txt,5.059718,6.073758,0.0
84_Ensenanza_de_Ciencias_Sociales.txt.txt,0.0,0.0,2.7451203
9_Calculo_Integral_+_Ej.txt.txt,10.191825,14.24695,8.743997
23_Fisica_para_Ingenieria_2_+Lab_Ej.txt.txt,0.0,0.0,0.0
132_Enfasis_1.txt.txt,0.0,3.228373,6.812576
107_Operaciones_+Lab.txt.txt,17.973892,11.643783,0.0
145_Programacion_Para_Diseño_3.txt.txt,0.0,0.0,22.190687
94_Zoologia_+Lab.txt.txt,41.353912,0.0,0.0
113_Negocios_Internacionales.txt.txt,0.0,0.0,0.0
20_Ingles_Nivel_6.txt.txt,9.740266,11.73664,0.0
112_Gestion_del_Talento.txt.txt,0.0,0.0,0.0
77_Neurociencia_y_Educacion.txt.txt,0.0,0.0,0.0
166_Topologia_1.txt.txt,0.0,0.0,0.0
95_Fisiologia_+Lab.txt.txt,0.0,65.83097,0.0
134_Enfasis_2.txt.txt,0.0,13.077166,16.874853
148_Calculo_para_Ciencias_1.txt.txt,10.722174,12.463986,9.339042
31_Organizacion_de_Computadores.txt.txt,9.478437,9.071693,0.0
46_Matematica_Empresarial_+Ej.txt.txt,11.890868,8.680946,10.351776
147_Modelado_3D_1.txt.txt,0.0,0.0,0.0
114_Innovacion_y_Sustentabilidad.txt.txt,0.0,5.280252,0.0
39_Proyectos__Gerencia_y_Analisis.txt.txt,10.285003,8.757011,9.400362
27_Estructuras_de_Datos.txt.txt,9.825356,0.0,11.117475
87_Practica_2.txt.txt,7.8793273,0.0,12.862728
174_Proyecto_final_en_Danza.txt.txt,0.0,0.0,27.778551
173_Performance.txt.txt,0.0,0.0,0.0
96_Evolucion.txt.txt,0.0,0.0,60.18818
41_Coloquios_ING.txt.txt,0.0,8.805302,20.589306
59_Introduccion_al_Marketing_HSP.txt.txt,13.026053,6.187882,11.521426
111_Proyectos_Empresariales.txt.txt,0.7315595,14.920594,15.490761
157_Analisis_Numerico.txt.txt,0.0,0.0,4.8045344
88_Ensenanza_de_Ciencias.txt.txt,9.2493,14.738253,0.0
104_Finanzas_Corporativas.txt.txt,0.0,0.7386784,0.036736414
156_Inferencia_Estadistica.txt.txt,24.620472,0.0,0.0
29_Teoria_de_la_Computacion.txt.txt,0.0,0.0,0.0
73_Teorias_del_Aprendizaje.txt.txt,0.0,0.0,0.0
168_Analisis_Real.txt.txt,10.119018,15.548297,0.0
74_Desarrollo__Niño_y_Adolescente.txt.txt,51.693787,0.0,0.0
92_Proyecto_Integrador_EDU.txt.txt,6.165929,16.985388,0.0
38_Sistemas_Operativos.txt.txt,0.0,0.0,0.0
40_Practica_Pre-Profesional_PASEM.txt.txt,0.0,0.0,0.8462249
70_Gerencia_Financiera_HSP.txt.txt,22.088972,0.0,0.0
172_Composicion.txt.txt,15.8292055,0.0,16.522583
136_Laboratorio_de_Creacion_3.txt.txt,5.052284,0.2178392,11.513997
5_Cosmos.txt.txt,0.0,0.0,0.0
122_Fotografia_1.txt.txt,0.0,0.0,0.0
128_Taller_de_Arte_1.txt.txt,0.0,18.03954,11.396867
49_Panaderia.txt.txt,0.0,0.0,0.0
144_Programacion_Para_Diseño_2.txt.txt,0.0,0.46700257,0.0
170_Danza_Moderna_2.txt.txt,14.430936,0.0,20.292336
159_Combinatoria_y_Grafos.txt.txt,21.63579,0.0,0.0
103_Coloquios_adm.txt.txt,6.5644283,8.708455,16.272783
71_Identidad_Culinaria.txt.txt,0.0,0.0,0.0
120_Laboratorio_de_Creacion_1.txt.txt,15.674567,0.0,14.868224
51_Introduccion_a_la_Hospitalidad.txt.txt,0.0,0.0,0.0
175_Lenguaje_del_Cine.txt.txt,0.0,24.786827,0.0
19_Ingles_Nivel_5.txt.txt,7.784384,0.0,13.666151
177_Cinematografia.txt.txt,0.0,0.0,0.0
133_Taller_de_Arte_2.txt.txt,4.7594943,7.9139004,6.5446153
6_Ingles_Nivel_1.txt.txt,0.0,5.4264927,0.0
179_Storytelling.txt.txt,0.0,0.0,0.0
37_Redes_+Lab.txt.txt,36.01902,0.0,0.0
146_Juegos_y_Narrativa.txt.txt,0.0,0.0,0.0
167_Topologia_2.txt.txt,11.829317,14.051839,11.256867
139_Taller_de_Arte_3.txt.txt,6.3859754,14.115706,12.033525
33_Diseño_de_Sistemas.txt.txt,0.0,0.0,0.0
141_Temas_en_Comunicacion_y_Arte.txt.txt,8.679817,12.226082,14.153458
124_Teoria_Critica_1__Arte_&_Media.txt.txt,1.1888012,2.3959603,4.1155214
158_Teoria_de_Numeros.txt.txt,0.0,0.0,0.0
