original_column,0,1
184_Ergonomia.txt.txt,1.1017311135708583,-0.5253069250736339
105_Marketing_Digital.txt.txt,6.227353589362547,-5.24889997324616
32_Emprendimiento.txt.txt,-5.99931110860014,4.753338228338709
185_Ingenieria_de_la_Calidad_+_Lab.txt.txt,-15.687701455174093,-29.443052632516984
24_Aprendizaje_y_Servicio_PASEC.txt.txt,-2.134349561497338,-3.862951604961971
34_Inteligencia_Artificial.txt.txt,-1.7183444018804912,3.5803976872682424
3_Calculo_Diferencial_+_Ej.txt.txt,10.281025403127854,-18.367851025251802
11_Ser_y_Cosmos.txt.txt,-4.712805414359343,4.576778352613071
89_Ensenanza_Integrada_de_CITIAM.txt.txt,2.0184523517449597,4.389067761441285
155_Logica_y_Teoria_de_Conjuntos.txt.txt,4.476032737314253,-4.518205696002803
26_Electronica_Basica_+Lab.txt.txt,-7.894009031807759,-0.47412622382115005
7_Ingles_Nivel_2.txt.txt,-2.0531155771687146,-3.6751719698756022
65_Alta_Cocina_Mundial.txt.txt,-0.808780286915582,2.5572302947626877
110_Creatividad_Empresarial.txt.txt,-4.211574861090542,1.086633235957146
101_Analisis_de_Datos.txt.txt,-2.348362711391434,0.20460586849492093
63_Servicio_y_Protocolo.txt.txt,-1.8110204501274925,-5.483093130914337
161_Algebra_Lineal_2.txt.txt,6.58290127167664,-5.565581398053045
171_Barra_para_danza_contemporanea.txt.txt,-1.0082112282195232,-0.9543377482108915
"183_Procesos,_Metodos_y_Estandares.txt.txt",-7.001007531686876,0.23988578910077624
129_Coloquios_ART.txt.txt,1.484823022546109,0.29836667308403275
67_Innovacion_Culinaria.txt.txt,-3.9245584105886944,11.547265634341622
116_Analisis_Estrategico_ADM.txt.txt,-1.258166668116407,2.0911825982854024
10_Autoconocimiento.txt.txt,-6.014670292373549,4.5853299448119165
47_Conceptos_y_Tecnicas_1.txt.txt,1.0508235907258507,6.7143051313906374
35_Base_de_Datos.txt.txt,5.847242177070482,-13.073504190849873
119_Composicion_Visual_1.txt.txt,-15.759840744933246,6.58152754671645
79_Coloquios_EDU.txt.txt,0.02799023270439699,2.6949762337010315
130_Arte_y_Contexto_Social.txt.txt,1.3583379213866054,0.39337807451060863
178_Sonido.txt.txt,-2.269118031359427,-7.918909737315826
44_Aplicaciones_Distribuidas.txt.txt,1.2848436554256126,-5.918611069393217
62_Pasteleria.txt.txt,-6.014128360871734,-0.18919732673452094
151_Ecuaciones_Diferenciales.txt.txt,-1.0428745071746022,-4.055080477810097
18_Calculo_Vectorial.txt.txt,34.84131097335858,-30.13124985036094
125_Nuevos_Medios.txt.txt,-4.748269926171708,7.741431351381667
100_Principios_de_Seguros.txt.txt,-4.670571294607706,3.991919019373672
36_Aprendizaje_Automatico.txt.txt,-1.0535350660292389,4.661644307922482
72_Fundamentos_de_la_Educacion.txt.txt,-5.328303521213275,5.064361948141358
56_Carniceria.txt.txt,-6.456403047509101,-0.7032480868934657
28_Probabilidad_y_Estadistica_+Ej.txt.txt,5.923738873735829,-16.799650665717152
58_Introduccion_a_la_Biologia_+Ej.txt.txt,-7.839530995607233,-2.2170533542645963
102_Principios_de_Finanzas.txt.txt,1.47260638064115,0.04359037070814145
181_Inv._de_Operaciones_1_+Lab.txt.txt,1.5935318582731974,-0.3414512305647114
85_Arte_y_Educacion.txt.txt,-5.161905735808944,9.587846114773301
186_Sistemas_Lean.txt.txt,-9.084609341810346,-0.5768447836634485
25_Cultura_Gastronomica.txt.txt,-6.917601687416274,7.276103948549377
4_Quimica_General_1_+Lab_Ej.txt.txt,-3.7548998053214455,-3.629956625678871
138_Enfasis_3.txt.txt,1.271120636974938,0.35842945546543403
55_Administracion_de_A_&_B.txt.txt,-1.2999473194024087,-5.282380974084024
64_Practica_Culinaria_2.txt.txt,2.4755508702106184,4.388025032739309
42_Seguridad_Informatica.txt.txt,5.856643522027195,-17.456446199606724
135_Gestion_y_Produccion_Cultural.txt.txt,1.5072028205866295,0.031186460321768455
162_Algebra_Abstracta_1.txt.txt,7.995526152761812,-3.2714834285321266
99_Gerencia_de_Costos.txt.txt,1.2876242080934883,0.20148127292887022
17_Fisica_para_Ingenieria_1_+Lab_Ej.txt.txt,2.650598563927274,-7.720614918843692
127_Laboratorio_de_Creacion_2.txt.txt,1.3018795873180429,0.29182489550843044
176_Lenguaje_Visual_y_Montaje.txt.txt,-5.10977919964679,4.870893398341713
78_Planificacion_y_Evaluacion_2.txt.txt,-4.3736994728139384,11.449107806028403
80_Ensenanza_de_Lenguaje.txt.txt,-1.5280203432758483,2.58700956956995
66_Reposteria_y_Chocolateria.txt.txt,-5.127656828216233,-0.1806764237876406
30_Programacion_Avanzada_de_Apps.txt.txt,8.30750142943469,-9.171433980752358
53_Conceptos_y_Tecnicas_2_+PRA.txt.txt,17.624850423676037,22.26451519950818
54_Practica_Culinaria_1.txt.txt,-0.3732021649867668,7.814641998772287
50_Nutricion_Humana_+Lab.txt.txt,-6.850957785369344,-0.24450182040111623
182_Control_de_Produccion.txt.txt,0.9821109125813176,-0.3544023930792677
60_Coloquios_Gastr.txt.txt,5.21871437034322,-5.248834901675623
118_Fundamentos_de_las_Artes.txt.txt,1.2992173989154765,0.21408718150399203
106_Negociacion.txt.txt,-2.4935775566973972,2.07183324960925
164_Analisis_Funcional.txt.txt,2.3126110581986525,-4.490514611445759
153_Introduccion_a_Probabilidades.txt.txt,5.074842208745852,-8.14159825425565
91_Inclusion_y_Diversidad.txt.txt,-1.7258336772520877,-1.5859666639293981
117_Herramientas_Digitales_1.txt.txt,1.1526898107264145,0.4779899507247708
150_Variable_Compleja.txt.txt,7.383173456061743,-8.417599691629498
83_Ensenanza_de_Matematicas.txt.txt,10.610268364306245,26.03498598106846
165_Algebra_Abstracta_2.txt.txt,3.8416762766426955,-3.119378814887034
140_Arte_y_Educacion___Curaduria.txt.txt,-21.127815558744498,7.597319838032819
1_Escritura_Academica.txt.txt,-10.349888308895567,0.2646430560662289
15_Matematicas_Discretas.txt.txt,2.586079694383749,-3.236234457704899
115_Tributacion_y_Entorno_Legal.txt.txt,-3.566449665483796,4.626653139445821
2_Taller_de_Ing._Cs._Computacion.txt.txt,8.481454865792319,-6.620118950287779
93_Practica_4.txt.txt,0.7500364354931082,4.443602162896625
12_Ingles_Nivel_3.txt.txt,-1.0755871528142722,8.098445982975324
163_Geometria_Diferencial.txt.txt,9.758441665255734,-10.215477249375002
22_Algebra_Lineal_1_+Ej.txt.txt,8.122068326390623,-8.297149341057457
69_Administracion_de_Eventos.txt.txt,1.8287904609024055,-13.142631647551692
61_Alta_Cocina_Francesa.txt.txt,-1.537433924248616,9.430992985514521
123_Fundamentos_de_Escultura.txt.txt,-29.73039076831924,34.31394598909756
126_Arte_Contemporaneo.txt.txt,1.2654339554622571,0.7018914974727127
86_Bilingualism.txt.txt,-2.5774591777958595,8.891320256054483
180_Diseño_de_Produccion.txt.txt,-2.6077941785870804,0.5263955786852572
97_Principios_de_Marketing.txt.txt,1.3700661815182629,-0.18536414503856913
109_Investigacion_de_Mercados.txt.txt,-5.022603561808262,4.927188288999927
21_Programacion_de_Apps.txt.txt,6.082321869335418,-7.630414949651314
137_Matematicas_Cotidianas.txt.txt,1.8194021129914568,-0.01854572631167534
169_Improvisacion.txt.txt,-4.15797211898478,5.348295947795023
14_Programacion_Avanzada_en_C++.txt.txt,1.7741479364707617,0.2787306745886332
154_Fundamentos_de_Geometria.txt.txt,1.4583058890183875,2.2187348809833756
13_Ingles_Nivel_4.txt.txt,-3.31643544986855,4.473784155155455
43_Mineria_de_Datos.txt.txt,4.160452831659575,2.962516271300566
149_Teoria_de_Grupos.txt.txt,1.9585623397045637,-1.1474128034642943
142_Produccion_&_Exhibicion.txt.txt,-0.11696217584376807,2.908413306977215
152_Calculo_para_Ciencias_2.txt.txt,2.29789605270741,-0.5687182886261914
81_Practica_1.txt.txt,-3.8423779958245565,-4.212441779325632
57_Alta_Cocina_Ecuatoriana.txt.txt,-1.0500400160340673,7.747525493072306
16_Introduccion_a_la_Economia.txt.txt,-1.8826580130904553,0.9410079621462343
75_Planificacion_y_Evaluacion_1.txt.txt,-0.7943793887188798,10.983981713953813
8_Programacion_en_C++_+Ej.txt.txt,10.849628928973098,1.8621257943428509
68_Enologia_y_Cocteleria.txt.txt,-10.329945761858756,-0.5987448551138941
143_Programacion_Para_Diseño_1.txt.txt,1.3871990857433132,0.251571684065236
108_Economia_y_Negocios.txt.txt,-3.771920951405279,3.5398133313480162
98_Estadistica_Empresarial_+Lab.txt.txt,1.4627121810673982,-0.24672187902646878
82_Metodologias_de_Ensenanza.txt.txt,-2.1457408646783067,8.461656515637154
160_Ecuaciones_Diferenciales_Parciales.txt.txt,7.649222839435921,-9.605717375731036
48_Principios_de_Administracion.txt.txt,0.7015780601327006,-11.335614320315722
90_Practica_3.txt.txt,1.1201737996624732,4.798359654908667
52_Contabilidad_Empresarial.txt.txt,-0.1829883131711075,-2.5168355831713773
121_Dibujo_para_Arte_y_Diseno.txt.txt,1.3848844660926358,0.24236717523690562
76_Estadistica_para_CCSS.txt.txt,-0.37034346779030086,-11.588119833588982
45_Proyecto_Integrador_CMP.txt.txt,3.300359532752702,3.7314912455412372
131_Taller_de_Investigacion.txt.txt,1.2849512072790663,0.06725723865655178
84_Ensenanza_de_Ciencias_Sociales.txt.txt,-4.448099269405406,7.76373044090114
9_Calculo_Integral_+_Ej.txt.txt,2.0822906710718887,-0.7568146644650334
23_Fisica_para_Ingenieria_2_+Lab_Ej.txt.txt,2.742812254757472,-9.794315793957894
132_Enfasis_1.txt.txt,-4.265294943989491,1.348508067280296
107_Operaciones_+Lab.txt.txt,1.4830625740939827,-0.13826835302605578
145_Programacion_Para_Diseño_3.txt.txt,4.276423259670622,-2.7820010160471784
94_Zoologia_+Lab.txt.txt,3.326165835120471,-24.553830263561974
113_Negocios_Internacionales.txt.txt,-4.0566939352874964,4.0784556783096955
20_Ingles_Nivel_6.txt.txt,-1.9953255506379937,6.027041335671487
112_Gestion_del_Talento.txt.txt,5.255988402167093,-7.312942533792033
77_Neurociencia_y_Educacion.txt.txt,-7.009092079828625,6.266259428029131
166_Topologia_1.txt.txt,-1.0454899629423196,-2.468458234849224
95_Fisiologia_+Lab.txt.txt,85.68809448081419,43.711694255116576
134_Enfasis_2.txt.txt,1.196063313838182,0.7134301070097744
148_Calculo_para_Ciencias_1.txt.txt,2.255286546743148,-0.669658856721311
31_Organizacion_de_Computadores.txt.txt,2.4100375655685977,-14.07733952492947
46_Matematica_Empresarial_+Ej.txt.txt,1.6865108181530952,-0.28367435792838847
147_Modelado_3D_1.txt.txt,-4.792427997201651,4.609314986744147
114_Innovacion_y_Sustentabilidad.txt.txt,1.7614343833789758,0.50894750824574
39_Proyectos__Gerencia_y_Analisis.txt.txt,3.311015264011454,-3.8721494831789736
27_Estructuras_de_Datos.txt.txt,-0.27865479649656777,-0.6788194732104356
87_Practica_2.txt.txt,1.2598448521031906,4.52302907442405
174_Proyecto_final_en_Danza.txt.txt,-5.015523726493364,5.257914248542541
173_Performance.txt.txt,-5.639145499751516,6.083064507647877
96_Evolucion.txt.txt,-14.753915463567516,-7.556739691085394
41_Coloquios_ING.txt.txt,1.078689759380209,-4.420472836472716
59_Introduccion_al_Marketing_HSP.txt.txt,2.6597347059821383,-3.3354104299915783
111_Proyectos_Empresariales.txt.txt,1.3776404928052763,0.033049450913137234
157_Analisis_Numerico.txt.txt,2.203829815762302,-7.482262825438193
88_Ensenanza_de_Ciencias.txt.txt,-0.49291239743107695,-0.4976506811080866
104_Finanzas_Corporativas.txt.txt,-1.9032680282434047,-3.6761921040686674
156_Inferencia_Estadistica.txt.txt,0.554457491411078,-10.444523732239599
29_Teoria_de_la_Computacion.txt.txt,-2.8147909978684327,1.7261615905423424
73_Teorias_del_Aprendizaje.txt.txt,0.07571415853035425,5.820896383992396
168_Analisis_Real.txt.txt,7.562905633680245,-8.392688949633051
74_Desarrollo__Niño_y_Adolescente.txt.txt,-6.22461062009431,0.39304914095028864
92_Proyecto_Integrador_EDU.txt.txt,3.770071620555834,-3.256890501564232
38_Sistemas_Operativos.txt.txt,-5.08324038049546,-0.245694014321881
40_Practica_Pre-Profesional_PASEM.txt.txt,2.1979793986807015,-8.898208278328545
70_Gerencia_Financiera_HSP.txt.txt,-5.801642085567682,5.1664049462719825
172_Composicion.txt.txt,-5.1605317066208025,5.451579692990299
136_Laboratorio_de_Creacion_3.txt.txt,1.1046106931447282,0.3725317857727548
5_Cosmos.txt.txt,6.827978997357771,-10.938993824980207
122_Fotografia_1.txt.txt,-2.9485487795613006,3.551961257409279
128_Taller_de_Arte_1.txt.txt,2.035616142458309,0.7313825749603334
49_Panaderia.txt.txt,-7.401042560476472,6.523887391307883
144_Programacion_Para_Diseño_2.txt.txt,-1.94076061352143,0.6878558449654885
170_Danza_Moderna_2.txt.txt,-2.246599888314401,5.171985041295154
159_Combinatoria_y_Grafos.txt.txt,-1.7871786108423426,2.7448138341828274
103_Coloquios_adm.txt.txt,1.498984571761847,-0.05184904081899556
71_Identidad_Culinaria.txt.txt,-8.666750137388277,9.338904899783886
120_Laboratorio_de_Creacion_1.txt.txt,1.2776327834714079,0.17230438647948973
51_Introduccion_a_la_Hospitalidad.txt.txt,3.55636719784998,-11.737441354660644
175_Lenguaje_del_Cine.txt.txt,-4.797638466765197,4.671144242276968
19_Ingles_Nivel_5.txt.txt,-1.0383132071684185,0.7102545727888073
177_Cinematografia.txt.txt,-4.43893812161048,0.27666865096715326
133_Taller_de_Arte_2.txt.txt,1.3872457574739219,0.3672564100872745
6_Ingles_Nivel_1.txt.txt,-2.9453362243733525,3.755426551953488
179_Storytelling.txt.txt,-6.999657732473549,6.221078964900244
37_Redes_+Lab.txt.txt,-8.15299837493297,-0.5652427099967086
146_Juegos_y_Narrativa.txt.txt,-4.990040551865399,6.098467778064628
167_Topologia_2.txt.txt,4.871631790351744,-4.153484857925092
139_Taller_de_Arte_3.txt.txt,1.3394812452985239,0.29052447781847685
33_Diseño_de_Sistemas.txt.txt,-4.904928810276411,4.759317711532861
141_Temas_en_Comunicacion_y_Arte.txt.txt,1.3208323273069817,0.49777359857144754
124_Teoria_Critica_1__Arte_&_Media.txt.txt,1.3908654409516858,0.5636431821864091
158_Teoria_de_Numeros.txt.txt,7.758815551822241,-6.779473011869699
