original_column,0,1
184_Ergonomia.txt.txt,-6.5427470711120295,-6.939758495414896
105_Marketing_Digital.txt.txt,-0.6941826385677884,7.487112070664044
32_Emprendimiento.txt.txt,-5.794821450752618,6.991173830064587
185_Ingenieria_de_la_Calidad_+_Lab.txt.txt,1.5096526712615486,0.6103888058683888
24_Aprendizaje_y_Servicio_PASEC.txt.txt,-1.8580814616553734,1.5763938664876187
34_Inteligencia_Artificial.txt.txt,-2.5344392602318875,2.3774198317090542
3_Calculo_Diferencial_+_Ej.txt.txt,0.522440373954656,-3.226100306137202
11_Ser_y_Cosmos.txt.txt,-3.935065631411931,-2.7179101442700677
89_Ensenanza_Integrada_de_CITIAM.txt.txt,-0.06040871158027136,-2.691631191706643
155_Logica_y_Teoria_de_Conjuntos.txt.txt,-1.5127376317127126,-3.3812824797440024
26_Electronica_Basica_+Lab.txt.txt,-5.923405997054487,-5.148647227897102
7_Ingles_Nivel_2.txt.txt,4.3089577731374025,6.121421192581216
65_Alta_Cocina_Mundial.txt.txt,3.9411938246406217,3.986076217443366
110_Creatividad_Empresarial.txt.txt,0.2698950362065192,-28.320472348738086
101_Analisis_de_Datos.txt.txt,-4.442147441184978,2.990571431541703
63_Servicio_y_Protocolo.txt.txt,-2.2746985556699073,1.4221674131838353
161_Algebra_Lineal_2.txt.txt,-2.1596960115066333,0.7687842647044322
171_Barra_para_danza_contemporanea.txt.txt,-0.2850684518902325,0.12453031215943974
"183_Procesos,_Metodos_y_Estandares.txt.txt",-4.310801074035081,-3.467536791039963
129_Coloquios_ART.txt.txt,1.8919059324665708,0.7544034146935621
67_Innovacion_Culinaria.txt.txt,0.2633448874456621,-0.3196261301271984
116_Analisis_Estrategico_ADM.txt.txt,-14.92894787898816,7.328774905853846
10_Autoconocimiento.txt.txt,-6.134391711277977,-3.316962765799852
47_Conceptos_y_Tecnicas_1.txt.txt,1.8280698236208808,5.6798407844004215
35_Base_de_Datos.txt.txt,-4.70842312300103,-4.997951112384784
119_Composicion_Visual_1.txt.txt,1.4391964432363422,0.43703376990043075
79_Coloquios_EDU.txt.txt,2.479391338589086,0.23221322046859236
130_Arte_y_Contexto_Social.txt.txt,1.6569746325695665,0.3363348283945954
178_Sonido.txt.txt,-2.9124504613215625,-4.498117837039703
44_Aplicaciones_Distribuidas.txt.txt,-3.554347667984149,-7.397013301161737
62_Pasteleria.txt.txt,-4.98074408160648,-3.3376100989373803
151_Ecuaciones_Diferenciales.txt.txt,-2.0118623276021697,1.3185121110154325
18_Calculo_Vectorial.txt.txt,1.7764002678585757,-0.24321221255570302
125_Nuevos_Medios.txt.txt,-20.632627804427948,-6.260437698898939
100_Principios_de_Seguros.txt.txt,-13.875626498766184,-5.11982590324225
36_Aprendizaje_Automatico.txt.txt,-2.648542945079168,0.21156879429368933
72_Fundamentos_de_la_Educacion.txt.txt,-5.935641008094405,-3.9157254203634273
56_Carniceria.txt.txt,-5.363804337109377,-5.600739940199602
28_Probabilidad_y_Estadistica_+Ej.txt.txt,-3.137608436745374,-2.1895349728287186
58_Introduccion_a_la_Biologia_+Ej.txt.txt,-1.1164241589290451,11.310763120205404
102_Principios_de_Finanzas.txt.txt,1.4904645742314042,0.6277450392080798
181_Inv._de_Operaciones_1_+Lab.txt.txt,1.7693340300098532,0.9605444049338412
85_Arte_y_Educacion.txt.txt,-3.3394668242239076,-4.759181010610943
186_Sistemas_Lean.txt.txt,-3.9099927168771704,-5.410834179795396
25_Cultura_Gastronomica.txt.txt,1.1967917132745223,-2.763568377605933
4_Quimica_General_1_+Lab_Ej.txt.txt,-4.3709871682080115,-2.907146946291684
138_Enfasis_3.txt.txt,1.479565597184449,0.6807071057883494
55_Administracion_de_A_&_B.txt.txt,1.8496867375359787,15.994531501692425
64_Practica_Culinaria_2.txt.txt,6.530294054196376,9.47717184631457
42_Seguridad_Informatica.txt.txt,-11.660153079121786,4.4541964660286695
135_Gestion_y_Produccion_Cultural.txt.txt,1.7221709650628747,0.7146946556200933
162_Algebra_Abstracta_1.txt.txt,7.174456500078196,-16.8303718909287
99_Gerencia_de_Costos.txt.txt,1.5291862453699792,0.8431557000088026
17_Fisica_para_Ingenieria_1_+Lab_Ej.txt.txt,-1.0353760789450532,-6.2939123139122355
127_Laboratorio_de_Creacion_2.txt.txt,1.8388822051474263,0.7724559545309938
176_Lenguaje_Visual_y_Montaje.txt.txt,-4.231369727979193,-2.8871655620259897
78_Planificacion_y_Evaluacion_2.txt.txt,-3.745761578687869,8.325180882467873
80_Ensenanza_de_Lenguaje.txt.txt,2.0266431107801974,0.7268495577916937
66_Reposteria_y_Chocolateria.txt.txt,-0.5255561576860174,0.0111911268679235
30_Programacion_Avanzada_de_Apps.txt.txt,-1.9191494988810198,-3.1552931795538246
53_Conceptos_y_Tecnicas_2_+PRA.txt.txt,34.12994385620796,29.18377265310965
54_Practica_Culinaria_1.txt.txt,6.237734605812578,13.362003098840564
50_Nutricion_Humana_+Lab.txt.txt,-5.647264294226329,-5.797342204038177
182_Control_de_Produccion.txt.txt,1.3723488925062985,0.710587105217023
60_Coloquios_Gastr.txt.txt,3.9844723063480405,-0.8151085254757884
118_Fundamentos_de_las_Artes.txt.txt,1.6097292598689072,0.9716638568813039
106_Negociacion.txt.txt,-2.341054927674129,2.142196605486717
164_Analisis_Funcional.txt.txt,-4.3618600988993155,-1.042843587486917
153_Introduccion_a_Probabilidades.txt.txt,-1.5917185812753627,-3.088452347816512
91_Inclusion_y_Diversidad.txt.txt,-6.687408871976162,-7.122522820076715
117_Herramientas_Digitales_1.txt.txt,1.2577782072944337,0.3476724166963464
150_Variable_Compleja.txt.txt,15.855484135255553,-17.256641477739347
83_Ensenanza_de_Matematicas.txt.txt,5.635485607898484,-3.0983078865899576
165_Algebra_Abstracta_2.txt.txt,-2.5098699333274297,-3.1228652014589193
140_Arte_y_Educacion___Curaduria.txt.txt,1.5436339772306513,0.6702981090301148
1_Escritura_Academica.txt.txt,7.722747621432076,3.1576308908638118
15_Matematicas_Discretas.txt.txt,-5.598494358233741,-6.291664144234729
115_Tributacion_y_Entorno_Legal.txt.txt,-4.486303945372569,-4.876344084149674
2_Taller_de_Ing._Cs._Computacion.txt.txt,4.611956568451977,-1.4042263704766964
93_Practica_4.txt.txt,7.725601896359346,4.188330755671995
12_Ingles_Nivel_3.txt.txt,4.143126581301006,2.392588113213332
163_Geometria_Diferencial.txt.txt,-1.3259691061541434,-7.445499291074796
22_Algebra_Lineal_1_+Ej.txt.txt,1.6571895592514265,0.5314829731945028
69_Administracion_de_Eventos.txt.txt,-0.18992883329303736,5.296858801741428
61_Alta_Cocina_Francesa.txt.txt,5.086669596947656,10.946647116392073
123_Fundamentos_de_Escultura.txt.txt,1.5308639340233232,0.6194528535898773
126_Arte_Contemporaneo.txt.txt,1.743319980227418,0.5189100116687501
86_Bilingualism.txt.txt,-5.126873685429469,-3.384028553484584
180_Diseño_de_Produccion.txt.txt,-1.262671068963241,2.9925982975577137
97_Principios_de_Marketing.txt.txt,1.4488301580903014,1.229343800747888
109_Investigacion_de_Mercados.txt.txt,-1.81509293640896,13.802137190858334
21_Programacion_de_Apps.txt.txt,-6.170939965811852,-3.684280794134246
137_Matematicas_Cotidianas.txt.txt,1.7584734944608442,0.8516968217834261
169_Improvisacion.txt.txt,-3.528852219075673,-1.6321362340097116
14_Programacion_Avanzada_en_C++.txt.txt,2.0421429246757263,0.6905159654540882
154_Fundamentos_de_Geometria.txt.txt,0.9599106444218768,-1.397195580501467
13_Ingles_Nivel_4.txt.txt,30.859663818392654,-2.603295387996766
43_Mineria_de_Datos.txt.txt,4.014428177696232,18.230327598835345
149_Teoria_de_Grupos.txt.txt,-4.574192559798395,-7.8767181231279455
142_Produccion_&_Exhibicion.txt.txt,1.665120657514492,0.6485632720017358
152_Calculo_para_Ciencias_2.txt.txt,1.8016170001789735,0.46109759765593344
81_Practica_1.txt.txt,8.15388596367634,2.938075905779163
57_Alta_Cocina_Ecuatoriana.txt.txt,2.8945515092562473,8.61253134974481
16_Introduccion_a_la_Economia.txt.txt,17.977550038993577,-11.747389350582276
75_Planificacion_y_Evaluacion_1.txt.txt,-4.72112709731869,15.468702161133361
8_Programacion_en_C++_+Ej.txt.txt,1.5178243891741845,0.47417474671171744
68_Enologia_y_Cocteleria.txt.txt,-6.816008100674616,-9.13877445669029
143_Programacion_Para_Diseño_1.txt.txt,1.3414296060732809,0.6590086625682958
108_Economia_y_Negocios.txt.txt,-28.420959250709735,-25.88222345364208
98_Estadistica_Empresarial_+Lab.txt.txt,1.4981487490554244,0.7641386610632713
82_Metodologias_de_Ensenanza.txt.txt,-4.320953497746761,-2.9292174965675026
160_Ecuaciones_Diferenciales_Parciales.txt.txt,3.158150535032532,2.2355064863492466
48_Principios_de_Administracion.txt.txt,-8.021182358578402,4.5001685518354835
90_Practica_3.txt.txt,9.963537299802237,7.842393973481941
52_Contabilidad_Empresarial.txt.txt,-5.441555105978279,4.869096480112108
121_Dibujo_para_Arte_y_Diseno.txt.txt,1.5606839465077766,0.28649101433269575
76_Estadistica_para_CCSS.txt.txt,-1.5002832519951268,-4.578347577502571
45_Proyecto_Integrador_CMP.txt.txt,-0.356823410682802,0.7416071192108669
131_Taller_de_Investigacion.txt.txt,1.823810011236991,0.8008291713099536
84_Ensenanza_de_Ciencias_Sociales.txt.txt,-1.830856150456872,0.3819461112674313
9_Calculo_Integral_+_Ej.txt.txt,1.620135391783227,0.5340751417796451
23_Fisica_para_Ingenieria_2_+Lab_Ej.txt.txt,-3.140154810236328,-5.382349216092031
132_Enfasis_1.txt.txt,-13.774904945662346,7.77332669695204
107_Operaciones_+Lab.txt.txt,1.6469969187533668,0.9641404953938575
145_Programacion_Para_Diseño_3.txt.txt,-1.1996476262532119,-7.053395703566211
94_Zoologia_+Lab.txt.txt,-9.515188161489297,-14.07313747964833
113_Negocios_Internacionales.txt.txt,-2.8734144336466865,-1.7046872875200596
20_Ingles_Nivel_6.txt.txt,10.601068833368124,6.533648542973221
112_Gestion_del_Talento.txt.txt,-6.084732146109684,-1.8805239216242366
77_Neurociencia_y_Educacion.txt.txt,-5.821184052594904,-3.9260489303518065
166_Topologia_1.txt.txt,-4.189389956957698,-2.552552437965207
95_Fisiologia_+Lab.txt.txt,91.43292117177353,-34.3268234205744
134_Enfasis_2.txt.txt,1.536256810858948,0.9120883022857887
148_Calculo_para_Ciencias_1.txt.txt,1.826056469019952,0.22649270720716896
31_Organizacion_de_Computadores.txt.txt,-5.815038386042037,-7.789885549574581
46_Matematica_Empresarial_+Ej.txt.txt,1.6431024856609369,0.6207935405070776
147_Modelado_3D_1.txt.txt,-1.3352651232696238,-0.17070975871887725
114_Innovacion_y_Sustentabilidad.txt.txt,1.8439627764592295,0.08082430172452992
39_Proyectos__Gerencia_y_Analisis.txt.txt,-0.8283501875215585,7.827446689852132
27_Estructuras_de_Datos.txt.txt,-7.826083880135486,3.59434639099978
87_Practica_2.txt.txt,7.683744820886484,7.003224455372869
174_Proyecto_final_en_Danza.txt.txt,-1.8291906771277258,-1.4619183029782363
173_Performance.txt.txt,-0.6842751065604564,-5.583798899570965
96_Evolucion.txt.txt,8.7001682172415,56.166470153518176
41_Coloquios_ING.txt.txt,3.7659619808478655,-0.3689308672970462
59_Introduccion_al_Marketing_HSP.txt.txt,3.322263020491725,34.856520781958395
111_Proyectos_Empresariales.txt.txt,1.3663228426361735,0.7404567584653639
157_Analisis_Numerico.txt.txt,-0.023644869654452012,6.271490064457399
88_Ensenanza_de_Ciencias.txt.txt,-2.563913570331315,-3.577730237637216
104_Finanzas_Corporativas.txt.txt,-3.8957037494665183,-2.5137312465494177
156_Inferencia_Estadistica.txt.txt,-2.920216503680064,-4.751774873806988
29_Teoria_de_la_Computacion.txt.txt,5.550724445769636,-3.395762061826724
73_Teorias_del_Aprendizaje.txt.txt,-3.930502804641505,-5.659331242170316
168_Analisis_Real.txt.txt,1.3059084437909527,-0.43557966757850697
74_Desarrollo__Niño_y_Adolescente.txt.txt,-11.702933648332447,3.6444364626893746
92_Proyecto_Integrador_EDU.txt.txt,4.1823021183643165,-1.2413519881124482
38_Sistemas_Operativos.txt.txt,-4.079086772267087,-3.2952191451615698
40_Practica_Pre-Profesional_PASEM.txt.txt,4.355373021524581,4.0443332361431725
70_Gerencia_Financiera_HSP.txt.txt,-4.038575586372726,-0.16261859674814794
172_Composicion.txt.txt,-2.5146210724229614,-2.2494551728046623
136_Laboratorio_de_Creacion_3.txt.txt,1.6534301205186404,0.6966426121965926
5_Cosmos.txt.txt,-5.555590924101578,-7.468085133173422
122_Fotografia_1.txt.txt,-3.2185085744620148,-1.8717569002172456
128_Taller_de_Arte_1.txt.txt,2.4523032512904477,0.7537147552271999
49_Panaderia.txt.txt,-1.8130307137973691,-0.13105959349909185
144_Programacion_Para_Diseño_2.txt.txt,-2.7436177228409293,-3.41277857749961
170_Danza_Moderna_2.txt.txt,-0.980177781982017,0.7282831415412264
159_Combinatoria_y_Grafos.txt.txt,-4.712765025381541,-4.064220696458827
103_Coloquios_adm.txt.txt,1.8293757523717382,0.8612644805391018
71_Identidad_Culinaria.txt.txt,1.184104839070373,6.163650430561624
120_Laboratorio_de_Creacion_1.txt.txt,1.5966168596916428,0.9822180078586459
51_Introduccion_a_la_Hospitalidad.txt.txt,-3.8234507375107976,8.946744032266254
175_Lenguaje_del_Cine.txt.txt,-4.086247081995155,-3.87376742018212
19_Ingles_Nivel_5.txt.txt,9.392854971628115,8.58683782664758
177_Cinematografia.txt.txt,-0.7554907511664578,-1.0385907720011267
133_Taller_de_Arte_2.txt.txt,1.8198562444465316,0.6817082727737439
6_Ingles_Nivel_1.txt.txt,4.725890803394041,4.020146556565317
179_Storytelling.txt.txt,-2.456628975054379,1.01312144539839
37_Redes_+Lab.txt.txt,-5.357266482372967,-6.942065024115997
146_Juegos_y_Narrativa.txt.txt,-5.437463950580397,-5.73865294909589
167_Topologia_2.txt.txt,-1.079517302160987,-5.6911764645304475
139_Taller_de_Arte_3.txt.txt,1.6942815426941815,0.6936554011257469
33_Diseño_de_Sistemas.txt.txt,-3.10598016688779,-2.88213784054762
141_Temas_en_Comunicacion_y_Arte.txt.txt,1.6351535597066085,0.48946136192312445
124_Teoria_Critica_1__Arte_&_Media.txt.txt,1.5661620669805028,0.47849966324762383
158_Teoria_de_Numeros.txt.txt,0.6515105015010842,-6.080415271162213
